Partner Name,Model,CPU Series,Supported Releases,GPU Partner Name,GPU Device Model,VCF Supported. Confirm w/Vendor
"Advantech Corporation","ASMB-561","AMD EPYC 8004 Series","ESXi 9.0","-","-",""
"Advantech Corporation","ASMB-817T2","Intel Xeon Gold 6400/5400 (Sapphire-Rapids-SP) Series","ESXi 9.0","-","-",""
"Advantech Corporation","SKY-8260SV2","AMD EPYC 7003/7003X Series","ESXi 9.0","-","-",""
"Advantech Corporation","ASMB-830","AMD EPYC 7003/7003X Series","ESXi 9.0","-","-",""
"Advantech Corporation","ECU-579","Intel Xeon Gold 6200/5200 (Cascade-Lake-SP/Refresh) Series","ESXi 9.0","-","-",""
"AIC Inc.","HP202-KT","Intel Xeon Gold 6400/5400 (Sapphire-Rapids-SP) Series","ESXi 9.0","-","-",""
"AIC Inc.","HORKOS","Intel Xeon Gold 6400/5400 (Sapphire-Rapids-SP) Series","ESXi 9.0","-","-",""
"Aivres Systems Inc.","KR2180-E3-A0-R0-00","AMD EPYC 9005 Series","ESXi 9.0","-","-",""
"Aivres Systems Inc.","KR1180-E2-A0-R0-00","AMD EPYC 9004 Series","ESXi 9.0","-","-",""
"Aivres Systems Inc.","KR4266-X3-A0-R0-00","Intel Xeon 6500P/6700P (Granite Rapids-SP) Series","ESXi 9.0","-","-",""
"Aivres Systems Inc.","KR2280-E2-A0-R0-00","AMD EPYC 9004 Series","ESXi 9.0","-","-",""
"Aivres Systems Inc.","KM1270-X2-A0-R0-00","Intel Xeon Platinum 8400 (Sapphire-Rapids-SP) Series","ESXi 9.0","-","-",""
"Aivres Systems Inc.","KR2280-X2-A0-R0-00","Intel Xeon Platinum 8400 (Sapphire-Rapids-SP) Series","ESXi 9.0","-","-",""
"Aivres Systems Inc.","KR1270-X2-A0-R0-00","Intel Xeon Gold 6500/5500 (Emerald Rapids-SP) Series","ESXi 9.0","-","-",""
"Aivres Systems Inc.","KM1270-X2-A0-R0-00","Intel Xeon Platinum 8500 (Emerald Rapids-SP) Series","ESXi 9.0","-","-",""
"Aivres Systems Inc.","KR2166-E2-A0-R0-00","AMD EPYC 9004 Series","ESXi 9.0","-","-",""
"Aivres Systems Inc.","KR1280-X2-A0-R0-00","Intel Xeon Platinum 8500 (Emerald Rapids-SP) Series","ESXi 9.0","-","-",""
"Aivres Systems Inc.","KM2160-E3-A0-R0-00","AMD EPYC 9005 Series","ESXi 9.0","-","-",""
"Aivres Systems Inc.","KR2460-X2-A0-R0-00","Intel Xeon Gold 6400/5400 (Sapphire-Rapids-SP) Series","ESXi 9.0","-","-",""
"Aivres Systems Inc.","KM1160-E2-A0-R0-00","AMD EPYC 9004 Series","ESXi 9.0","-","-",""
"Aivres Systems Inc.","KR1280-X2-A0-R0-00","Intel Xeon Gold 6500/5500 (Emerald Rapids-SP) Series","ESXi 9.0","-","-",""
"Aivres Systems Inc.","KR1280-X3-C0-R0-00","Intel Xeon 6500P/6700P (Granite Rapids-SP) Series","ESXi 9.0","-","-",""
"Aivres Systems Inc.","KR4266-X2-A0-R0-00","Intel Xeon Platinum 8500 (Emerald Rapids-SP) Series","ESXi 9.0","-","-",""
"Aivres Systems Inc.","KR2280-X2-C0-R0-00","Intel Xeon Gold 6500/5500 (Emerald Rapids-SP) Series","ESXi 9.0","-","-",""
"Aivres Systems Inc.","KR2280-X2-A0-R0-00","Intel Xeon Silver 4500
 Bronze 3500 (Emerald Rapids-SP) Series","ESXi 9.0","-","-",""
"Aivres Systems Inc.","KR2280-X2-C0-R0-00","Intel Xeon Silver 4500
 Bronze 3500 (Emerald Rapids-SP) Series","ESXi 9.0","-","-",""
"Aivres Systems Inc.","KR4276-X2-A0-R0-00","Intel Xeon Platinum 8500 (Emerald Rapids-SP) Series","ESXi 9.0","-","-",""
"Aivres Systems Inc.","KR1280-X3-A0-R0-00","Intel Xeon 6500P/6700P (Granite Rapids-SP) Series","ESXi 9.0","-","-",""
"Aivres Systems Inc.","KR1280-X2-A0-R0-00","Intel Xeon Silver 4500
 Bronze 3500 (Emerald Rapids-SP) Series","ESXi 9.0","-","-",""
"Aivres Systems Inc.","KR4480-X2-A0-R0-00","Intel Xeon Platinum 8400 (Sapphire-Rapids-SP) Series","ESXi 9.0","-","-",""
"Aivres Systems Inc.","KR2280-X3-C0-R0-00","Intel Xeon 6500P/6700P (Granite Rapids-SP) Series","ESXi 9.0","-","-",""
"Aivres Systems Inc.","KR2460-X2-A0-R0-00","Intel Xeon Platinum 8400 (Sapphire-Rapids-SP) Series","ESXi 9.0","-","-",""
"Aivres Systems Inc.","KR1280-E3-A0-R0-00","AMD EPYC 9005 Series","ESXi 9.0","-","-",""
"Aivres Systems Inc.","KR2280-X2-A0-R0-00","Intel Xeon Gold 6400/5400 (Sapphire-Rapids-SP) Series","ESXi 9.0","-","-",""
"Aivres Systems Inc.","KR2180-E2-A0-R0-00","AMD EPYC 9004 Series","ESXi 9.0","-","-",""
"Aivres Systems Inc.","KR2280-X2-A0-R0-00","Intel Xeon Gold 6500/5500 (Emerald Rapids-SP) Series","ESXi 9.0","-","-",""
"Aivres Systems Inc.","KM1280-E2-A0-R0-00","AMD EPYC 9004 Series","ESXi 9.0","-","-",""
"Aivres Systems Inc.","KR1270-X2-A0-R0-00","Intel Xeon Gold 6400/5400 (Sapphire-Rapids-SP) Series","ESXi 9.0","-","-",""
"Aivres Systems Inc.","KR2280-X2-A0-R0-00","Intel Xeon Silver 4400
 Bronze 3400 (Sapphire-Rapids-SP) Series","ESXi 9.0","-","-",""
"Aivres Systems Inc.","KR2270-X2-A0-R0-00","Intel Xeon Gold 6400/5400 (Sapphire-Rapids-SP) Series","ESXi 9.0","-","-",""
"Aivres Systems Inc.","KR2280-X2-A0-R0-00","Intel Xeon Platinum 8500 (Emerald Rapids-SP) Series","ESXi 9.0","-","-",""
"Aivres Systems Inc.","KM2160-E2-A0-R0-00","AMD EPYC 9004 Series","ESXi 9.0","-","-",""
"Aivres Systems Inc.","KR1180-X3-A0-R0-00","Intel Xeon 6500P/6700P (Granite Rapids-SP) Series","ESXi 9.0","-","-",""
"Aivres Systems Inc.","KR1180-E3-A0-R0-00 ","AMD EPYC 9005 Series","ESXi 9.0","-","-",""
"Aivres Systems Inc.","KR1280-E2-A0-R0-00","AMD EPYC 9004 Series","ESXi 9.0","-","-",""
"Aivres Systems Inc.","KR2280-E3-A0-R0-00","AMD EPYC 9005 Series","ESXi 9.0","-","-",""
"Aivres Systems Inc.","KR1270-X2-A0-R0-00","Intel Xeon Silver 4500
 Bronze 3500 (Emerald Rapids-SP) Series","ESXi 9.0","-","-",""
"Aivres Systems Inc.","KR2280-X3-A0-R0-00","Intel Xeon 6500P/6700P (Granite Rapids-SP) Series","ESXi 9.0","-","-",""
"Aivres Systems Inc.","KR4480-X2-A0-R0-00","Intel Xeon Gold 6400/5400 (Sapphire-Rapids-SP) Series","ESXi 9.0","-","-",""
"Alibaba Cloud Computing Limited","AliServer-Taishan2.0-2U20SD2P","Intel Xeon Platinum 8300 (Ice-Lake-SP) Series","ESXi 9.0","-","-",""
"Alibaba Cloud Computing Limited","SA5212M5","Intel Xeon Gold 6200/5200 (Cascade-Lake-SP/Refresh) Series","ESXi 9.0","-","-",""
"Altos Computing Inc.","BrainSphere™ R360 F5","Intel Xeon Gold 6300/5300 (Ice-Lake-SP) Series ","ESXi 9.0","-","-",""
"Altos Computing Inc.","BrainSphere™ R380 F6","Intel Xeon Platinum 8400 (Sapphire-Rapids-SP) Series","ESXi 9.0","-","-",""
"Altos Computing Inc.","BrainSphere™ R380 F5","Intel Xeon Gold 6300/5300 (Ice-Lake-SP) Series ","ESXi 9.0","-","-",""
"Altos Computing Inc.","BrainSphere™ R365 F5","AMD EPYC 7003/7003X Series","ESXi 9.0","-","-",""
"Altos Computing Inc.","BrainSphere™ R360 F5","Intel Xeon Platinum 8300 (Ice-Lake-SP) Series","ESXi 9.0","-","-",""
"Altos Computing Inc.","BrainSphere™ R380 F7","Intel Xeon 6500P/6700P (Granite Rapids-SP) Series","ESXi 9.0","-","-",""
"Altos Computing Inc.","BrainSphere™ R385 F5","AMD EPYC 7003/7003X Series","ESXi 9.0","-","-",""
"Altos Computing Inc.","BrainSphere R380 F6","Intel Xeon Silver 4500
 Bronze 3500 (Emerald Rapids-SP) Series","ESXi 9.0","-","-",""
"Altos Computing Inc.","BrainSphere R380 F6","Intel Xeon Gold 6500/5500 (Emerald Rapids-SP) Series","ESXi 9.0","-","-",""
"Altos Computing Inc.","BrainSphere R380 F6","Intel Xeon Platinum 8500 (Emerald Rapids-SP) Series","ESXi 9.0","-","-",""
"Altos Computing Inc.","BrainSphere™ R380 F5","Intel Xeon Platinum 8300 (Ice-Lake-SP) Series","ESXi 9.0","-","-",""
"Altos Computing Inc.","BrainSphere™ R380 F5","Intel Xeon Silver 4300 (Ice-Lake-SP) Series","ESXi 9.0","-","-",""
"Altos Computing Inc.","BrainSphere™ R380 F6","Intel Xeon Silver 4400
 Bronze 3400 (Sapphire-Rapids-SP) Series","ESXi 9.0","-","-",""
"Altos Computing Inc.","BrainSphere™ R360 F5","Intel Xeon Silver 4300 (Ice-Lake-SP) Series","ESXi 9.0","-","-",""
"Altos Computing Inc.","BrainSphere™ R385 F6","AMD EPYC 9005 Series","ESXi 9.0","-","-",""
"Altos Computing Inc.","BrainSphere™ R380 F6","Intel Xeon Gold 6400/5400 (Sapphire-Rapids-SP) Series","ESXi 9.0","-","-",""
"Amazon Web Services","Amazon EC2 i7i.metal-24xl","Intel Xeon Platinum 8500 (Emerald Rapids-SP) Series","ESXi 9.0","-","-",""
"Amazon Web Services","Amazon EC2 i4i.metal","Intel Xeon Platinum 8300 (Ice-Lake-SP) Series","ESXi 9.0","-","-",""
"ASRock Rack Incorporation","GENOA2D16NQM3-NL","AMD EPYC 9004 Series","ESXi 9.0","-","-",""
"ASRock Rack Incorporation","GENOAD8QM3-NL","AMD EPYC 9004 Series","ESXi 9.0","-","-",""
"ASRock Rack Incorporation","TURIN2D24TM3-K/500W/1U1","AMD EPYC 9005 Series","ESXi 9.0","-","-",""
"ASRock Rack Incorporation","GENOAD12M3-2Q","AMD EPYC 9004 Series","ESXi 9.0","-","-",""
"ASRock Rack Incorporation","SP2C741D16NQM3-NL","Intel Xeon Platinum 8400 (Sapphire-Rapids-SP) Series","ESXi 9.0","-","-",""
"ASRock Rack Incorporation","BERGAMOD8-2L2T","AMD EPYC 9004 Series","ESXi 9.0","-","-",""
"ASRock Rack Incorporation","SPC741D16QM3-2L2Q","Intel Xeon Platinum 8500 (Emerald Rapids-SP) Series","ESXi 9.0","-","-",""
"ASRock Rack Incorporation","SP2C741D32TM3/1U1","Intel Xeon Platinum 8500 (Emerald Rapids-SP) Series","ESXi 9.0","-","-",""
"ASRock Rack Incorporation","TURIND12M3-2Q/500W","AMD EPYC 9005 Series","ESXi 9.0","-","-",""
"ASRock Rack Incorporation","RM23724-C622LM/22E","Intel Xeon Platinum 8200 (Cascade-Lake-SP) Series","ESXi 9.0","-","-",""
"ASRock Rack Incorporation","n3.xlarge.x86","Intel Xeon Gold 6300/5300 (Ice-Lake-SP) Series ","ESXi 9.0","-","-",""
"ASRock Rack Incorporation","2U24E-GENOA2","AMD EPYC 9004 Series","ESXi 9.0","-","-",""
"ASRock Rack Incorporation","2U24E-EGS2","Intel Xeon Platinum 8400 (Sapphire-Rapids-SP) Series","ESXi 9.0","-","-",""
"ASRock Rack Incorporation","SPC741D8QM3-NL","Intel Xeon Platinum 8400 (Sapphire-Rapids-SP) Series","ESXi 9.0","-","-",""
"ASRock Rack Incorporation","SPC741D8UD-2T/X550","Intel Xeon Platinum 8400 (Sapphire-Rapids-SP) Series","ESXi 9.0","-","-",""
"ASUSTek Computer Inc.","RS520A-E12-RS24U","AMD EPYC 9004 Series","ESXi 9.0","-","-",""
"ASUSTek Computer Inc.","RS720A-E13-RS24U","AMD EPYC 9005 Series","ESXi 9.0","-","-",""
"ASUSTek Computer Inc.","AE-SER1UES-A","Intel Xeon Gold 6400/5400 (Sapphire-Rapids-SP) Series","ESXi 9.0","-","-",""
"ASUSTek Computer Inc.","RS720-E12-RS8G","Intel Xeon 6500P/6700P (Granite Rapids-SP) Series","ESXi 9.0","-","-",""
"ASUSTek Computer Inc.","RS720Q-E11-RS8U","Intel Xeon Gold 6400/5400 (Sapphire-Rapids-SP) Series","ESXi 9.0","-","-",""
"ASUSTek Computer Inc.","RS700-E12-RS4U","Intel Xeon 6500P/6700P (Granite Rapids-SP) Series","ESXi 9.0","-","-",""
"ASUSTek Computer Inc.","RS720A-E12-RS12","AMD EPYC 9004 Series","ESXi 9.0","-","-",""
"ASUSTek Computer Inc.","ESC4000A-E10","AMD EPYC 7003/7003X Series","ESXi 9.0","-","-",""
"ASUSTek Computer Inc.","RS720-E10-RS12","Intel Xeon Gold 6300/5300 (Ice-Lake-SP) Series ","ESXi 9.0","-","-",""
"ASUSTek Computer Inc.","RS720-E12-RS24G","Intel Xeon 6500P/6700P (Granite Rapids-SP) Series","ESXi 9.0","-","-",""
"ASUSTek Computer Inc.","ESC4000-E10S","Intel Xeon Gold 6300/5300 (Ice-Lake-SP) Series ","ESXi 9.0","-","-",""
"ASUSTek Computer Inc.","RS520QA-E13-RS8U","AMD EPYC 9005 Series","ESXi 9.0","-","-",""
"ASUSTek Computer Inc.","ESC8000A-E11","AMD EPYC 7003/7003X Series","ESXi 9.0","-","-",""
"ASUSTek Computer Inc.","ESC8000A-E12","AMD EPYC 9004 Series","ESXi 9.0","-","-",""
"ASUSTek Computer Inc.","EG520-E11-RS6-F","Intel Xeon Gold 6500/5500 (Emerald Rapids-SP) Series","ESXi 9.0","-","-",""
"ASUSTek Computer Inc.","ICX610TR-G5","Intel Xeon Gold 6300/5300 (Ice-Lake-SP) Series ","ESXi 9.0","-","-",""
"ASUSTek Computer Inc.","RS720A-E13-RS24G","AMD EPYC 9005 Series","ESXi 9.0","-","-",""
"ASUSTek Computer Inc.","RS700-E10-RS4U","Intel Xeon Gold 6300/5300 (Ice-Lake-SP) Series ","ESXi 9.0","-","-",""
"ASUSTek Computer Inc.","ESC8000-E11","Intel Xeon Gold 6400/5400 (Sapphire-Rapids-SP) Series","ESXi 9.0","-","-",""
"ASUSTek Computer Inc.","ESC4000-E11","Intel Xeon Gold 6500/5500 (Emerald Rapids-SP) Series","ESXi 9.0","-","-",""
"ASUSTek Computer Inc.","EG500-E11-RS4-F","Intel Xeon Gold 6500/5500 (Emerald Rapids-SP) Series","ESXi 9.0","-","-",""
"ASUSTek Computer Inc.","RS700-E12-RS12U","Intel Xeon 6500P/6700P (Granite Rapids-SP) Series","ESXi 9.0","-","-",""
"ASUSTek Computer Inc.","RS720Q-E10-RS8U","Intel Xeon Gold 6300/5300 (Ice-Lake-SP) Series ","ESXi 9.0","-","-",""
"ASUSTek Computer Inc.","ESC4000-E11","Intel Xeon Gold 6400/5400 (Sapphire-Rapids-SP) Series","ESXi 9.0","-","-",""
"ASUSTek Computer Inc.","RS700-E11-RS12U","Intel Xeon Gold 6500/5500 (Emerald Rapids-SP) Series","ESXi 9.0","-","-",""
"ASUSTek Computer Inc.","ESC8000-E12P","Intel Xeon 6500P/6700P (Granite Rapids-SP) Series","ESXi 9.0","-","-",""
"ASUSTek Computer Inc.","EG500-E11-RS4-R","Intel Xeon Gold 6500/5500 (Emerald Rapids-SP) Series","ESXi 9.0","-","-",""
"ASUSTek Computer Inc.","RS700A-E11-RS4U","AMD EPYC 7003/7003X Series","ESXi 9.0","-","-",""
"ASUSTek Computer Inc.","RS720-E10-RS24U","Intel Xeon Gold 6300/5300 (Ice-Lake-SP) Series ","ESXi 9.0","-","-",""
"ASUSTek Computer Inc.","RS720A-E13-RS8U","AMD EPYC 9005 Series","ESXi 9.0","-","-",""
"ASUSTek Computer Inc.","ESC8000-E11P","Intel Xeon Platinum 8400 (Sapphire-Rapids-SP) Series","ESXi 9.0","-","-",""
"ASUSTek Computer Inc.","EG520-E11-RS10-R","Intel Xeon Gold 6500/5500 (Emerald Rapids-SP) Series","ESXi 9.0","-","-",""
"ASUSTek Computer Inc.","RS720-E11-RS12U","Intel Xeon Gold 6400/5400 (Sapphire-Rapids-SP) Series","ESXi 9.0","-","-",""
"ASUSTek Computer Inc.","RS720A-E11-RS24U","AMD EPYC 7003/7003X Series","ESXi 9.0","-","-",""
"ASUSTek Computer Inc.","EG520-E11-RS6-R","Intel Xeon Gold 6500/5500 (Emerald Rapids-SP) Series","ESXi 9.0","-","-",""
"ASUSTek Computer Inc.","RS720A-E12-RS24U","AMD EPYC 9004 Series","ESXi 9.0","-","-",""
"ASUSTek Computer Inc.","ESC8000A-E12P","AMD EPYC 9004 Series","ESXi 9.0","-","-",""
"ASUSTek Computer Inc.","RS720QA-E12-RS8U","AMD EPYC 9004 Series","ESXi 9.0","-","-",""
"ASUSTek Computer Inc.","RS700A-E13-RS4U","AMD EPYC 9005 Series","ESXi 9.0","-","-",""
"ASUSTek Computer Inc.","ESC4000-E10","Intel Xeon Platinum 8300 (Ice-Lake-SP) Series","ESXi 9.0","-","-",""
"ASUSTek Computer Inc.","RS700A-E12-RS12U","AMD EPYC 9004 Series","ESXi 9.0","-","-",""
"ASUSTek Computer Inc.","ESC4000A-E11","AMD EPYC 7003/7003X Series","ESXi 9.0","-","-",""
"ASUSTek Computer Inc.","RS500A-E11-RS4U","AMD EPYC 7003/7003X Series","ESXi 9.0","-","-",""
"ASUSTek Computer Inc.","ESC N8-E11","Intel Xeon Gold 6400/5400 (Sapphire-Rapids-SP) Series","ESXi 9.0","-","-",""
"ASUSTek Computer Inc.","RS720A-E11-RS12","AMD EPYC 7003/7003X Series","ESXi 9.0","-","-",""
"ASUSTek Computer Inc.","RS720A-E11-RS12E","AMD EPYC 7003/7003X Series","ESXi 9.0","-","-",""
"ASUSTek Computer Inc.","RS720-E10-RS12E","Intel Xeon Gold 6300/5300 (Ice-Lake-SP) Series ","ESXi 9.0","-","-",""
"ASUSTek Computer Inc.","RS700-E11-RS4U","Intel Xeon Gold 6500/5500 (Emerald Rapids-SP) Series","ESXi 9.0","-","-",""
"ASUSTek Computer Inc.","AE-SER2UES-A","Intel Xeon Gold 6400/5400 (Sapphire-Rapids-SP) Series","ESXi 9.0","-","-",""
"ASUSTek Computer Inc.","RS700-E10-RS12U","Intel Xeon Gold 6300/5300 (Ice-Lake-SP) Series ","ESXi 9.0","-","-",""
"ASUSTek Computer Inc.","RS720Q-E11-RS8U","Intel Xeon Gold 6500/5500 (Emerald Rapids-SP) Series","ESXi 9.0","-","-",""
"ASUSTek Computer Inc.","RS720-E11-RS24U","Intel Xeon Gold 6400/5400 (Sapphire-Rapids-SP) Series","ESXi 9.0","-","-",""
"ASUSTek Computer Inc.","RS700A-E11-RS12U","AMD EPYC 7003/7003X Series","ESXi 9.0","-","-",""
"ASUSTek Computer Inc.","RS500A-E12-RS12U","AMD EPYC 9004 Series","ESXi 9.0","-","-",""
"ASUSTek Computer Inc.","RS500A-E11-RS12U","AMD EPYC 7003/7003X Series","ESXi 9.0","-","-",""
"ASUSTek Computer Inc.","RS521A-E12-RS12U","AMD EPYC 9005 Series","ESXi 9.0","-","-",""
"ASUSTek Computer Inc.","RS720A-E13-RS12U","AMD EPYC 9005 Series","ESXi 9.0","-","-",""
"ASUSTek Computer Inc.","iC610DR-G6","Intel Xeon Gold 6400/5400 (Sapphire-Rapids-SP) Series","ESXi 9.0","-","-",""
"ASUSTek Computer Inc.","ICX610DR-G5","Intel Xeon Gold 6300/5300 (Ice-Lake-SP) Series ","ESXi 9.0","-","-",""
"ASUSTek Computer Inc.","RS500A-E12-RS4U","AMD EPYC 9004 Series","ESXi 9.0","-","-",""
"ASUSTek Computer Inc.","ESC8000-E11","Intel Xeon Gold 6500/5500 (Emerald Rapids-SP) Series","ESXi 9.0","-","-",""
"ASUSTek Computer Inc.","RS700-E11-RS12U","Intel Xeon Gold 6400/5400 (Sapphire-Rapids-SP) Series","ESXi 9.0","-","-",""
"ASUSTek Computer Inc.","RS720-E11-RS12U","Intel Xeon Gold 6500/5500 (Emerald Rapids-SP) Series","ESXi 9.0","-","-",""
"ASUSTek Computer Inc.","ESC8000-E11P","Intel Xeon Gold 6500/5500 (Emerald Rapids-SP) Series","ESXi 9.0","-","-",""
"ASUSTek Computer Inc.","RS720A-E13-RS8G","AMD EPYC 9005 Series","ESXi 9.0","-","-",""
"ASUSTek Computer Inc.","RS720-E11-RS24U","Intel Xeon Gold 6500/5500 (Emerald Rapids-SP) Series","ESXi 9.0","-","-",""
"ASUSTek Computer Inc.","RS520A-E12-RS12U","AMD EPYC 9004 Series","ESXi 9.0","-","-",""
"ASUSTek Computer Inc.","RS720-E12-RS12U","Intel Xeon 6500P/6700P (Granite Rapids-SP) Series","ESXi 9.0","-","-",""
"ASUSTek Computer Inc.","RS501A-E12-RS4","AMD EPYC 9005 Series","ESXi 9.0","-","-",""
"ASUSTek Computer Inc.","RS700-E11-RS4U","Intel Xeon Gold 6400/5400 (Sapphire-Rapids-SP) Series","ESXi 9.0","-","-",""
"ASUSTek Computer Inc.","RS520A-E11-RS24U","AMD EPYC 7003/7003X Series","ESXi 9.0","-","-",""
"ASUSTek Computer Inc.","RS700A-E13-RS12U","AMD EPYC 9005 Series","ESXi 9.0","-","-",""
"ASUSTek Computer Inc.","EG500-E11-RS2-R","Intel Xeon Gold 6500/5500 (Emerald Rapids-SP) Series","ESXi 9.0","-","-",""
"ASUSTek Computer Inc.","RS720A-E12-RS24","AMD EPYC 9004 Series","ESXi 9.0","-","-",""
"ASUSTek Computer Inc.","ESC8000A-E13P","AMD EPYC 9005 Series","ESXi 9.0","-","-",""
"ASUSTek Computer Inc.","RS501A-E12-RS12U","AMD EPYC 9005 Series","ESXi 9.0","-","-",""
"ASUSTek Computer Inc.","ESC4000A-E12","AMD EPYC 9004 Series","ESXi 9.0","-","-",""
"ASUSTek Computer Inc.","EG500-E11-RS2-F","Intel Xeon Gold 6500/5500 (Emerald Rapids-SP) Series","ESXi 9.0","-","-",""
"ASUSTek Computer Inc.","RS501A-E12-RS4U","AMD EPYC 9005 Series","ESXi 9.0","-","-",""
"ASUSTek Computer Inc.","ESC8000-E12","Intel Xeon 6500P/6700P (Granite Rapids-SP) Series","ESXi 9.0","-","-",""
"ASUSTek Computer Inc.","ESC8000A-E13","AMD EPYC 9005 Series","ESXi 9.0","-","-",""
"ASUSTek Computer Inc.","RS720-E12-RS24U","Intel Xeon 6500P/6700P (Granite Rapids-SP) Series","ESXi 9.0","-","-",""
"ASUSTek Computer Inc.","RS700A-E12-RS4U","AMD EPYC 9004 Series","ESXi 9.0","-","-",""
"ASUSTek Computer Inc.","RS521A-E12-RS24U","AMD EPYC 9005 Series","ESXi 9.0","-","-",""
"ASUSTek Computer Inc.","RS520A-E11-RS12U","AMD EPYC 7003/7003X Series","ESXi 9.0","-","-",""
"Bull SAS – Atos Group","BullSequana SH20","Intel Xeon Platinum 8400 (Sapphire-Rapids-SP) Series","ESXi 9.0","-","-",""
"Bull SAS – Atos Group","BullSequana S400","Intel Xeon Platinum 8200 (Cascade-Lake-SP) Series","ESXi 9.0","-","-",""
"Bull SAS – Atos Group","BullSequana SH20","Intel Xeon Silver 4500
 Bronze 3500 (Emerald Rapids-SP) Series","ESXi 9.0","-","-",""
"Bull SAS – Atos Group","BullSequana SH21","Intel Xeon 6500P/6700P (Granite Rapids-SP) Series","ESXi 9.0","-","-",""
"Bull SAS – Atos Group","BullSequana SA21Si","Intel Xeon Silver 4400
 Bronze 3400 (Sapphire-Rapids-SP) Series","ESXi 9.0","-","-",""
"Bull SAS – Atos Group","BullSequana SH40","Intel Xeon Platinum 8400 (Sapphire-Rapids-SP) Series","ESXi 9.0","-","-",""
"Bull SAS – Atos Group","BullSequana SA11Ea","AMD EPYC 9005 Series","ESXi 9.0","-","-",""
"Bull SAS – Atos Group","BullSequana S200","Intel Xeon Platinum 8200 (Cascade-Lake-SP) Series","ESXi 9.0","-","-",""
"Bull SAS – Atos Group","BullSequana SH20","Intel Xeon Gold 6400/5400 (Sapphire-Rapids-SP) Series","ESXi 9.0","-","-",""
"Bull SAS – Atos Group","BullSequana SH20","Intel Xeon Gold 6500/5500 (Emerald Rapids-SP) Series","ESXi 9.0","-","-",""
"Bull SAS – Atos Group","BullSequana SA21Sa","AMD EPYC 9004 Series","ESXi 9.0","-","-",""
"Bull SAS – Atos Group","BullSequana SA11Ea","AMD EPYC 9004 Series","ESXi 9.0","-","-",""
"Bull SAS – Atos Group","BullSequana SA20 NVMe","AMD EPYC 7003/7003X Series","ESXi 9.0","-","-",""
"Bull SAS – Atos Group","BullSequana SA11i","Intel Xeon Silver 4500
 Bronze 3500 (Emerald Rapids-SP) Series","ESXi 9.0","-","-",""
"Bull SAS – Atos Group","BullSequana S800","Intel Xeon Platinum 8200 (Cascade-Lake-SP) Series","ESXi 9.0","-","-",""
"Bull SAS – Atos Group","BullSequana SA21Si","Intel Xeon Platinum 8500 (Emerald Rapids-SP) Series","ESXi 9.0","-","-",""
"Bull SAS – Atos Group","BullSequana SA21i","Intel Xeon Silver 4400
 Bronze 3400 (Sapphire-Rapids-SP) Series","ESXi 9.0","-","-",""
"Bull SAS – Atos Group","BullSequana SA11i","Intel Xeon Platinum 8500 (Emerald Rapids-SP) Series","ESXi 9.0","-","-",""
"Bull SAS – Atos Group","BullSequana SA21a","AMD EPYC 9005 Series","ESXi 9.0","-","-",""
"Bull SAS – Atos Group","BullSequana SA11a","AMD EPYC 9004 Series","ESXi 9.0","-","-",""
"Bull SAS – Atos Group","BullSequana SA10 NVMe","AMD EPYC 7002/7Fx2/7Hx2 Series","ESXi 9.0","-","-",""
"Bull SAS – Atos Group","BullSequana SA10 NVMe","AMD EPYC 7003/7003X Series","ESXi 9.0","-","-",""
"Bull SAS – Atos Group","BullSequana SH20","Intel Xeon Platinum 8500 (Emerald Rapids-SP) Series","ESXi 9.0","-","-",""
"Bull SAS – Atos Group","BullSequana SA11a","AMD EPYC 9005 Series","ESXi 9.0","-","-",""
"Bull SAS – Atos Group","BullSequana SA21i","Intel Xeon Gold 6400/5400 (Sapphire-Rapids-SP) Series","ESXi 9.0","-","-",""
"Bull SAS – Atos Group","	BullSequana SH80","Intel Xeon Platinum 8400 (Sapphire-Rapids-SP) Series","ESXi 9.0","-","-",""
"Bull SAS – Atos Group","BullSequana SA10","AMD EPYC 7002/7Fx2/7Hx2 Series","ESXi 9.0","-","-",""
"Bull SAS – Atos Group","BullSequana SA11i","Intel Xeon Gold 6400/5400 (Sapphire-Rapids-SP) Series","ESXi 9.0","-","-",""
"Bull SAS – Atos Group","BullSequana SA21Ga","AMD EPYC 9004 Series","ESXi 9.0","-","-",""
"Bull SAS – Atos Group","BullSequana SA21i","Intel Xeon Platinum 8400 (Sapphire-Rapids-SP) Series","ESXi 9.0","-","-",""
"Bull SAS – Atos Group","BullSequana S200","Intel Xeon Gold 6200/5200 (Cascade-Lake-SP/Refresh) Series","ESXi 9.0","-","-",""
"Bull SAS – Atos Group","BullSequana SA10 EL","AMD EPYC 7002/7Fx2/7Hx2 Series","ESXi 9.0","-","-",""
"Bull SAS – Atos Group","BullSequana SA11i","Intel Xeon Silver 4400
 Bronze 3400 (Sapphire-Rapids-SP) Series","ESXi 9.0","-","-",""
"Bull SAS – Atos Group","BullSequana SA21i","Intel Xeon Silver 4500
 Bronze 3500 (Emerald Rapids-SP) Series","ESXi 9.0","-","-",""
"Bull SAS – Atos Group","BullSequana SH20","Intel Xeon Silver 4400
 Bronze 3400 (Sapphire-Rapids-SP) Series","ESXi 9.0","-","-",""
"Bull SAS – Atos Group","BullSequana SA21Si","Intel Xeon Platinum 8400 (Sapphire-Rapids-SP) Series","ESXi 9.0","-","-",""
"Bull SAS – Atos Group","BullSequana S600","Intel Xeon Platinum 8200 (Cascade-Lake-SP) Series","ESXi 9.0","-","-",""
"Bull SAS – Atos Group","BullSequana SA20 NVMe","AMD EPYC 7002/7Fx2/7Hx2 Series","ESXi 9.0","-","-",""
"Bull SAS – Atos Group","BullSequana SH40","Intel Xeon Gold 6400/5400 (Sapphire-Rapids-SP) Series","ESXi 9.0","-","-",""
"Bull SAS – Atos Group","BullSequana SA21Si","Intel Xeon Silver 4500
 Bronze 3500 (Emerald Rapids-SP) Series","ESXi 9.0","-","-",""
"Bull SAS – Atos Group","BullSequana SA21Si","Intel Xeon Gold 6400/5400 (Sapphire-Rapids-SP) Series","ESXi 9.0","-","-",""
"Bull SAS – Atos Group","BullSequana S200","Intel Xeon Silver 4200
 Bronze 3200 (Cascade-Lake-SP/Refresh) Series","ESXi 9.0","-","-",""
"Bull SAS – Atos Group","BullSequana S400","Intel Xeon Gold 6200/5200 (Cascade-Lake-SP/Refresh) Series","ESXi 9.0","-","-",""
"Bull SAS – Atos Group","BullSequana SA21i","Intel Xeon Platinum 8500 (Emerald Rapids-SP) Series","ESXi 9.0","-","-",""
"Bull SAS – Atos Group","BullSequana SA21Si","Intel Xeon Gold 6500/5500 (Emerald Rapids-SP) Series","ESXi 9.0","-","-",""
"Bull SAS – Atos Group","BullSequana SA21i","Intel Xeon Gold 6500/5500 (Emerald Rapids-SP) Series","ESXi 9.0","-","-",""
"Bull SAS – Atos Group","BullSequana SA11i","Intel Xeon Platinum 8400 (Sapphire-Rapids-SP) Series","ESXi 9.0","-","-",""
"Bull SAS – Atos Group","BullSequana SA20","AMD EPYC 7003/7003X Series","ESXi 9.0","-","-",""
"Bull SAS – Atos Group","BullSequana SA11i","Intel Xeon Gold 6500/5500 (Emerald Rapids-SP) Series","ESXi 9.0","-","-",""
"Bull SAS – Atos Group","BullSequana SA21a","AMD EPYC 9004 Series","ESXi 9.0","-","-",""
"Bull SAS – Atos Group","BullSequana SA21Ga","AMD EPYC 9005 Series","ESXi 9.0","-","-",""
"Cisco","Cisco UCS-C220-M5S","Intel Xeon Platinum 8200 (Cascade-Lake-SP) Series","ESXi 9.0","-","-",""
"Cisco","Cisco UCS C220 M7N","Intel Xeon Platinum 8400 (Sapphire-Rapids-SP) Series","ESXi 9.0","-","-",""
"Cisco","Cisco UCS-C240-M5L","Intel Xeon Platinum 8200 (Cascade-Lake-SP) Series","ESXi 9.0","-","-",""
"Cisco","UCSC-C220-M7S","Intel Xeon Gold 6400/5400 (Sapphire-Rapids-SP) Series","ESXi 9.0","-","-",""
"Cisco","Cisco UCS C220 M7S","Intel Xeon Silver 4500
 Bronze 3500 (Emerald Rapids-SP) Series","ESXi 9.0","-","-",""
"Cisco","Cisco UCS-C220-M5SN","Intel Xeon Gold 6200/5200 (Cascade-Lake-SP/Refresh) Series","ESXi 9.0","-","-",""
"Cisco","UCSC-C225-M8N","AMD EPYC 9004 Series","ESXi 9.0","-","-",""
"Cisco","Cisco UCSX-410C-M7","Intel Xeon Silver 4400
 Bronze 3400 (Sapphire-Rapids-SP) Series","ESXi 9.0","-","-",""
"Cisco","HX-E-220M5SX","Intel Xeon Silver 4200
 Bronze 3200 (Cascade-Lake-SP/Refresh) Series","ESXi 9.0","-","-",""
"Cisco","UCSC-C220-M7S","Intel Xeon Platinum 8400 (Sapphire-Rapids-SP) Series","ESXi 9.0","-","-",""
"Cisco","Cisco UCSC-C225-M8S","AMD EPYC 9005 Series","ESXi 9.0","-","-",""
"Cisco","Cisco UCS-C220-M5S","Intel Xeon Silver 4200
 Bronze 3200 (Cascade-Lake-SP/Refresh) Series","ESXi 9.0","-","-",""
"Cisco","Cisco UCS-C225-M6N","AMD EPYC 7003/7003X Series","ESXi 9.0","-","-",""
"Cisco","UCSC-C240-M7SN","Intel Xeon Platinum 8400 (Sapphire-Rapids-SP) Series","ESXi 9.0","-","-",""
"Cisco","HXAF240C-M5SD","Intel Xeon Silver 4200
 Bronze 3200 (Cascade-Lake-SP/Refresh) Series","ESXi 9.0","-","-",""
"Cisco","Cisco UCS-C220-M6S","Intel Xeon Gold 6300/5300 (Ice-Lake-SP) Series ","ESXi 9.0","-","-",""
"Cisco","Cisco UCS-C240-M6L","Intel Xeon Gold 6300/5300 (Ice-Lake-SP) Series ","ESXi 9.0","-","-",""
"Cisco","HX240C-M5L","Intel Xeon Silver 4200
 Bronze 3200 (Cascade-Lake-SP/Refresh) Series","ESXi 9.0","-","-",""
"Cisco","UCSC-C240-M7SN","Intel Xeon Silver 4400
 Bronze 3400 (Sapphire-Rapids-SP) Series","ESXi 9.0","-","-",""
"Cisco","Cisco UCS-C240-M6SX","Intel Xeon Gold 6300/5300 (Ice-Lake-SP) Series ","ESXi 9.0","-","-",""
"Cisco","HX240C-M5SD","Intel Xeon Platinum 8200 (Cascade-Lake-SP) Series","ESXi 9.0","-","-",""
"Cisco","HX240C-M5SX","Intel Xeon Silver 4200
 Bronze 3200 (Cascade-Lake-SP/Refresh) Series","ESXi 9.0","-","-",""
"Cisco","Cisco UCS C240 M7SX","Intel Xeon Gold 6500/5500 (Emerald Rapids-SP) Series","ESXi 9.0","-","-",""
"Cisco","HX-E-220M6S","Intel Xeon Gold 6300/5300 (Ice-Lake-SP) Series ","ESXi 9.0","-","-",""
"Cisco","Cisco UCS C125","AMD EPYC 7002/7Fx2/7Hx2 Series","ESXi 9.0","-","-",""
"Cisco","Cisco UCS-C225-M6S","AMD EPYC 7003/7003X Series","ESXi 9.0","-","-",""
"Cisco","HX240C-M5L","Intel Xeon Platinum 8200 (Cascade-Lake-SP) Series","ESXi 9.0","-","-",""
"Cisco","Cisco UCS C220 M7N","Intel Xeon Gold 6400/5400 (Sapphire-Rapids-SP) Series","ESXi 9.0","-","-",""
"Cisco","Cisco UCS C220 M7N","Intel Xeon Silver 4400
 Bronze 3400 (Sapphire-Rapids-SP) Series","ESXi 9.0","-","-",""
"Cisco","HXAF-E-220M6S","Intel Xeon Gold 6300/5300 (Ice-Lake-SP) Series ","ESXi 9.0","-","-",""
"Cisco"," Cisco UCSC-C240-M8L","Intel Xeon 6500P/6700P (Granite Rapids-SP) Series","ESXi 9.0","-","-",""
"Cisco","HXAF240C-M5SD","Intel Xeon Platinum 8200 (Cascade-Lake-SP) Series","ESXi 9.0","-","-",""
"Cisco","HCIXVS215C-M8SN","AMD EPYC 9004 Series","ESXi 9.0","-","-",""
"Cisco","HXAF220c-M5SN","Intel Xeon Gold 6200/5200 (Cascade-Lake-SP/Refresh) Series","ESXi 9.0","-","-",""
"Cisco","Cisco UCS C220 M7N","Intel Xeon Silver 4500
 Bronze 3500 (Emerald Rapids-SP) Series","ESXi 9.0","-","-",""
"Cisco","UCS-C220-M6N","Intel Xeon Silver 4300 (Ice-Lake-SP) Series","ESXi 9.0","-","-",""
"Cisco","UCSC-C240-M7SN","Intel Xeon Silver 4500
 Bronze 3500 (Emerald Rapids-SP) Series","ESXi 9.0","-","-",""
"Cisco","Cisco UCS-C240-M5SN","Intel Xeon Gold 6200/5200 (Cascade-Lake-SP/Refresh) Series","ESXi 9.0","-","-",""
"Cisco","Cisco UCS-C240-M6N","Intel Xeon Gold 6300/5300 (Ice-Lake-SP) Series ","ESXi 9.0","-","-",""
"Cisco","Cisco UCS-C220-M6N","Intel Xeon Platinum 8300 (Ice-Lake-SP) Series","ESXi 9.0","-","-",""
"Cisco","Cisco UCS C240 M7SN","Intel Xeon Gold 6400/5400 (Sapphire-Rapids-SP) Series","ESXi 9.0","-","-",""
"Cisco","Cisco UCS-C240-M6SN","Intel Xeon Gold 6300/5300 (Ice-Lake-SP) Series ","ESXi 9.0","-","-",""
"Cisco","Cisco UCSC-C220-M8E3S","Intel Xeon 6500P/6700P (Granite Rapids-SP) Series","ESXi 9.0","-","-",""
"Cisco","UCSX-210C-M8","Intel Xeon 6500P/6700P (Granite Rapids-SP) Series","ESXi 9.0","-","-",""
"Cisco","Cisco UCS B200 M6","Intel Xeon Gold 6300/5300 (Ice-Lake-SP) Series ","ESXi 9.0","-","-",""
"Cisco","Cisco UCSC-C240-M8E3S","Intel Xeon 6500P/6700P (Granite Rapids-SP) Series","ESXi 9.0","NVIDIA","RTX PRO 6000 Blackwell Server Edition
H200 NVL",""
"Cisco","UCSX-210C-M7","Intel Xeon Silver 4400
 Bronze 3400 (Sapphire-Rapids-SP) Series","ESXi 9.0","-","-",""
"Cisco","HXAF220C-M6S","Intel Xeon Platinum 8300 (Ice-Lake-SP) Series","ESXi 9.0","-","-",""
"Cisco","Cisco UCS C240 M5S","Intel Xeon Silver 4200
 Bronze 3200 (Cascade-Lake-SP/Refresh) Series","ESXi 9.0","-","-",""
"Cisco","Cisco UCS-C240-M5","Intel Xeon Gold 6200/5200 (Cascade-Lake-SP/Refresh) Series","ESXi 9.0","-","-",""
"Cisco","HX-E-220M5SX","Intel Xeon Platinum 8200 (Cascade-Lake-SP) Series","ESXi 9.0","-","-",""
"Cisco","Cisco UCS C240 M5 SD","Intel Xeon Platinum 8200 (Cascade-Lake-SP) Series","ESXi 9.0","-","-",""
"Cisco","Cisco UCS C240 M7SN","Intel Xeon Gold 6500/5500 (Emerald Rapids-SP) Series","ESXi 9.0","-","-",""
"Cisco","HXAF-E-240-M6SX","Intel Xeon Gold 6300/5300 (Ice-Lake-SP) Series ","ESXi 9.0","-","-",""
"Cisco","UCSX-210C-M7","Intel Xeon Silver 4500
 Bronze 3500 (Emerald Rapids-SP) Series","ESXi 9.0","-","-",""
"Cisco","Cisco UCSC-C225-M8S","AMD EPYC 9004 Series","ESXi 9.0","-","-",""
"Cisco","Cisco UCS C480 M5 ML","Intel Xeon Platinum 8200 (Cascade-Lake-SP) Series","ESXi 9.0","-","-",""
"Cisco","Cisco UCS B200 M5","Intel Xeon Silver 4200
 Bronze 3200 (Cascade-Lake-SP/Refresh) Series","ESXi 9.0","-","-",""
"Cisco","UCSC-C240-M7SN","Intel Xeon Gold 6500/5500 (Emerald Rapids-SP) Series","ESXi 9.0","-","-",""
"Cisco","Cisco UCS-C240-M6N","Intel Xeon Platinum 8300 (Ice-Lake-SP) Series","ESXi 9.0","-","-",""
"Cisco","HX240C-M6SX","Intel Xeon Platinum 8300 (Ice-Lake-SP) Series","ESXi 9.0","-","-",""
"Cisco","HXAF220C-M5SX","Intel Xeon Platinum 8200 (Cascade-Lake-SP) Series","ESXi 9.0","-","-",""
"Cisco","HXAF-E-220M5SX","Intel Xeon Gold 6200/5200 (Cascade-Lake-SP/Refresh) Series","ESXi 9.0","-","-",""
"Cisco","Cisco UCS-C220-M6N","Intel Xeon Gold 6300/5300 (Ice-Lake-SP) Series ","ESXi 9.0","-","-",""
"Cisco","HXAF-E-220M6S","Intel Xeon Platinum 8300 (Ice-Lake-SP) Series","ESXi 9.0","-","-",""
"Cisco","HX240C-M5SD","Intel Xeon Silver 4200
 Bronze 3200 (Cascade-Lake-SP/Refresh) Series","ESXi 9.0","-","-",""
"Cisco","Cisco UCSC-C225-M8N","AMD EPYC 9005 Series","ESXi 9.0","-","-",""
"Cisco","Cisco UCS-C240-M5SN","Intel Xeon Platinum 8200 (Cascade-Lake-SP) Series","ESXi 9.0","-","-",""
"Cisco","Cisco UCSX-410C-M7","Intel Xeon Platinum 8400 (Sapphire-Rapids-SP) Series","ESXi 9.0","-","-",""
"Cisco","Cisco UCS-C245-M6SX","AMD EPYC 7002/7Fx2/7Hx2 Series","ESXi 9.0","-","-",""
"Cisco","HCIVS240C-M8SN","Intel Xeon 6500P/6700P (Granite Rapids-SP) Series","ESXi 9.0","-","-",""
"Cisco","Cisco UCS C220 M7N","Intel Xeon Gold 6500/5500 (Emerald Rapids-SP) Series","ESXi 9.0","-","-",""
"Cisco","HX220C-M5SX","Intel Xeon Gold 6200/5200 (Cascade-Lake-SP/Refresh) Series","ESXi 9.0","-","-",""
"Cisco","Cisco UCS B480 M5","Intel Xeon Platinum 8200 (Cascade-Lake-SP) Series","ESXi 9.0","-","-",""
"Cisco","HXAF220C-M6SN","Intel Xeon Platinum 8300 (Ice-Lake-SP) Series","ESXi 9.0","-","-",""
"Cisco","HXAF220C-M5SX","Intel Xeon Gold 6200/5200 (Cascade-Lake-SP/Refresh) Series","ESXi 9.0","-","-",""
"Cisco","HCIVS220C-M8E3S","Intel Xeon 6500P/6700P (Granite Rapids-SP) Series","ESXi 9.0","-","-",""
"Cisco","HXAF240C-M6SX","Intel Xeon Gold 6300/5300 (Ice-Lake-SP) Series ","ESXi 9.0","-","-",""
"Cisco","HX220C-M6S","Intel Xeon Gold 6300/5300 (Ice-Lake-SP) Series ","ESXi 9.0","-","-",""
"Cisco","Cisco UCSC-C245-M8SX","AMD EPYC 9004 Series","ESXi 9.0","-","-",""
"Cisco","UCSX-215C-M8","AMD EPYC 9004 Series","ESXi 9.0","-","-",""
"Cisco","Cisco UCS-C220-M5SX","Intel Xeon Platinum 8200 (Cascade-Lake-SP) Series","ESXi 9.0","-","-",""
"Cisco","Cisco UCS-C240-M5","Intel Xeon Silver 4200
 Bronze 3200 (Cascade-Lake-SP/Refresh) Series","ESXi 9.0","-","-",""
"Cisco","UCSX-210C-M6","Intel Xeon Gold 6300/5300 (Ice-Lake-SP) Series ","ESXi 9.0","-","-",""
"Cisco","HCIVS225C-M8SN","AMD EPYC 9004 Series","ESXi 9.0","-","-",""
"Cisco","HXAF-E-220M5SX","Intel Xeon Platinum 8200 (Cascade-Lake-SP) Series","ESXi 9.0","-","-",""
"Cisco","UCSC-C240-M7SX","Intel Xeon Silver 4400
 Bronze 3400 (Sapphire-Rapids-SP) Series","ESXi 9.0","-","-",""
"Cisco","Cisco UCS C220 M7N","Intel Xeon Platinum 8500 (Emerald Rapids-SP) Series","ESXi 9.0","-","-",""
"Cisco","HX-E-240-M6SX","Intel Xeon Gold 6300/5300 (Ice-Lake-SP) Series ","ESXi 9.0","-","-",""
"Cisco","Cisco UCS C220 M5L","Intel Xeon Silver 4200
 Bronze 3200 (Cascade-Lake-SP/Refresh) Series","ESXi 9.0","-","-",""
"Cisco","Cisco UCS-C240-M6L","Intel Xeon Platinum 8300 (Ice-Lake-SP) Series","ESXi 9.0","-","-",""
"Cisco","Cisco UCS C220 M5L","Intel Xeon Gold 6200/5200 (Cascade-Lake-SP/Refresh) Series","ESXi 9.0","-","-",""
"Cisco","HX220C-M6S","Intel Xeon Platinum 8300 (Ice-Lake-SP) Series","ESXi 9.0","-","-",""
"Cisco","HX240C-M5SX","Intel Xeon Gold 6200/5200 (Cascade-Lake-SP/Refresh) Series","ESXi 9.0","-","-",""
"Cisco","Cisco UCS C480 M5","Intel Xeon Gold 6200/5200 (Cascade-Lake-SP/Refresh) Series","ESXi 9.0","-","-",""
"Cisco","Cisco UCS-C220-M5S","Intel Xeon Gold 6200/5200 (Cascade-Lake-SP/Refresh) Series","ESXi 9.0","-","-",""
"Cisco","Cisco UCS-C240-M5SX","Intel Xeon Gold 6200/5200 (Cascade-Lake-SP/Refresh) Series","ESXi 9.0","-","-",""
"Cisco","Cisco UCS-C220-M5","Intel Xeon Gold 6200/5200 (Cascade-Lake-SP/Refresh) Series","ESXi 9.0","-","-",""
"Cisco","HXAF240C-M5SX","Intel Xeon Gold 6200/5200 (Cascade-Lake-SP/Refresh) Series","ESXi 9.0","-","-",""
"Cisco","UCSC-C240-M7SN","Intel Xeon Gold 6400/5400 (Sapphire-Rapids-SP) Series","ESXi 9.0","-","-",""
"Cisco","Cisco CAI-845A-M8","AMD EPYC 9005 Series","ESXi 9.0","NVIDIA


","H100 NVL


",""
"Cisco","Cisco UCS B480 M5","Intel Xeon Gold 6200/5200 (Cascade-Lake-SP/Refresh) Series","ESXi 9.0","-","-",""
"Cisco","Cisco UCS C480 M5","Intel Xeon Silver 4200
 Bronze 3200 (Cascade-Lake-SP/Refresh) Series","ESXi 9.0","-","-",""
"Cisco","Cisco UCS-C220-M5SN","Intel Xeon Silver 4200
 Bronze 3200 (Cascade-Lake-SP/Refresh) Series","ESXi 9.0","-","-",""
"Cisco","HCIVS225C-M8SN","AMD EPYC 9005 Series","ESXi 9.0","-","-",""
"Cisco","Cisco UCSC-885A-M8","AMD EPYC 9005 Series","ESXi 9.0","-","-",""
"Cisco","Cisco UCS C480 M5 ML","Intel Xeon Silver 4200
 Bronze 3200 (Cascade-Lake-SP/Refresh) Series","ESXi 9.0","-","-",""
"Cisco","HX240C-M5SD","Intel Xeon Gold 6200/5200 (Cascade-Lake-SP/Refresh) Series","ESXi 9.0","-","-",""
"Cisco","Cisco UCSX-410C-M7","Intel Xeon Gold 6400/5400 (Sapphire-Rapids-SP) Series","ESXi 9.0","-","-",""
"Cisco","Cisco UCS-C240-M5L","Intel Xeon Silver 4200
 Bronze 3200 (Cascade-Lake-SP/Refresh) Series","ESXi 9.0","-","-",""
"Cisco","HX240C-M6SX","Intel Xeon Gold 6300/5300 (Ice-Lake-SP) Series ","ESXi 9.0","-","-",""
"Cisco","Cisco UCS-C240-M5SX","Intel Xeon Platinum 8200 (Cascade-Lake-SP) Series","ESXi 9.0","-","-",""
"Cisco","Cisco UCS-C240-M5SN","Intel Xeon Silver 4200
 Bronze 3200 (Cascade-Lake-SP/Refresh) Series","ESXi 9.0","-","-",""
"Cisco","Cisco UCS C240 M5 SD","Intel Xeon Gold 6200/5200 (Cascade-Lake-SP/Refresh) Series","ESXi 9.0","-","-",""
"Cisco","Cisco UCS-C220-M5SX","Intel Xeon Silver 4200
 Bronze 3200 (Cascade-Lake-SP/Refresh) Series","ESXi 9.0","-","-",""
"Cisco","HXAF220c-M5SN","Intel Xeon Platinum 8200 (Cascade-Lake-SP) Series","ESXi 9.0","-","-",""
"Cisco","UCSC-C220-M7S","Intel Xeon Silver 4400
 Bronze 3400 (Sapphire-Rapids-SP) Series","ESXi 9.0","-","-",""
"Cisco","Cisco UCS C240 M7SN","Intel Xeon Silver 4400
 Bronze 3400 (Sapphire-Rapids-SP) Series","ESXi 9.0","-","-",""
"Cisco","HX-E-220M5SX","Intel Xeon Gold 6200/5200 (Cascade-Lake-SP/Refresh) Series","ESXi 9.0","-","-",""
"Cisco","HXAF-E-220M5SX","Intel Xeon Silver 4200
 Bronze 3200 (Cascade-Lake-SP/Refresh) Series","ESXi 9.0","-","-",""
"Cisco","UCS C220 M5L","Intel Xeon Platinum 8200 (Cascade-Lake-SP) Series","ESXi 9.0","-","-",""
"Cisco","Cisco UCS C240 M7SX","Intel Xeon Platinum 8500 (Emerald Rapids-SP) Series","ESXi 9.0","-","-",""
"Cisco","UCS-C240-M6N","Intel Xeon Silver 4300 (Ice-Lake-SP) Series","ESXi 9.0","-","-",""
"Cisco","HXAF220c-M5SN","Intel Xeon Silver 4200
 Bronze 3200 (Cascade-Lake-SP/Refresh) Series","ESXi 9.0","-","-",""
"Cisco","UCSX-210C-M7","Intel Xeon Platinum 8500 (Emerald Rapids-SP) Series","ESXi 9.0","-","-",""
"Cisco","UCSC-C240-M7SX","Intel Xeon Platinum 8400 (Sapphire-Rapids-SP) Series","ESXi 9.0","-","-",""
"Cisco","HXAF240C-M6SN","Intel Xeon Platinum 8300 (Ice-Lake-SP) Series","ESXi 9.0","-","-",""
"Cisco","Cisco UCS S3260 M5","Intel Xeon Gold 6200/5200 (Cascade-Lake-SP/Refresh) Series","ESXi 9.0","-","-",""
"Cisco","HCIVS245C-M8SN","AMD EPYC 9004 Series","ESXi 9.0","-","-",""
"Cisco","HXAF220C-M6SN","Intel Xeon Gold 6300/5300 (Ice-Lake-SP) Series ","ESXi 9.0","-","-",""
"Cisco","HX-E-220M6S","Intel Xeon Platinum 8300 (Ice-Lake-SP) Series","ESXi 9.0","-","-",""
"Cisco","Cisco UCS-C240-M6S","Intel Xeon Platinum 8300 (Ice-Lake-SP) Series","ESXi 9.0","-","-",""
"Cisco","Cisco UCS C240 M7SN","Intel Xeon Platinum 8500 (Emerald Rapids-SP) Series","ESXi 9.0","-","-",""
"Cisco","Cisco UCS C240 M5S","Intel Xeon Platinum 8200 (Cascade-Lake-SP) Series","ESXi 9.0","-","-",""
"Cisco","Cisco UCS C220 M7S","Intel Xeon Gold 6500/5500 (Emerald Rapids-SP) Series","ESXi 9.0","-","-",""
"Cisco","HX-E-240-M6SX","Intel Xeon Platinum 8300 (Ice-Lake-SP) Series","ESXi 9.0","-","-",""
"Cisco","HCIVS220C-M8SN","Intel Xeon 6500P/6700P (Granite Rapids-SP) Series","ESXi 9.0","-","-",""
"Cisco","UCS-C240-M6SN","Intel Xeon Silver 4300 (Ice-Lake-SP) Series","ESXi 9.0","-","-",""
"Cisco","Cisco UCSC-880A-M8","Intel Xeon 6500P/6700P (Granite Rapids-SP) Series","ESXi 9.0","-","-",""
"Cisco","UCS-C240-M6SX","Intel Xeon Silver 4300 (Ice-Lake-SP) Series","ESXi 9.0","-","-",""
"Cisco","UCSX-215C-M8","AMD EPYC 9005 Series","ESXi 9.0","-","-",""
"Cisco","Cisco UCS S3260 M5","Intel Xeon Silver 4200
 Bronze 3200 (Cascade-Lake-SP/Refresh) Series","ESXi 9.0","-","-",""
"Cisco","Cisco UCS-C240-M6S","Intel Xeon Gold 6300/5300 (Ice-Lake-SP) Series ","ESXi 9.0","-","-",""
"Cisco","Cisco UCS B200 M6","Intel Xeon Silver 4300 (Ice-Lake-SP) Series","ESXi 9.0","-","-",""
"Cisco","HCIXVS210C-M8SN","Intel Xeon 6500P/6700P (Granite Rapids-SP) Series","ESXi 9.0","-","-",""
"Cisco","Cisco UCS C240 M5S","Intel Xeon Gold 6200/5200 (Cascade-Lake-SP/Refresh) Series","ESXi 9.0","-","-",""
"Cisco","Cisco UCS-C220-M5SN","Intel Xeon Platinum 8200 (Cascade-Lake-SP) Series","ESXi 9.0","-","-",""
"Cisco","Cisco UCS-C240-M5","Intel Xeon Platinum 8200 (Cascade-Lake-SP) Series","ESXi 9.0","-","-",""
"Cisco","HXAF-E-240-M6SX","Intel Xeon Platinum 8300 (Ice-Lake-SP) Series","ESXi 9.0","-","-",""
"Cisco","Cisco UCSC-C240-M8SX","Intel Xeon 6500P/6700P (Granite Rapids-SP) Series","ESXi 9.0","NVIDIA







","H200 NVL







",""
"Cisco","Cisco UCSC-C220-M8S","Intel Xeon 6500P/6700P (Granite Rapids-SP) Series","ESXi 9.0","-","-",""
"Cisco","Cisco UCS C845A M8","AMD EPYC 9005 Series","ESXi 9.0","NVIDIA","H100 NVL",""
"Cisco","UCSX-210C-M7","Intel Xeon Platinum 8400 (Sapphire-Rapids-SP) Series","ESXi 9.0","-","-",""
"Cisco","HXAF220C-M5SX","Intel Xeon Silver 4200
 Bronze 3200 (Cascade-Lake-SP/Refresh) Series","ESXi 9.0","-","-",""
"Cisco","Cisco UCS-C240-M5SX","Intel Xeon Silver 4200
 Bronze 3200 (Cascade-Lake-SP/Refresh) Series","ESXi 9.0","-","-",""
"Cisco","Cisco UCS C240 M5 SD","Intel Xeon Silver 4200
 Bronze 3200 (Cascade-Lake-SP/Refresh) Series","ESXi 9.0","-","-",""
"Cisco","Cisco UCS-C220-M5","Intel Xeon Silver 4200
 Bronze 3200 (Cascade-Lake-SP/Refresh) Series","ESXi 9.0","-","-",""
"Cisco","HXAF240C-M5SX","Intel Xeon Silver 4200
 Bronze 3200 (Cascade-Lake-SP/Refresh) Series","ESXi 9.0","-","-",""
"Cisco","Cisco UCS-C225-M6N","AMD EPYC 7002/7Fx2/7Hx2 Series","ESXi 9.0","-","-",""
"Cisco","Cisco UCS S3260 M5","Intel Xeon Platinum 8200 (Cascade-Lake-SP) Series","ESXi 9.0","-","-",""
"Cisco","Cisco UCS C220 M7S","Intel Xeon Platinum 8500 (Emerald Rapids-SP) Series","ESXi 9.0","-","-",""
"Cisco","HCIVS240C-M8E3S","Intel Xeon 6500P/6700P (Granite Rapids-SP) Series","ESXi 9.0","-","-",""
"Cisco","HX240C-M5SX","Intel Xeon Platinum 8200 (Cascade-Lake-SP) Series","ESXi 9.0","-","-",""
"Cisco","HCIVS245C-M8SN","AMD EPYC 9005 Series","ESXi 9.0","-","-",""
"Cisco","UCSX-210C-M7","Intel Xeon Gold 6400/5400 (Sapphire-Rapids-SP) Series","ESXi 9.0","-","-",""
"Cisco","UCSX-210C-M7","Intel Xeon Gold 6500/5500 (Emerald Rapids-SP) Series","ESXi 9.0","-","-",""
"Cisco","Cisco UCS C240 M7SX","Intel Xeon Silver 4500
 Bronze 3500 (Emerald Rapids-SP) Series","ESXi 9.0","-","-",""
"Cisco","Cisco UCS-C225-M6S","AMD EPYC 7002/7Fx2/7Hx2 Series","ESXi 9.0","-","-",""
"Cisco","Cisco UCS B200 M5","Intel Xeon Platinum 8200 (Cascade-Lake-SP) Series","ESXi 9.0","-","-",""
"Cisco","Cisco UCSC-C245-M8SX","AMD EPYC 9005 Series","ESXi 9.0","-","-",""
"Cisco","HCIXVS215C-M8SN","AMD EPYC 9005 Series","ESXi 9.0","-","-",""
"Cisco","HXAF240C-M5SD","Intel Xeon Gold 6200/5200 (Cascade-Lake-SP/Refresh) Series","ESXi 9.0","-","-",""
"Cisco","HX220C-M5SX","Intel Xeon Platinum 8200 (Cascade-Lake-SP) Series","ESXi 9.0","-","-",""
"Cisco","Cisco UCS-C220-M6S","Intel Xeon Platinum 8300 (Ice-Lake-SP) Series","ESXi 9.0","-","-",""
"Cisco","UCSC-C240-M7SX","Intel Xeon Gold 6400/5400 (Sapphire-Rapids-SP) Series","ESXi 9.0","-","-",""
"Cisco","HX220C-M5SX","Intel Xeon Silver 4200
 Bronze 3200 (Cascade-Lake-SP/Refresh) Series","ESXi 9.0","-","-",""
"Cisco","HXAF220C-M6S","Intel Xeon Gold 6300/5300 (Ice-Lake-SP) Series ","ESXi 9.0","-","-",""
"Cisco","Cisco UCS B200 M5","Intel Xeon Gold 6200/5200 (Cascade-Lake-SP/Refresh) Series","ESXi 9.0","-","-",""
"Cisco","Cisco UCS-C245-M6SX","AMD EPYC 7003/7003X Series","ESXi 9.0","-","-",""
"Cisco","UCSX-210C-M6","Intel Xeon Silver 4300 (Ice-Lake-SP) Series","ESXi 9.0","-","-",""
"Cisco","HX240C-M5L","Intel Xeon Gold 6200/5200 (Cascade-Lake-SP/Refresh) Series","ESXi 9.0","-","-",""
"Cisco","HXAF240C-M6SX","Intel Xeon Platinum 8300 (Ice-Lake-SP) Series","ESXi 9.0","-","-",""
"Cisco","Cisco UCS C240 M7SN","Intel Xeon Silver 4500
 Bronze 3500 (Emerald Rapids-SP) Series","ESXi 9.0","-","-",""
"Cisco","Cisco UCS C480 M5 ML","Intel Xeon Gold 6200/5200 (Cascade-Lake-SP/Refresh) Series","ESXi 9.0","-","-",""
"Cisco","UCSX-210C-M6","Intel Xeon Platinum 8300 (Ice-Lake-SP) Series","ESXi 9.0","-","-",""
"Cisco","Cisco UCS-C225-M6N","AMD EPYC 7003/7003X Series","ESXi 9.0","-","-",""
"Cisco","Cisco UCS-C240-M5L","Intel Xeon Gold 6200/5200 (Cascade-Lake-SP/Refresh) Series","ESXi 9.0","-","-",""
"Cisco","Cisco UCS-C220-M5","Intel Xeon Platinum 8200 (Cascade-Lake-SP) Series","ESXi 9.0","-","-",""
"Cisco","Cisco UCS C480 M5","Intel Xeon Platinum 8200 (Cascade-Lake-SP) Series","ESXi 9.0","-","-",""
"Cisco","HXAF240C-M5SX","Intel Xeon Platinum 8200 (Cascade-Lake-SP) Series","ESXi 9.0","-","-",""
"Cisco","Cisco UCS B200 M6","Intel Xeon Platinum 8300 (Ice-Lake-SP) Series","ESXi 9.0","-","-",""
"Cisco","Cisco UCS-C240-M6SX","Intel Xeon Platinum 8300 (Ice-Lake-SP) Series","ESXi 9.0","-","-",""
"Cisco","Cisco UCS C240 M7SN","Intel Xeon Platinum 8400 (Sapphire-Rapids-SP) Series","ESXi 9.0","-","-",""
"Cisco","Cisco UCS-C220-M5SX","Intel Xeon Gold 6200/5200 (Cascade-Lake-SP/Refresh) Series","ESXi 9.0","-","-",""
"Cisco","Cisco UCS-C240-M6SN","Intel Xeon Platinum 8300 (Ice-Lake-SP) Series","ESXi 9.0","-","-",""
"Cisco","HXAF240C-M6SN","Intel Xeon Gold 6300/5300 (Ice-Lake-SP) Series ","ESXi 9.0","-","-",""
"Compal","Compal SD221-8A","AMD EPYC 9004 Series","ESXi 9.0","-","-",""
"Compal","Compal SR120-2","Intel Xeon Platinum 8500 (Emerald Rapids-SP) Series","ESXi 9.0","-","-",""
"Compal","COMPAL SR220-2","Intel Xeon Platinum 8500 (Emerald Rapids-SP) Series","ESXi 9.0","-","-",""
"Compal","Compal SR124-2A","AMD EPYC 9005 Series","ESXi 9.0","-","-",""
"Compal","Compal SR130-2","Intel Xeon 6500P/6700P (Granite Rapids-SP) Series","ESXi 9.0","-","-",""
"Compal","Compal SD223-8A-L1","AMD EPYC 9005 Series","ESXi 9.0","-","-",""
"Compal","Compal SR224-2A","AMD EPYC 9005 Series","ESXi 9.0","-","-",""
"Compal","Compal SD223-8A","AMD EPYC 9005 Series","ESXi 9.0","-","-",""
"Compal","Compal SR223-1A","AMD EPYC 9005 Series","ESXi 9.0","-","-",""
"Compal","Compal SR230-2","Intel Xeon 6500P/6700P (Granite Rapids-SP) Series","ESXi 9.0","-","-",""
"Compal","COMPAL SR220-2","Intel Xeon Platinum 8400 (Sapphire-Rapids-SP) Series","ESXi 9.0","-","-",""
"Compal","Compal SR221-2A","AMD EPYC 9004 Series","ESXi 9.0","-","-",""
"Compal","Compal SX420-2A","AMD EPYC 9005 Series","ESXi 9.0","-","-",""
"Cubic Corporation","Fusion eHPC V1g","AMD EPYC 7003/7003X Series","ESXi 9.0","-","-",""
"Cubic Corporation","Fusion eHPC V1","AMD EPYC 7003/7003X Series","ESXi 9.0","-","-",""
"Dell","PowerEdge R650xs","Intel Xeon Silver 4300 (Ice-Lake-SP) Series","ESXi 9.0","-","-",""
"Dell","PowerEdge T150","Intel Xeon E-2300 Series","ESXi 9.0","-","-",""
"Dell","XC6520-6 CORE","Intel Xeon Gold 6300/5300 (Ice-Lake-SP) Series ","ESXi 9.0","-","-",""
"Dell","PowerEdge FC640","Intel Xeon Platinum 8200 (Cascade-Lake-SP) Series","ESXi 9.0","-","-","ESXi 9.0
 ESXi 9.1
 KB428874"
"Dell","PowerEdge R540","Intel Xeon Silver 4200
 Bronze 3200 (Cascade-Lake-SP/Refresh) Series","ESXi 9.0","-","-","ESXi 9.0
 ESXi 9.1
 KB428874"
"Dell","XC650-10N CORE","Intel Xeon Gold 6300/5300 (Ice-Lake-SP) Series ","ESXi 9.0","-","-",""
"Dell","DSS 8440","Intel Xeon Silver 4200
 Bronze 3200 (Cascade-Lake-SP/Refresh) Series","ESXi 9.0","-","-","ESXi 9.0
 ESXi 9.1
 KB428874"
"Dell","PowerEdge T350","Intel Xeon E-2300 Series","ESXi 9.0","-","-",""
"Dell","PowerEdge R740xd","Intel Xeon Gold 6200/5200 (Cascade-Lake-SP/Refresh) Series","ESXi 9.0","-","-","ESXi 9.0
 ESXi 9.1
 KB428874"
"Dell","PowerEdge XR12","Intel Xeon Silver 4300 (Ice-Lake-SP) Series","ESXi 9.0","-","-",""
"Dell","PowerEdge R840","Intel Xeon Gold 6200/5200 (Cascade-Lake-SP/Refresh) Series","ESXi 9.0","-","-","ESXi 9.0
 ESXi 9.1
 KB428874"
"Dell","R650 vSAN Ready Node","Intel Xeon Gold 6300/5300 (Ice-Lake-SP) Series ","ESXi 9.0","-","-",""
"Dell","R650 vSAN Ready Node","Intel Xeon Platinum 8300 (Ice-Lake-SP) Series","ESXi 9.0","-","-",""
"Dell","PowerEdge R740xd","Intel Xeon Platinum 8200 (Cascade-Lake-SP) Series","ESXi 9.0","-","-","ESXi 9.0
 ESXi 9.1
 KB428874"
"Dell","	XC760-24","Intel Xeon Gold 6400/5400 (Sapphire-Rapids-SP) Series","ESXi 9.0","-","-",""
"Dell","PowerEdge XR2","Intel Xeon Gold 6200/5200 (Cascade-Lake-SP/Refresh) Series","ESXi 9.0","-","-","ESXi 9.0
 ESXi 9.1
 KB428874"
"Dell","R660 vSAN Ready Node","Intel Xeon Silver 4500
 Bronze 3500 (Emerald Rapids-SP) Series","ESXi 9.0","-","-",""
"Dell","PowerEdge R650","Intel Xeon Silver 4300 (Ice-Lake-SP) Series","ESXi 9.0","-","-",""
"Dell","PowerEdge R770","Intel Xeon 6500P/6700P (Granite Rapids-SP) Series","ESXi 9.0","-","-",""
"Dell","PowerEdge XE7740","Intel Xeon 6500P/6700P (Granite Rapids-SP) Series","ESXi 9.0","-","-",""
"Dell","PowerEdge R670","Intel Xeon 6500P/6700P (Granite Rapids-SP) Series","ESXi 9.0","-","-",""
"Dell","PowerEdge T640","Intel Xeon Silver 4200
 Bronze 3200 (Cascade-Lake-SP/Refresh) Series","ESXi 9.0","-","-","ESXi 9.0
 ESXi 9.1
 KB428874"
"Dell","PowerEdge XR8620t","Intel Xeon Silver 4500
 Bronze 3500 (Sapphire-Rapids-EE LCC) Series","ESXi 9.0","-","-",""
"Dell","PowerEdge R740xd2","Intel Xeon Gold 6200/5200 (Cascade-Lake-SP/Refresh) Series","ESXi 9.0","-","-","ESXi 9.0
 ESXi 9.1
 KB428874"
"Dell","PowerEdge R360","Intel Xeon E-2400/Xeon 6300 Series","ESXi 9.0","-","-",""
"Dell","PowerEdge R340","Intel Xeon E-2200 (4 or 6-core) Series","ESXi 9.0","-","-",""
"Dell","PowerEdge R240","Intel Xeon E-2200 (4 or 6-core) Series","ESXi 9.0","-","-",""
"Dell","PowerEdge C6420","Intel Xeon Gold 6200/5200 (Cascade-Lake-SP/Refresh) Series","ESXi 9.0","-","-","ESXi 9.0
 ESXi 9.1
 KB428874"
"Dell","PowerEdge R7525","AMD EPYC 7003/7003X Series","ESXi 9.0","-","-",""
"Dell","PowerEdge T140","Intel Xeon E-2200 (4 or 6-core) Series","ESXi 9.0","-","-",""
"Dell","PowerEdge R840","Intel Xeon Platinum 8200 (Cascade-Lake-SP) Series","ESXi 9.0","-","-","ESXi 9.0
 ESXi 9.1
 KB428874"
"Dell","R740 vSAN Ready Node","Intel Xeon Silver 4200
 Bronze 3200 (Cascade-Lake-SP/Refresh) Series","ESXi 9.0","-","-","ESXi 9.0
 ESXi 9.1
 KB428874"
"Dell","PowerEdge M640 VRTX","Intel Xeon Platinum 8200 (Cascade-Lake-SP) Series","ESXi 9.0","-","-",""
"Dell","XC7525-12 CORE","AMD EPYC 7003/7003X Series","ESXi 9.0","-","-",""
"Dell","VxRail E660","Intel Xeon Platinum 8300 (Ice-Lake-SP) Series","ESXi 9.0","-","-",""
"Dell","PowerEdge R7715","AMD EPYC 9005 Series","ESXi 9.0","-","-",""
"Dell","PowerEdge R660xs","Intel Xeon Gold 6400/5400 (Sapphire-Rapids-SP) Series","ESXi 9.0","-","-",""
"Dell","PowerEdge R760xs","Intel Xeon Gold 6400/5400 (Sapphire-Rapids-SP) Series","ESXi 9.0","-","-",""
"Dell","PowerEdge R550","Intel Xeon Silver 4300 (Ice-Lake-SP) Series","ESXi 9.0","-","-",""
"Dell","PowerEdge R640","Intel Xeon Silver 4200
 Bronze 3200 (Cascade-Lake-SP/Refresh) Series","ESXi 9.0","-","-","ESXi 9.0
 ESXi 9.1
 KB428874"
"Dell","PowerEdge C6420","Intel Xeon Platinum 8200 (Cascade-Lake-SP) Series","ESXi 9.0","-","-","ESXi 9.0
 ESXi 9.1
 KB428874"
"Dell","PowerEdge XR8620t","Intel Xeon Silver 4500
 Bronze 3500 (Emerald Rapids-SP) Series","ESXi 9.0","-","-",""
"Dell","PowerEdge R550","Intel Xeon Platinum 8300 (Ice-Lake-SP) Series","ESXi 9.0","-","-",""
"Dell","PowerEdge R760","Intel Xeon Gold 6400/5400 (Sapphire-Rapids-SP) Series","ESXi 9.0","NVIDIA","L40S
H100 80GB",""
"Dell","PowerEdge C6620","Intel Xeon Gold 6400/5400 (Sapphire-Rapids-SP) Series","ESXi 9.0","-","-",""
"Dell","PowerEdge R660","Intel Xeon Platinum 8400 (Sapphire-Rapids-SP) Series","ESXi 9.0","-","-",""
"Dell","PowerEdge R340","Intel Xeon E-2100 Series","ESXi 9.0","-","-",""
"Dell","R660 vSAN Ready Node","Intel Xeon Silver 4400
 Bronze 3400 (Sapphire-Rapids-SP) Series","ESXi 9.0","-","-",""
"Dell","XC940-24 CORE","Intel Xeon Gold 6200/5200 (Cascade-Lake-SP/Refresh) Series","ESXi 9.0","-","-","ESXi 9.0
 ESXi 9.1
 KB428874"
"Dell","PowerEdge R940","Intel Xeon Platinum 8200 (Cascade-Lake-SP) Series","ESXi 9.0","-","-","ESXi 9.0
 ESXi 9.1
 KB428874"
"Dell","PowerEdge XR2","Intel Xeon Silver 4200
 Bronze 3200 (Cascade-Lake-SP/Refresh) Series","ESXi 9.0","-","-","ESXi 9.0
 ESXi 9.1
 KB428874"
"Dell","PowerEdge M640","Intel Xeon Silver 4200
 Bronze 3200 (Cascade-Lake-SP/Refresh) Series","ESXi 9.0","-","-","ESXi 9.0
 ESXi 9.1
 KB428874"
"Dell"," R7725 vSAN Ready Node","AMD EPYC 9005 Series","ESXi 9.0","-","-",""
"Dell","PowerEdge R940xa","Intel Xeon Platinum 8200 (Cascade-Lake-SP) Series","ESXi 9.0","-","-","ESXi 9.0
 ESXi 9.1
 KB428874"
"Dell","PowerEdge R960","Intel Xeon Gold 6400/5400 (Sapphire-Rapids-SP) Series","ESXi 9.0","-","-",""
"Dell","PowerEdge R860","Intel Xeon Gold 6400/5400 (Sapphire-Rapids-SP) Series","ESXi 9.0","-","-",""
"Dell","VxFlex-R640","Intel Xeon Gold 6200/5200 (Cascade-Lake-SP/Refresh) Series","ESXi 9.0","-","-","ESXi 9.0
 ESXi 9.1
 KB428874"
"Dell","R760 vSAN Ready Node","Intel Xeon Platinum 8500 (Emerald Rapids-SP) Series","ESXi 9.0","-","-",""
"Dell","MX760C vSAN Ready Node","Intel Xeon Silver 4500
 Bronze 3500 (Emerald Rapids-SP) Series","ESXi 9.0","-","-",""
"Dell","R760 vSAN Ready Node","Intel Xeon Gold 6500/5500 (Emerald Rapids-SP) Series","ESXi 9.0","-","-",""
"Dell","PowerEdge C6525","AMD EPYC 7003/7003X Series","ESXi 9.0","-","-",""
"Dell","PowerEdge R6715","AMD EPYC 9005 Series","ESXi 9.0","-","-",""
"Dell","PowerEdge XR8610t","Intel Xeon Silver 4500
 Bronze 3500 (Sapphire-Rapids-EE LCC) Series","ESXi 9.0","-","-",""
"Dell","PowerEdge R660","Intel Xeon CPU Max 9400 (Sapphire-Rapids-HBM) Series","ESXi 9.0","-","-",""
"Dell","PowerEdge R6615","AMD EPYC 9004 Series","ESXi 9.0","-","-",""
"Dell","PowerEdge R6625","AMD EPYC 9004 Series","ESXi 9.0","-","-",""
"Dell","XC7525-24 CORE","AMD EPYC 7003/7003X Series","ESXi 9.0","-","-",""
"Dell","PowerEdge R960","Intel Xeon Platinum 8400 (Sapphire-Rapids-SP) Series","ESXi 9.0","-","-",""
"Dell","DELL S5408","Intel Xeon Platinum 8200 (Cascade-Lake-SP) Series","ESXi 9.0","-","-","ESXi 9.0
 ESXi 9.1
 KB428874"
"Dell","PowerEdge R650","Intel Xeon Platinum 8300 (Ice-Lake-SP) Series","ESXi 9.0","-","-",""
"Dell","PowerEdge R660","Intel Xeon Platinum 8500 (Emerald Rapids-SP) Series","ESXi 9.0","-","-",""
"Dell","PowerEdge R660","Intel Xeon Gold 6500/5500 (Emerald Rapids-SP) Series","ESXi 9.0","-","-",""
"Dell","PowerEdge R470","Intel Xeon 6500P/6700P (Granite Rapids-SP) Series","ESXi 9.0","-","-",""
"Dell","R740xd vSAN Ready Node","Intel Xeon Silver 4200
 Bronze 3200 (Cascade-Lake-SP/Refresh) Series","ESXi 9.0","-","-","ESXi 9.0
 ESXi 9.1
 KB428874"
"Dell","PowerEdge R450","Intel Xeon Gold 6300/5300 (Ice-Lake-SP) Series ","ESXi 9.0","-","-",""
"Dell","XC750-14 CORE","Intel Xeon Gold 6300/5300 (Ice-Lake-SP) Series ","ESXi 9.0","-","-",""
"Dell","PowerEdge R450","Intel Xeon Silver 4300 (Ice-Lake-SP) Series","ESXi 9.0","-","-",""
"Dell","PowerEdge R660","Intel Xeon Gold 6400/5400 (Sapphire-Rapids-SP) Series","ESXi 9.0","-","-",""
"Dell","PowerEdge XR8620t","Intel Xeon Gold 6400/5400 (Sapphire-Rapids-SP) Series","ESXi 9.0","-","-",""
"Dell","XE8545","AMD EPYC 7003/7003X Series","ESXi 9.0","-","-",""
"Dell","PowerEdge XR7620","Intel Xeon Gold 6400/5400 (Sapphire-Rapids-SP) Series","ESXi 9.0","-","-",""
"Dell","PowerEdge MX760c","Intel Xeon Platinum 8500 (Emerald Rapids-SP) Series","ESXi 9.0","-","-",""
"Dell","PowerEdge XR5610","Intel Xeon Silver 4500
 Bronze 3500 (Emerald Rapids-SP) Series","ESXi 9.0","-","-",""
"Dell","PowerEdge C6520","Intel Xeon Platinum 8300 (Ice-Lake-SP) Series","ESXi 9.0","-","-",""
"Dell","PowerEdge MX760c","Intel Xeon Silver 4500
 Bronze 3500 (Emerald Rapids-SP) Series","ESXi 9.0","-","-",""
"Dell","PowerEdge R570","Intel Xeon 6500P/6700P (Granite Rapids-SP) Series","ESXi 9.0","-","-",""
"Dell","R6715 vSAN Ready Node","AMD EPYC 9005 Series","ESXi 9.0","-","-",""
"Dell","R770 vSAN Ready Node","Intel Xeon 6500P/6700P (Granite Rapids-SP) Series","ESXi 9.0","-","-",""
"Dell","PowerEdge R740xd","Intel Xeon Silver 4200
 Bronze 3200 (Cascade-Lake-SP/Refresh) Series","ESXi 9.0","-","-","ESXi 9.0
 ESXi 9.1
 KB428874"
"Dell","R6515 vSAN Ready Node","AMD EPYC 7003/7003X Series","ESXi 9.0","-","-",""
"Dell","PowerEdge XR5610","Intel Xeon Gold 6400/5400 (Sapphire-Rapids-SP) Series","ESXi 9.0","-","-",""
"Dell","PowerEdge R760XD2","Intel Xeon Silver 4400
 Bronze 3400 (Sapphire-Rapids-SP) Series","ESXi 9.0","-","-",""
"Dell","PowerEdge R6725","AMD EPYC 9005 Series","ESXi 9.0","-","-",""
"Dell","PowerEdge M640","Intel Xeon Gold 6200/5200 (Cascade-Lake-SP/Refresh) Series","ESXi 9.0","-","-","ESXi 9.0
 ESXi 9.1
 KB428874"
"Dell","PowerEdge R7725","AMD EPYC 9005 Series","ESXi 9.0","-","-",""
"Dell","PowerEdge R6515","AMD EPYC 7003/7003X Series","ESXi 9.0","-","-",""
"Dell","PowerEdge R740","Intel Xeon Platinum 8200 (Cascade-Lake-SP) Series","ESXi 9.0","-","-","ESXi 9.0
 ESXi 9.1
 KB428874"
"Dell","PowerEdge R7625","AMD EPYC 9004 Series","ESXi 9.0","NVIDIA","L40S",""
"Dell","PowerEdge R7615","AMD EPYC 9004 Series","ESXi 9.0","-","-",""
"Dell","PowerEdge R760xs","Intel Xeon Gold 6500/5500 (Emerald Rapids-SP) Series","ESXi 9.0","-","-",""
"Dell","MX740c vSAN Ready Node","Intel Xeon Platinum 8200 (Cascade-Lake-SP) Series","ESXi 9.0","-","-","ESXi 9.0
 ESXi 9.1
 KB428874"
"Dell","R440 vSAN Ready Node","Intel Xeon Gold 6200/5200 (Cascade-Lake-SP/Refresh) Series","ESXi 9.0","-","-","ESXi 9.0
 ESXi 9.1
 KB428874"
"Dell","PowerEdge R760xa","Intel Xeon Platinum 8400 (Sapphire-Rapids-SP) Series","ESXi 9.0","-","-",""
"Dell","PowerEdge XR12","Intel Xeon Platinum 8300 (Ice-Lake-SP) Series","ESXi 9.0","-","-",""
"Dell","R7515 vSAN Ready Node","AMD EPYC 7002/7Fx2/7Hx2 Series","ESXi 9.0","-","-",""
"Dell","PowerEdge MX740c","Intel Xeon Platinum 8200 (Cascade-Lake-SP) Series","ESXi 9.0","-","-","ESXi 9.0
 ESXi 9.1
 KB428874"
"Dell"," VxRail P670N","Intel Xeon Platinum 8300 (Ice-Lake-SP) Series","ESXi 9.0","-","-",""
"Dell","R750 vSAN Ready Node","Intel Xeon Gold 6300/5300 (Ice-Lake-SP) Series ","ESXi 9.0","-","-",""
"Dell","VxRail V670F","Intel Xeon Gold 6300/5300 (Ice-Lake-SP) Series ","ESXi 9.0","-","-",""
"Dell","VxRail VE-6615","AMD EPYC 9004 Series","ESXi 9.0","-","-",""
"Dell","VxRail S670","Intel Xeon Silver 4300 (Ice-Lake-SP) Series","ESXi 9.0","-","-",""
"Dell","VxRail VE-660","Intel Xeon Gold 6400/5400 (Sapphire-Rapids-SP) Series","ESXi 9.0","-","-",""
"Dell","PowerEdge T560","Intel Xeon Gold 6500/5500 (Emerald Rapids-SP) Series","ESXi 9.0","-","-",""
"Dell","PowerEdge T440","Intel Xeon Gold 6200/5200 (Cascade-Lake-SP/Refresh) Series","ESXi 9.0","-","-","ESXi 9.0
 ESXi 9.1
 KB428874"
"Dell","R840 vSAN Ready Node","Intel Xeon Platinum 8200 (Cascade-Lake-SP) Series","ESXi 9.0","-","-","ESXi 9.0
 ESXi 9.1
 KB428874"
"Dell","MX740c vSAN Ready Node","Intel Xeon Gold 6200/5200 (Cascade-Lake-SP/Refresh) Series","ESXi 9.0","-","-","ESXi 9.0
 ESXi 9.1
 KB428874"
"Dell","MX750c vSAN Ready Node","Intel Xeon Gold 6300/5300 (Ice-Lake-SP) Series ","ESXi 9.0","-","-",""
"Dell","PowerEdge R540","Intel Xeon Gold 6200/5200 (Cascade-Lake-SP/Refresh) Series","ESXi 9.0","-","-","ESXi 9.0
 ESXi 9.1
 KB428874"
"Dell","R7625 vSAN Ready Node","AMD EPYC 9004 Series","ESXi 9.0","-","-",""
"Dell","T350 vSAN Ready Node","Intel Xeon E-2300 Series","ESXi 9.0","-","-",""
"Dell","PowerEdge MX760c","Intel Xeon Gold 6400/5400 (Sapphire-Rapids-SP) Series","ESXi 9.0","-","-",""
"Dell","PowerEdge MX750c","Intel Xeon Silver 4300 (Ice-Lake-SP) Series","ESXi 9.0","-","-",""
"Dell","PowerEdge R750","Intel Xeon Silver 4300 (Ice-Lake-SP) Series","ESXi 9.0","-","-",""
"Dell","PowerEdge R6515","AMD EPYC 7002/7Fx2/7Hx2 Series","ESXi 9.0","-","-",""
"Dell","PowerEdge R740","Intel Xeon Gold 6200/5200 (Cascade-Lake-SP/Refresh) Series","ESXi 9.0","-","-","ESXi 9.0
 ESXi 9.1
 KB428874"
"Dell","VxRail VP-770","Intel Xeon 6500P/6700P (Granite Rapids-SP) Series","ESXi 9.0","-","-",""
"Dell","DELL S5408","Intel Xeon Platinum 8200 (Cascade-Lake-SP) Series","ESXi 9.0","-","-","ESXi 9.0
 ESXi 9.1
 KB428874"
"Dell","XC640-4i","Intel Xeon Gold 6200/5200 (Cascade-Lake-SP/Refresh) Series","ESXi 9.0","-","-","ESXi 9.0
 ESXi 9.1
 KB428874"
"Dell","XC640-4i","Intel Xeon Platinum 8200 (Cascade-Lake-SP) Series","ESXi 9.0","-","-","ESXi 9.0
 ESXi 9.1
 KB428874"
"Dell","VxRail VP-760","Intel Xeon Gold 6400/5400 (Sapphire-Rapids-SP) Series","ESXi 9.0","NVIDIA","H100 80GB",""
"Dell","PowerEdge R240","Intel Xeon E-2200 (8-core) Series","ESXi 9.0","-","-",""
"Dell","XC6520-6N CORE","Intel Xeon Gold 6300/5300 (Ice-Lake-SP) Series ","ESXi 9.0","-","-",""
"Dell","PowerEdge T550","Intel Xeon Silver 4300 (Ice-Lake-SP) Series","ESXi 9.0","-","-",""
"Dell","PowerEdge XR11","Intel Xeon Silver 4300 (Ice-Lake-SP) Series","ESXi 9.0","-","-",""
"Dell","PowerEdge R760","Intel Xeon Platinum 8500 (Emerald Rapids-SP) Series","ESXi 9.0","NVIDIA





","H100 80GB





",""
"Dell","XC640-10","Intel Xeon Gold 6200/5200 (Cascade-Lake-SP/Refresh) Series","ESXi 9.0","-","-","ESXi 9.0
 ESXi 9.1
 KB428874"
"Dell","PowerEdge C6520","Intel Xeon Gold 6300/5300 (Ice-Lake-SP) Series ","ESXi 9.0","-","-",""
"Dell","PowerEdge R7515","AMD EPYC 7003/7003X Series","ESXi 9.0","-","-",""
"Dell","PowerEdge XE9640","Intel Xeon Platinum 8400 (Sapphire-Rapids-SP) Series","ESXi 9.0","-","-",""
"Dell","R640 vSAN Ready Node","Intel Xeon Platinum 8200 (Cascade-Lake-SP) Series","ESXi 9.0","-","-","ESXi 9.0
 ESXi 9.1
 KB428874"
"Dell","C6420 vSAN Ready Node","Intel Xeon Platinum 8200 (Cascade-Lake-SP) Series","ESXi 9.0","-","-","ESXi 9.0
 ESXi 9.1
 KB428874"
"Dell","R760 vSAN Ready Node","Intel Xeon Silver 4400
 Bronze 3400 (Sapphire-Rapids-SP) Series","ESXi 9.0","-","-",""
"Dell","PowerEdge R440","Intel Xeon Gold 6200/5200 (Cascade-Lake-SP/Refresh) Series","ESXi 9.0","-","-","ESXi 9.0
 ESXi 9.1
 KB428874"
"Dell","R760 vSAN Ready Node","Intel Xeon Gold 6400/5400 (Sapphire-Rapids-SP) Series","ESXi 9.0","-","-",""
"Dell","PowerEdge R740","Intel Xeon Silver 4200
 Bronze 3200 (Cascade-Lake-SP/Refresh) Series","ESXi 9.0","-","-","ESXi 9.0
 ESXi 9.1
 KB428874"
"Dell","PowerEdge XE9680","Intel Xeon Gold 6400/5400 (Sapphire-Rapids-SP) Series","ESXi 9.0","-","-",""
"Dell","PowerEdge XE9640","Intel Xeon Platinum 8500 (Emerald Rapids-SP) Series","ESXi 9.0","-","-",""
"Dell","PowerEdge XE9680","Intel Xeon Platinum 8500 (Emerald Rapids-SP) Series","ESXi 9.0","NVIDIA","HGX H100 8-GPU 80GB
HGX H200 8-GPU 141GB",""
"Dell","XC640-4i","Intel Xeon Silver 4200
 Bronze 3200 (Cascade-Lake-SP/Refresh) Series","ESXi 9.0","-","-","ESXi 9.0
 ESXi 9.1
 KB428874"
"Dell","PowerEdge R760xs","Intel Xeon Silver 4400
 Bronze 3400 (Sapphire-Rapids-SP) Series","ESXi 9.0","-","-",""
"Dell","XC6420-6","Intel Xeon Platinum 8200 (Cascade-Lake-SP) Series","ESXi 9.0","-","-","ESXi 9.0
 ESXi 9.1
 KB428874"
"Dell","PowerEdge R760","Intel Xeon Platinum 8400 (Sapphire-Rapids-SP) Series","ESXi 9.0","-","-",""
"Dell","R660 vSAN Ready Node","Intel Xeon Gold 6500/5500 (Emerald Rapids-SP) Series","ESXi 9.0","-","-",""
"Dell","MX760C vSAN Ready Node","Intel Xeon Gold 6500/5500 (Emerald Rapids-SP) Series","ESXi 9.0","-","-",""
"Dell","PowerEdge R440","Intel Xeon Silver 4200
 Bronze 3200 (Cascade-Lake-SP/Refresh) Series","ESXi 9.0","-","-","ESXi 9.0
 ESXi 9.1
 KB428874"
"Dell","VxRail VS-760","Intel Xeon Gold 6500/5500 (Emerald Rapids-SP) Series","ESXi 9.0","-","-",""
"Dell","R6515 vSAN Ready Node","AMD EPYC 7002/7Fx2/7Hx2 Series","ESXi 9.0","-","-",""
"Dell","R750 vSAN Ready Node","Intel Xeon Platinum 8300 (Ice-Lake-SP) Series","ESXi 9.0","-","-",""
"Dell","VxRail P670F","Intel Xeon Platinum 8300 (Ice-Lake-SP) Series","ESXi 9.0","-","-",""
"Dell","VxRail VP-760","Intel Xeon Platinum 8500 (Emerald Rapids-SP) Series","ESXi 9.0","-","-",""
"Dell","R660 vSAN Ready Node","Intel Xeon Gold 6400/5400 (Sapphire-Rapids-SP) Series","ESXi 9.0","-","-",""
"Dell","PowerEdge R760xs","Intel Xeon Silver 4500
 Bronze 3500 (Emerald Rapids-SP) Series","ESXi 9.0","-","-",""
"Dell","VxRail VE-660","Intel Xeon Platinum 8500 (Emerald Rapids-SP) Series","ESXi 9.0","-","-",""
"Dell","PowerEdge T140","Intel Xeon E-2200 (8-core) Series","ESXi 9.0","-","-",""
"Dell","XC640-4","Intel Xeon Platinum 8200 (Cascade-Lake-SP) Series","ESXi 9.0","-","-","ESXi 9.0
 ESXi 9.1
 KB428874"
"Dell","PowerEdge XR4520C","Intel Xeon D-2700 (Ice-Lake-D) Series ","ESXi 9.0","-","-",""
"Dell"," VxRail P670N","Intel Xeon Gold 6300/5300 (Ice-Lake-SP) Series ","ESXi 9.0","-","-",""
"Dell","PowerEdge XR4510C","Intel Xeon D-2700 (Ice-Lake-D) Series ","ESXi 9.0","-","-",""
"Dell","VxRail VP-760","Intel Xeon Platinum 8400 (Sapphire-Rapids-SP) Series","ESXi 9.0","-","-",""
"Dell","PowerEdge XR8610t","Intel Xeon Gold 6400/5400 (Sapphire-Rapids-SP) Series","ESXi 9.0","-","-",""
"Dell","R640 vSAN Ready Node","Intel Xeon Gold 6200/5200 (Cascade-Lake-SP/Refresh) Series","ESXi 9.0","-","-","ESXi 9.0
 ESXi 9.1
 KB428874"
"Dell","PowerEdge MX740c","Intel Xeon Silver 4200
 Bronze 3200 (Cascade-Lake-SP/Refresh) Series","ESXi 9.0","-","-","ESXi 9.0
 ESXi 9.1
 KB428874"
"Dell","PowerEdge R860","Intel Xeon Platinum 8400 (Sapphire-Rapids-SP) Series","ESXi 9.0","-","-",""
"Dell","VxRail E660F","Intel Xeon Platinum 8300 (Ice-Lake-SP) Series","ESXi 9.0","-","-",""
"Dell","PowerEdge R240","Intel Xeon E-2100 Series","ESXi 9.0","-","-",""
"Dell","VxRail VS-760","Intel Xeon Gold 6400/5400 (Sapphire-Rapids-SP) Series","ESXi 9.0","-","-",""
"Dell","R660 vSAN Ready Node","Intel Xeon Platinum 8500 (Emerald Rapids-SP) Series","ESXi 9.0","-","-",""
"Dell","PowerEdge C6620","Intel Xeon Platinum 8500 (Emerald Rapids-SP) Series","ESXi 9.0","-","-",""
"Dell","PowerEdge MX840c","Intel Xeon Platinum 8200 (Cascade-Lake-SP) Series","ESXi 9.0","-","-","ESXi 9.0
 ESXi 9.1
 KB428874"
"Dell","PowerEdge R940","Intel Xeon Silver 4200
 Bronze 3200 (Cascade-Lake-SP/Refresh) Series","ESXi 9.0","-","-","ESXi 9.0
 ESXi 9.1
 KB428874"
"Dell","R440 vSAN Ready Node","Intel Xeon Silver 4200
 Bronze 3200 (Cascade-Lake-SP/Refresh) Series","ESXi 9.0","-","-","ESXi 9.0
 ESXi 9.1
 KB428874"
"Dell","VxRail VE-660","Intel Xeon Platinum 8400 (Sapphire-Rapids-SP) Series","ESXi 9.0","-","-",""
"Dell","VxRail E660N","Intel Xeon Gold 6300/5300 (Ice-Lake-SP) Series ","ESXi 9.0","-","-",""
"Dell","XC640-4","Intel Xeon Gold 6200/5200 (Cascade-Lake-SP/Refresh) Series","ESXi 9.0","-","-","ESXi 9.0
 ESXi 9.1
 KB428874"
"Dell","PowerEdge R4715","AMD EPYC 9005 Series","ESXi 9.0","-","-",""
"Dell","PowerEdge HS5610","Intel Xeon Gold 6400/5400 (Sapphire-Rapids-SP) Series","ESXi 9.0","-","-",""
"Dell","PowerEdge R750","Intel Xeon Platinum 8300 (Ice-Lake-SP) Series","ESXi 9.0","-","-",""
"Dell","VEP1425","Intel Atom C3000 Series","ESXi 9.0","-","-",""
"Dell","XC740xd-12","Intel Xeon Gold 6200/5200 (Cascade-Lake-SP/Refresh) Series","ESXi 9.0","-","-","ESXi 9.0
 ESXi 9.1
 KB428874"
"Dell","XC740xd-12C","Intel Xeon Platinum 8200 (Cascade-Lake-SP) Series","ESXi 9.0","-","-","ESXi 9.0
 ESXi 9.1
 KB428874"
"Dell","PowerEdge C6520","Intel Xeon Silver 4300 (Ice-Lake-SP) Series","ESXi 9.0","-","-",""
"Dell","PowerEdge R940xa","Intel Xeon Gold 6200/5200 (Cascade-Lake-SP/Refresh) Series","ESXi 9.0","-","-","ESXi 9.0
 ESXi 9.1
 KB428874"
"Dell","PowerEdge XE8640","Intel Xeon Platinum 8400 (Sapphire-Rapids-SP) Series","ESXi 9.0","-","-",""
"Dell","PowerEdge T560","Intel Xeon Silver 4400
 Bronze 3400 (Sapphire-Rapids-SP) Series","ESXi 9.0","-","-",""
"Dell","XC740xd-24","Intel Xeon Platinum 8200 (Cascade-Lake-SP) Series","ESXi 9.0","-","-","ESXi 9.0
 ESXi 9.1
 KB428874"
"Dell","PowerEdge R760xa","Intel Xeon Silver 4400
 Bronze 3400 (Sapphire-Rapids-SP) Series","ESXi 9.0","-","-",""
"Dell","PowerEdge XE9680","Intel Xeon Platinum 8400 (Sapphire-Rapids-SP) Series","ESXi 9.0","NVIDIA","HGX H200 8-GPU 141GB
HGX H100 8-GPU 80GB",""
"Dell","XC740xd-24","Intel Xeon Gold 6200/5200 (Cascade-Lake-SP/Refresh) Series","ESXi 9.0","-","-","ESXi 9.0
 ESXi 9.1
 KB428874"
"Dell","PowerEdge R5715","AMD EPYC 9005 Series","ESXi 9.0","-","-",""
"Dell","PowerEdge XR11","Intel Xeon Gold 6300/5300 (Ice-Lake-SP) Series ","ESXi 9.0","-","-",""
"Dell","PowerEdge XR5610","Intel Xeon Silver 4400
 Bronze 3400 (Sapphire-Rapids-SP) Series","ESXi 9.0","-","-",""
"Dell","MX760C vSAN Ready Node","Intel Xeon Silver 4400
 Bronze 3400 (Sapphire-Rapids-SP) Series","ESXi 9.0","-","-",""
"Dell","PowerEdge XR7620","Intel Xeon Silver 4400
 Bronze 3400 (Sapphire-Rapids-SP) Series","ESXi 9.0","-","-",""
"Dell","PowerEdge R750xa","Intel Xeon Silver 4300 (Ice-Lake-SP) Series","ESXi 9.0","-","-",""
"Dell","XC740xd-12C","Intel Xeon Gold 6200/5200 (Cascade-Lake-SP/Refresh) Series","ESXi 9.0","-","-","ESXi 9.0
 ESXi 9.1
 KB428874"
"Dell","PowerEdge T550","Intel Xeon Gold 6300/5300 (Ice-Lake-SP) Series ","ESXi 9.0","-","-",""
"Dell","MX740c vSAN Ready Node","Intel Xeon Silver 4200
 Bronze 3200 (Cascade-Lake-SP/Refresh) Series","ESXi 9.0","-","-","ESXi 9.0
 ESXi 9.1
 KB428874"
"Dell","XC640-4","Intel Xeon Silver 4200
 Bronze 3200 (Cascade-Lake-SP/Refresh) Series","ESXi 9.0","-","-","ESXi 9.0
 ESXi 9.1
 KB428874"
"Dell","PowerEdge R750xa","Intel Xeon Gold 6300/5300 (Ice-Lake-SP) Series ","ESXi 9.0","-","-",""
"Dell","PowerEdge MX840c","Intel Xeon Silver 4200
 Bronze 3200 (Cascade-Lake-SP/Refresh) Series","ESXi 9.0","-","-","ESXi 9.0
 ESXi 9.1
 KB428874"
"Dell","PowerEdge XE8640","Intel Xeon Platinum 8500 (Emerald Rapids-SP) Series","ESXi 9.0","-","-",""
"Dell","XC740xd-12","Intel Xeon Silver 4200
 Bronze 3200 (Cascade-Lake-SP/Refresh) Series","ESXi 9.0","-","-","ESXi 9.0
 ESXi 9.1
 KB428874"
"Dell","R6615 vSAN Ready Node","AMD EPYC 9004 Series","ESXi 9.0","-","-",""
"Dell","PowerEdge T340","Intel Xeon E-2200 (8-core) Series","ESXi 9.0","-","-",""
"Dell","XC740xd-12R","Intel Xeon Silver 4200
 Bronze 3200 (Cascade-Lake-SP/Refresh) Series","ESXi 9.0","-","-","ESXi 9.0
 ESXi 9.1
 KB428874"
"Dell","PowerEdge R6525","AMD EPYC 7003/7003X Series","ESXi 9.0","-","-",""
"Dell","R760 vSAN Ready Node","Intel Xeon Platinum 8400 (Sapphire-Rapids-SP) Series","ESXi 9.0","-","-",""
"Dell","R760 vSAN Ready Node","Intel Xeon Silver 4500
 Bronze 3500 (Emerald Rapids-SP) Series","ESXi 9.0","-","-",""
"Dell","XC940","Intel Xeon Silver 4200
 Bronze 3200 (Cascade-Lake-SP/Refresh) Series","ESXi 9.0","-","-","ESXi 9.0
 ESXi 9.1
 KB428874"
"Dell","XC740xd-12","Intel Xeon Platinum 8200 (Cascade-Lake-SP) Series","ESXi 9.0","-","-","ESXi 9.0
 ESXi 9.1
 KB428874"
"Dell","R840 vSAN Ready Node","Intel Xeon Gold 6200/5200 (Cascade-Lake-SP/Refresh) Series","ESXi 9.0","-","-","ESXi 9.0
 ESXi 9.1
 KB428874"
"Dell","PowerEdge MX750c","Intel Xeon Platinum 8300 (Ice-Lake-SP) Series","ESXi 9.0","-","-",""
"Dell","R6415 vSAN Ready Node","AMD EPYC 7001 Series","ESXi 9.0","-","-",""
"Dell","PowerEdge C6620","Intel Xeon Silver 4500
 Bronze 3500 (Emerald Rapids-SP) Series","ESXi 9.0","-","-",""
"Dell","XC640-10","Intel Xeon Silver 4200
 Bronze 3200 (Cascade-Lake-SP/Refresh) Series","ESXi 9.0","-","-","ESXi 9.0
 ESXi 9.1
 KB428874"
"Dell","PowerEdge HS5620","Intel Xeon Gold 6400/5400 (Sapphire-Rapids-SP) Series","ESXi 9.0","-","-",""
"Dell","R740xd vSAN Ready Node","Intel Xeon Gold 6200/5200 (Cascade-Lake-SP/Refresh) Series","ESXi 9.0","-","-","ESXi 9.0
 ESXi 9.1
 KB428874"
"Dell","PowerEdge R940xa","Intel Xeon Silver 4200
 Bronze 3200 (Cascade-Lake-SP/Refresh) Series","ESXi 9.0","-","-","ESXi 9.0
 ESXi 9.1
 KB428874"
"Dell","PowerEdge XR7620","Intel Xeon Silver 4500
 Bronze 3500 (Sapphire-Rapids-EE LCC) Series","ESXi 9.0","-","-",""
"Dell","PowerEdge MX760c","Intel Xeon Platinum 8400 (Sapphire-Rapids-SP) Series","ESXi 9.0","-","-",""
"Dell","XC740xd-24","Intel Xeon Silver 4200
 Bronze 3200 (Cascade-Lake-SP/Refresh) Series","ESXi 9.0","-","-","ESXi 9.0
 ESXi 9.1
 KB428874"
"Dell","XC940","Intel Xeon Platinum 8200 (Cascade-Lake-SP) Series","ESXi 9.0","-","-","ESXi 9.0
 ESXi 9.1
 KB428874"
"Dell","PowerEdge T340","Intel Xeon E-2100 Series","ESXi 9.0","-","-",""
"Dell","PowerEdge M640","Intel Xeon Platinum 8200 (Cascade-Lake-SP) Series","ESXi 9.0","-","-","ESXi 9.0
 ESXi 9.1
 KB428874"
"Dell","PowerEdge R760XD2","Intel Xeon Gold 6400/5400 (Sapphire-Rapids-SP) Series","ESXi 9.0","-","-",""
"Dell","PowerEdge R650xs","Intel Xeon Gold 6300/5300 (Ice-Lake-SP) Series ","ESXi 9.0","-","-",""
"Dell","PowerEdge R940","Intel Xeon Gold 6200/5200 (Cascade-Lake-SP/Refresh) Series","ESXi 9.0","-","-","ESXi 9.0
 ESXi 9.1
 KB428874"
"Dell","PowerEdge R7525","AMD EPYC 7002/7Fx2/7Hx2 Series","ESXi 9.0","-","-",""
"Dell","PowerEdge FC640","Intel Xeon Gold 6200/5200 (Cascade-Lake-SP/Refresh) Series","ESXi 9.0","-","-","ESXi 9.0
 ESXi 9.1
 KB428874"
"Dell","PowerEdge R350","Intel Xeon E-2300 Series","ESXi 9.0","-","-",""
"Dell","XC450-4 CORE","Intel Xeon Silver 4300 (Ice-Lake-SP) Series","ESXi 9.0","-","-",""
"Dell","XC750-24 CORE","Intel Xeon Gold 6300/5300 (Ice-Lake-SP) Series ","ESXi 9.0","-","-",""
"Dell","R750 vSAN Ready Node","Intel Xeon Silver 4300 (Ice-Lake-SP) Series","ESXi 9.0","-","-",""
"Dell","PowerEdge C6615","AMD EPYC 8004 Series","ESXi 9.0","-","-",""
"Dell","DSS 8440","Intel Xeon Gold 6200/5200 (Cascade-Lake-SP/Refresh) Series","ESXi 9.0","-","-","ESXi 9.0
 ESXi 9.1
 KB428874"
"Dell","PowerEdge C6420","Intel Xeon Silver 4200
 Bronze 3200 (Cascade-Lake-SP/Refresh) Series","ESXi 9.0","-","-","ESXi 9.0
 ESXi 9.1
 KB428874"
"Dell","PowerEdge R250","Intel Xeon E-2300 Series","ESXi 9.0","-","-",""
"Dell","DSS 8440","Intel Xeon Platinum 8200 (Cascade-Lake-SP) Series","ESXi 9.0","-","-","ESXi 9.0
 ESXi 9.1
 KB428874"
"Dell","PowerEdge T360","Intel Xeon E-2400/Xeon 6300 Series","ESXi 9.0","-","-",""
"Dell","PowerEdge R550","Intel Xeon Gold 6300/5300 (Ice-Lake-SP) Series ","ESXi 9.0","-","-",""
"Dell","PowerEdge XR7620","Intel Xeon Gold 6500/5500 (Emerald Rapids-SP) Series","ESXi 9.0","-","-",""
"Dell","XC640-10","Intel Xeon Platinum 8200 (Cascade-Lake-SP) Series","ESXi 9.0","-","-","ESXi 9.0
 ESXi 9.1
 KB428874"
"Dell","PowerEdge R760xa","Intel Xeon Gold 6400/5400 (Sapphire-Rapids-SP) Series","ESXi 9.0","-","-",""
"Dell","PowerEdge T640","Intel Xeon Gold 6200/5200 (Cascade-Lake-SP/Refresh) Series","ESXi 9.0","-","-","ESXi 9.0
 ESXi 9.1
 KB428874"
"Dell","PowerEdge T340","Intel Xeon E-2200 (4 or 6-core) Series","ESXi 9.0","-","-",""
"Dell","R740 vSAN Ready Node","Intel Xeon Platinum 8200 (Cascade-Lake-SP) Series","ESXi 9.0","-","-","ESXi 9.0
 ESXi 9.1
 KB428874"
"Dell","PowerEdge M640 VRTX","Intel Xeon Gold 6200/5200 (Cascade-Lake-SP/Refresh) Series","ESXi 9.0","-","-",""
"Dell","PowerEdge XE9680","Intel Xeon Gold 6500/5500 (Emerald Rapids-SP) Series","ESXi 9.0","-","-",""
"Dell","POWEREDGE XE2420","Intel Xeon Gold 6200/5200 (Cascade-Lake-SP/Refresh) Series","ESXi 9.0","-","-","ESXi 9.0
 ESXi 9.1
 KB428874"
"Dell","PowerEdge M640 VRTX","Intel Xeon Silver 4200
 Bronze 3200 (Cascade-Lake-SP/Refresh) Series","ESXi 9.0","-","-",""
"Dell","C6420 vSAN Ready Node","Intel Xeon Silver 4200
 Bronze 3200 (Cascade-Lake-SP/Refresh) Series","ESXi 9.0","-","-","ESXi 9.0
 ESXi 9.1
 KB428874"
"Dell","PowerEdge R840","Intel Xeon Silver 4200
 Bronze 3200 (Cascade-Lake-SP/Refresh) Series","ESXi 9.0","-","-","ESXi 9.0
 ESXi 9.1
 KB428874"
"Dell","R7515 vSAN Ready Node","AMD EPYC 7003/7003X Series","ESXi 9.0","-","-",""
"Dell","PowerEdge XR12","Intel Xeon Gold 6300/5300 (Ice-Lake-SP) Series ","ESXi 9.0","-","-",""
"Dell","R740xd vSAN Ready Node","Intel Xeon Platinum 8200 (Cascade-Lake-SP) Series","ESXi 9.0","-","-","ESXi 9.0
 ESXi 9.1
 KB428874"
"Dell","PowerEdge R660","Intel Xeon Silver 4500
 Bronze 3500 (Emerald Rapids-SP) Series","ESXi 9.0","-","-",""
"Dell","PowerEdge MX760c","Intel Xeon Gold 6500/5500 (Emerald Rapids-SP) Series","ESXi 9.0","-","-",""
"Dell","PowerEdge C6620","Intel Xeon Gold 6500/5500 (Emerald Rapids-SP) Series","ESXi 9.0","-","-",""
"Dell","PowerEdge R760xa","Intel Xeon Platinum 8500 (Emerald Rapids-SP) Series","ESXi 9.0","-","-",""
"Dell","XC6420-6","Intel Xeon Silver 4200
 Bronze 3200 (Cascade-Lake-SP/Refresh) Series","ESXi 9.0","-","-","ESXi 9.0
 ESXi 9.1
 KB428874"
"Dell","PowerEdge R660xs","Intel Xeon Silver 4500
 Bronze 3500 (Emerald Rapids-SP) Series","ESXi 9.0","-","-",""
"Dell","PowerEdge HS5610","Intel Xeon Silver 4500
 Bronze 3500 (Emerald Rapids-SP) Series","ESXi 9.0","-","-",""
"Dell","PowerEdge R760","Intel Xeon Gold 6500/5500 (Emerald Rapids-SP) Series","ESXi 9.0","NVIDIA","H100 80GB",""
"Dell","MX760C vSAN Ready Node","Intel Xeon Platinum 8400 (Sapphire-Rapids-SP) Series","ESXi 9.0","-","-",""
"Dell","MX760C vSAN Ready Node","Intel Xeon Gold 6400/5400 (Sapphire-Rapids-SP) Series","ESXi 9.0","-","-",""
"Dell","PowerEdge T140","Intel Xeon E-2100 Series","ESXi 9.0","-","-",""
"Dell","PowerEdge T560","Intel Xeon Silver 4500
 Bronze 3500 (Emerald Rapids-SP) Series","ESXi 9.0","-","-",""
"Dell","PowerEdge R760XD2","Intel Xeon Silver 4500
 Bronze 3500 (Emerald Rapids-SP) Series","ESXi 9.0","-","-",""
"Dell","PowerEdge R760","Intel Xeon Silver 4400
 Bronze 3400 (Sapphire-Rapids-SP) Series","ESXi 9.0","-","-",""
"Dell","PowerEdge R760xa","Intel Xeon Silver 4500
 Bronze 3500 (Emerald Rapids-SP) Series","ESXi 9.0","-","-",""
"Dell","PowerEdge HS5620","Intel Xeon Gold 6500/5500 (Emerald Rapids-SP) Series","ESXi 9.0","-","-",""
"Dell","XC740xd-12C","Intel Xeon Silver 4200
 Bronze 3200 (Cascade-Lake-SP/Refresh) Series","ESXi 9.0","-","-","ESXi 9.0
 ESXi 9.1
 KB428874"
"Dell","MX760C vSAN Ready Node","Intel Xeon Platinum 8500 (Emerald Rapids-SP) Series","ESXi 9.0","-","-",""
"Dell","PowerEdge HS5610","Intel Xeon Gold 6500/5500 (Emerald Rapids-SP) Series","ESXi 9.0","-","-",""
"Dell","XC6420-6","Intel Xeon Gold 6200/5200 (Cascade-Lake-SP/Refresh) Series","ESXi 9.0","-","-","ESXi 9.0
 ESXi 9.1
 KB428874"
"Dell","PowerEdge R750xa","Intel Xeon Platinum 8300 (Ice-Lake-SP) Series","ESXi 9.0","-","-",""
"Dell","MX750c vSAN Ready Node","Intel Xeon Platinum 8300 (Ice-Lake-SP) Series","ESXi 9.0","-","-",""
"Dell","PowerEdge HS5610","Intel Xeon Silver 4400
 Bronze 3400 (Sapphire-Rapids-SP) Series","ESXi 9.0","-","-",""
"Dell","PowerEdge T160","Intel Xeon E-2400/Xeon 6300 Series","ESXi 9.0","-","-",""
"Dell","PowerEdge R260","Intel Xeon E-2400/Xeon 6300 Series","ESXi 9.0","-","-",""
"Dell","VxRail VE-660","Intel Xeon Gold 6500/5500 (Emerald Rapids-SP) Series","ESXi 9.0","-","-",""
"Dell","VxRail E660N","Intel Xeon Platinum 8300 (Ice-Lake-SP) Series","ESXi 9.0","-","-",""
"Dell","PowerEdge R750xs","Intel Xeon Gold 6300/5300 (Ice-Lake-SP) Series ","ESXi 9.0","-","-",""
"Dell","PowerEdge R750","Intel Xeon Gold 6300/5300 (Ice-Lake-SP) Series ","ESXi 9.0","NVIDIA","L40S",""
"Dell","XC660-10","Intel Xeon Gold 6400/5400 (Sapphire-Rapids-SP) Series","ESXi 9.0","-","-",""
"Dell","R740 vSAN Ready Node","Intel Xeon Gold 6200/5200 (Cascade-Lake-SP/Refresh) Series","ESXi 9.0","-","-","ESXi 9.0
 ESXi 9.1
 KB428874"
"Dell","PowerEdge MX740c","Intel Xeon Gold 6200/5200 (Cascade-Lake-SP/Refresh) Series","ESXi 9.0","-","-","ESXi 9.0
 ESXi 9.1
 KB428874"
"Dell","R640 vSAN Ready Node","Intel Xeon Silver 4200
 Bronze 3200 (Cascade-Lake-SP/Refresh) Series","ESXi 9.0","-","-","ESXi 9.0
 ESXi 9.1
 KB428874"
"Dell","XC760-14","Intel Xeon Gold 6400/5400 (Sapphire-Rapids-SP) Series","ESXi 9.0","-","-",""
"Dell","PowerEdge R660xs","Intel Xeon Silver 4400
 Bronze 3400 (Sapphire-Rapids-SP) Series","ESXi 9.0","-","-",""
"Dell","VxRail S670","Intel Xeon Gold 6300/5300 (Ice-Lake-SP) Series ","ESXi 9.0","-","-",""
"Dell","VxRail S670","Intel Xeon Platinum 8300 (Ice-Lake-SP) Series","ESXi 9.0","-","-",""
"Dell","PowerEdge C6620","Intel Xeon Platinum 8400 (Sapphire-Rapids-SP) Series","ESXi 9.0","-","-",""
"Dell","R670 vSAN Ready Node","Intel Xeon 6500P/6700P (Granite Rapids-SP) Series","ESXi 9.0","-","-",""
"Dell","PowerEdge R760","Intel Xeon Silver 4500
 Bronze 3500 (Emerald Rapids-SP) Series","ESXi 9.0","-","-",""
"Dell","XC740xd-12R","Intel Xeon Gold 6200/5200 (Cascade-Lake-SP/Refresh) Series","ESXi 9.0","-","-","ESXi 9.0
 ESXi 9.1
 KB428874"
"Dell","PowerEdge XE9640","Intel Xeon Gold 6500/5500 (Emerald Rapids-SP) Series","ESXi 9.0","-","-",""
"Dell","PowerEdge R660","Intel Xeon Silver 4400
 Bronze 3400 (Sapphire-Rapids-SP) Series","ESXi 9.0","-","-",""
"Dell","PowerEdge C6620","Intel Xeon Silver 4400
 Bronze 3400 (Sapphire-Rapids-SP) Series","ESXi 9.0","-","-",""
"Dell","PowerEdge R7725XD","AMD EPYC 9005 Series","ESXi 9.0","-","-",""
"Dell","R650 vSAN Ready Node","Intel Xeon Silver 4300 (Ice-Lake-SP) Series","ESXi 9.0","-","-",""
"Dell","PowerEdge R740xd2","Intel Xeon Silver 4200
 Bronze 3200 (Cascade-Lake-SP/Refresh) Series","ESXi 9.0","-","-","ESXi 9.0
 ESXi 9.1
 KB428874"
"Dell","PowerEdge HS5620","Intel Xeon Silver 4400
 Bronze 3400 (Sapphire-Rapids-SP) Series","ESXi 9.0","-","-",""
"Dell","XC940","Intel Xeon Gold 6200/5200 (Cascade-Lake-SP/Refresh) Series","ESXi 9.0","-","-","ESXi 9.0
 ESXi 9.1
 KB428874"
"Dell","PowerEdge XE7745","AMD EPYC 9005 Series","ESXi 9.0","-","-",""
"Dell","R7715 vSAN Ready Node","AMD EPYC 9005 Series","ESXi 9.0","-","-",""
"Dell","PowerEdge FC640","Intel Xeon Silver 4200
 Bronze 3200 (Cascade-Lake-SP/Refresh) Series","ESXi 9.0","-","-","ESXi 9.0
 ESXi 9.1
 KB428874"
"Dell","PowerEdge MX760c","Intel Xeon Silver 4400
 Bronze 3400 (Sapphire-Rapids-SP) Series","ESXi 9.0","-","-",""
"Dell","PowerEdge HS5620","Intel Xeon Silver 4500
 Bronze 3500 (Emerald Rapids-SP) Series","ESXi 9.0","-","-",""
"Dell","R7615 vSAN Ready Node","AMD EPYC 9004 Series","ESXi 9.0","-","-",""
"Dell","PowerEdge XR11","Intel Xeon Platinum 8300 (Ice-Lake-SP) Series","ESXi 9.0","-","-",""
"Dell","PowerEdge R6415","AMD EPYC 7001 Series","ESXi 9.0","-","-",""
"Dell","PowerEdge MX750c","Intel Xeon Gold 6300/5300 (Ice-Lake-SP) Series ","ESXi 9.0","-","-",""
"Dell","VEP1445","Intel Atom C3000 Series","ESXi 9.0","-","-",""
"Dell","PowerEdge C6525","AMD EPYC 7002/7Fx2/7Hx2 Series","ESXi 9.0","-","-",""
"Dell","XC740xd-12R","Intel Xeon Platinum 8200 (Cascade-Lake-SP) Series","ESXi 9.0","-","-","ESXi 9.0
 ESXi 9.1
 KB428874"
"Dell","PowerEdge R650","Intel Xeon Gold 6300/5300 (Ice-Lake-SP) Series ","ESXi 9.0","-","-",""
"Dell","PowerEdge R760","Intel Xeon CPU Max 9400 (Sapphire-Rapids-HBM) Series","ESXi 9.0","-","-",""
"Dell","PowerEdge R640","Intel Xeon Platinum 8200 (Cascade-Lake-SP) Series","ESXi 9.0","-","-","ESXi 9.0
 ESXi 9.1
 KB428874"
"Dell","PowerEdge R660","Intel Xeon Silver 4500
 Bronze 3500 (Sapphire-Rapids-EE LCC) Series","ESXi 9.0","-","-",""
"Dell","PowerEdge R760","Intel Xeon Silver 4500
 Bronze 3500 (Sapphire-Rapids-EE LCC) Series","ESXi 9.0","-","-",""
"Dell","PowerEdge HS5610","Intel Xeon Silver 4500
 Bronze 3500 (Sapphire-Rapids-EE LCC) Series","ESXi 9.0","-","-",""
"Dell","PowerEdge T560","Intel Xeon Silver 4500
 Bronze 3500 (Sapphire-Rapids-EE LCC) Series","ESXi 9.0","-","-",""
"Dell","PowerEdge MX840c","Intel Xeon Gold 6200/5200 (Cascade-Lake-SP/Refresh) Series","ESXi 9.0","-","-","ESXi 9.0
 ESXi 9.1
 KB428874"
"Dell","PowerEdge R7515","AMD EPYC 7002/7Fx2/7Hx2 Series","ESXi 9.0","-","-",""
"Dell","PowerEdge MX760c","Intel Xeon Silver 4500
 Bronze 3500 (Sapphire-Rapids-EE LCC) Series","ESXi 9.0","-","-",""
"Dell","PowerEdge R760xa","Intel Xeon Silver 4500
 Bronze 3500 (Sapphire-Rapids-EE LCC) Series","ESXi 9.0","-","-",""
"Dell","VxRail VE-670","Intel Xeon 6500P/6700P (Granite Rapids-SP) Series","ESXi 9.0","-","-",""
"Dell","POWEREDGE XE2420","Intel Xeon Silver 4200
 Bronze 3200 (Cascade-Lake-SP/Refresh) Series","ESXi 9.0","-","-","ESXi 9.0
 ESXi 9.1
 KB428874"
"Dell","PowerEdge T560","Intel Xeon Gold 6400/5400 (Sapphire-Rapids-SP) Series","ESXi 9.0","-","-",""
"Dell","PowerEdge C6620","Intel Xeon Silver 4500
 Bronze 3500 (Sapphire-Rapids-EE LCC) Series","ESXi 9.0","-","-",""
"Dell","PowerEdge R760xs","Intel Xeon Silver 4500
 Bronze 3500 (Sapphire-Rapids-EE LCC) Series","ESXi 9.0","-","-",""
"Dell","VxRail E660F","Intel Xeon Gold 6300/5300 (Ice-Lake-SP) Series ","ESXi 9.0","-","-",""
"Dell","R660 vSAN Ready Node","Intel Xeon Platinum 8400 (Sapphire-Rapids-SP) Series","ESXi 9.0","-","-",""
"Dell","R840 vSAN Ready Node","Intel Xeon Silver 4200
 Bronze 3200 (Cascade-Lake-SP/Refresh) Series","ESXi 9.0","-","-","ESXi 9.0
 ESXi 9.1
 KB428874"
"Dell","PowerEdge T440","Intel Xeon Silver 4200
 Bronze 3200 (Cascade-Lake-SP/Refresh) Series","ESXi 9.0","-","-","ESXi 9.0
 ESXi 9.1
 KB428874"
"Dell","PowerEdge R6525","AMD EPYC 7002/7Fx2/7Hx2 Series","ESXi 9.0","-","-",""
"Dell","PowerEdge XR8610t","Intel Xeon Silver 4500
 Bronze 3500 (Emerald Rapids-SP) Series","ESXi 9.0","-","-",""
"Dell","PowerEdge XR7620","Intel Xeon Silver 4500
 Bronze 3500 (Emerald Rapids-SP) Series","ESXi 9.0","-","-",""
"Dell","PowerEdge XR5610","Intel Xeon Silver 4500
 Bronze 3500 (Sapphire-Rapids-EE LCC) Series","ESXi 9.0","-","-",""
"Dell","PowerEdge HS5620","Intel Xeon Silver 4500
 Bronze 3500 (Sapphire-Rapids-EE LCC) Series","ESXi 9.0","-","-",""
"Dell","PowerEdge R750xs","Intel Xeon Silver 4300 (Ice-Lake-SP) Series","ESXi 9.0","-","-",""
"Dell","PowerEdge R660xs","Intel Xeon Gold 6500/5500 (Emerald Rapids-SP) Series","ESXi 9.0","-","-",""
"Dell","PowerEdge R660xs","Intel Xeon Silver 4500
 Bronze 3500 (Sapphire-Rapids-EE LCC) Series","ESXi 9.0","-","-",""
"Dell","PowerEdge R760xa","Intel Xeon Gold 6500/5500 (Emerald Rapids-SP) Series","ESXi 9.0","NVIDIA




","L40S




",""
"Dell","PowerEdge R760XD2","Intel Xeon Silver 4500
 Bronze 3500 (Sapphire-Rapids-EE LCC) Series","ESXi 9.0","-","-",""
"Dell","VxRail VP-7725","AMD EPYC 9004 Series","ESXi 9.0","-","-",""
"Dell","MX750c vSAN Ready Node","Intel Xeon Silver 4300 (Ice-Lake-SP) Series","ESXi 9.0","-","-",""
"Dell","PowerEdge R640","Intel Xeon Gold 6200/5200 (Cascade-Lake-SP/Refresh) Series","ESXi 9.0","-","-","ESXi 9.0
 ESXi 9.1
 KB428874"
"Dell","C6420 vSAN Ready Node","Intel Xeon Gold 6200/5200 (Cascade-Lake-SP/Refresh) Series","ESXi 9.0","-","-","ESXi 9.0
 ESXi 9.1
 KB428874"
"Equinix","n3.xlarge.opt-m4s2","Intel Xeon Gold 6300/5300 (Ice-Lake-SP) Series ","ESXi 9.0","-","-",""
"Fsas Technologies Inc.","PRIMEQUEST 4400S","Intel Xeon Gold 6500/5500 (Emerald Rapids-SP) Series","ESXi 9.0","-","-",""
"Fsas Technologies Inc.","PRIMERGY RX2530 M7 ","Intel Xeon Silver 4400
 Bronze 3400 (Sapphire-Rapids-SP) Series","ESXi 9.0","-","-",""
"Fsas Technologies Inc.","PRIMERGY GX2460M1","AMD EPYC 7003/7003X Series","ESXi 9.0","-","-",""
"Fsas Technologies Inc.","PRIMERGY TX2550 M7","Intel Xeon Silver 4500
 Bronze 3500 (Emerald Rapids-SP) Series","ESXi 9.0","-","-",""
"Fsas Technologies Inc.","PRIMERGY TX2550 M7","Intel Xeon Silver 4500
 Bronze 3500 (Sapphire-Rapids-EE LCC) Series","ESXi 9.0","-","-",""
"Fsas Technologies Inc.","PRIMERGY RX2450 M1","AMD EPYC 7003/7003X Series","ESXi 9.0","-","-",""
"Fsas Technologies Inc.","PRIMERGY RX2540 M7 ","Intel Xeon CPU Max 9400 (Sapphire-Rapids-HBM) Series","ESXi 9.0","-","-",""
"Fsas Technologies Inc.","PRIMERGY RX2450 M2","AMD EPYC 9004 Series","ESXi 9.0","-","-",""
"Fsas Technologies Inc.","PRIMERGY CX2550 M7","Intel Xeon Silver 4500
 Bronze 3500 (Emerald Rapids-SP) Series","ESXi 9.0","-","-",""
"Fsas Technologies Inc.","PRIMERGY RX2540 M7 ","Intel Xeon Silver 4500
 Bronze 3500 (Sapphire-Rapids-EE LCC) Series","ESXi 9.0","-","-",""
"Fsas Technologies Inc.","PRIMEQUEST 4400S Lite","Intel Xeon Gold 6500/5500 (Emerald Rapids-SP) Series","ESXi 9.0","-","-",""
"Fsas Technologies Inc.","PRIMERGY CX2550 M7","Intel Xeon Gold 6400/5400 (Sapphire-Rapids-SP) Series","ESXi 9.0","-","-",""
"Fsas Technologies Inc.","PRIMERGY TX1330 M4","Intel Xeon E-2200 (8-core) Series","ESXi 9.0","-","-",""
"Fsas Technologies Inc.","PRIMEQUEST 4400E","Intel Xeon Gold 6500/5500 (Emerald Rapids-SP) Series","ESXi 9.0","-","-",""
"Fsas Technologies Inc.","PRIMERGY RX2520 M5","Intel Xeon Gold 6200/5200 (Cascade-Lake-SP/Refresh) Series","ESXi 9.0","-","-",""
"Fsas Technologies Inc.","PRIMERGY CX2550 M7","Intel Xeon Platinum 8500 (Emerald Rapids-SP) Series","ESXi 9.0","-","-",""
"Fsas Technologies Inc.","PRIMERGY TX2550 M7","Intel Xeon Silver 4400
 Bronze 3400 (Sapphire-Rapids-SP) Series","ESXi 9.0","-","-",""
"Fsas Technologies Inc.","PRIMERGY RX2530 M8","Intel Xeon 6500P/6700P (Granite Rapids-SP) Series","ESXi 9.0","-","-",""
"Fsas Technologies Inc.","PRIMEQUEST 3400L2","Intel Xeon Platinum 8200 (Cascade-Lake-SP) Series","ESXi 9.0","-","-",""
"Fsas Technologies Inc.","PRIMERGY CX2550 M7","Intel Xeon Gold 6500/5500 (Emerald Rapids-SP) Series","ESXi 9.0","-","-",""
"Fsas Technologies Inc.","PRIMERGY GX2560 M7","Intel Xeon Platinum 8400 (Sapphire-Rapids-SP) Series","ESXi 9.0","-","-",""
"Fsas Technologies Inc.","PRIMERGY RX2530 M7 ","Intel Xeon Platinum 8500 (Emerald Rapids-SP) Series","ESXi 9.0","-","-",""
"Fsas Technologies Inc.","PRIMERGY GX2460 M1","AMD EPYC 7002/7Fx2/7Hx2 Series","ESXi 9.0","-","-",""
"Fsas Technologies Inc.","PRIMERGY TX2550 M5","Intel Xeon Silver 4200
 Bronze 3200 (Cascade-Lake-SP/Refresh) Series","ESXi 9.0","-","-",""
"Fsas Technologies Inc.","PRIMERGY TX1330 M4","Intel Xeon E-2200 (4 or 6-core) Series","ESXi 9.0","-","-",""
"Fsas Technologies Inc.","PRIMERGY CX2550 M6","Intel Xeon Platinum 8300 (Ice-Lake-SP) Series","ESXi 9.0","-","-",""
"Fsas Technologies Inc.","PRIMERGY CX2560 M7","Intel Xeon Gold 6500/5500 (Emerald Rapids-SP) Series","ESXi 9.0","-","-",""
"Fsas Technologies Inc.","PRIMEQUEST 3400L2","Intel Xeon Gold 6200/5200 (Cascade-Lake-SP/Refresh) Series","ESXi 9.0","-","-",""
"Fsas Technologies Inc.","PRIMEQUEST 3800B2","Intel Xeon Platinum 8200 (Cascade-Lake-SP) Series","ESXi 9.0","-","-",""
"Fsas Technologies Inc.","PRIMERGY TX1320 M4","Intel Xeon E-2100 Series","ESXi 9.0","-","-",""
"Fsas Technologies Inc.","PRIMERGY GX2570 M6","Intel Xeon Gold 6300/5300 (Ice-Lake-SP) Series ","ESXi 9.0","-","-",""
"Fsas Technologies Inc.","PRIMERGY RX4770 M6","Intel Xeon Platinum 8300 (Cooper-Lake-SP) Series","ESXi 9.0","-","-",""
"Fsas Technologies Inc.","PRIMERGY RX2540 M6","Intel Xeon Silver 4300 (Ice-Lake-SP) Series","ESXi 9.0","-","-",""
"Fsas Technologies Inc.","PRIMERGY RX2540 M6","Intel Xeon Gold 6300/5300 (Ice-Lake-SP) Series ","ESXi 9.0","-","-",""
"Fsas Technologies Inc.","PRIMERGY RX2540 M5","Intel Xeon Platinum 8200 (Cascade-Lake-SP) Series","ESXi 9.0","-","-",""
"Fsas Technologies Inc.","PRIMERGY CX2560 M7","Intel Xeon Silver 4500
 Bronze 3500 (Emerald Rapids-SP) Series","ESXi 9.0","-","-",""
"Fsas Technologies Inc.","PRIMERGY RX2520 M5","Intel Xeon Silver 4200
 Bronze 3200 (Cascade-Lake-SP/Refresh) Series","ESXi 9.0","-","-",""
"Fsas Technologies Inc.","PRIMERGY RX4770 M7","Intel Xeon Platinum 8400 (Sapphire-Rapids-SP) Series","ESXi 9.0","-","-",""
"Fsas Technologies Inc.","PRIMEQUEST 3800L2","Intel Xeon Platinum 8200 (Cascade-Lake-SP) Series","ESXi 9.0","-","-",""
"Fsas Technologies Inc.","PRIMEQUEST 4400S","Intel Xeon Platinum 8400 (Sapphire-Rapids-SP) Series","ESXi 9.0","-","-",""
"Fsas Technologies Inc.","PRIMERGY RX1330 M4","Intel Xeon E-2100 Series","ESXi 9.0","-","-",""
"Fsas Technologies Inc.","PRIMERGY RX2450 M1","AMD EPYC 7002/7Fx2/7Hx2 Series","ESXi 9.0","-","-",""
"Fsas Technologies Inc.","PRIMERGY RX1330 M5 ","Intel Xeon E-2300 Series","ESXi 9.0","-","-",""
"Fsas Technologies Inc.","PRIMERGY TX1330 M5","Intel Xeon E-2300 Series","ESXi 9.0","-","-",""
"Fsas Technologies Inc.","PRIMERGY RX4770 M5 ","Intel Xeon Platinum 8200 (Cascade-Lake-SP) Series","ESXi 9.0","-","-",""
"Fsas Technologies Inc.","PRIMERGY GX2570 M6","Intel Xeon Platinum 8300 (Ice-Lake-SP) Series","ESXi 9.0","-","-",""
"Fsas Technologies Inc.","PRIMERGY RX2530 M6","Intel Xeon Platinum 8300 (Ice-Lake-SP) Series","ESXi 9.0","-","-",""
"Fsas Technologies Inc.","PRIMERGY RX2540 M8","Intel Xeon 6500P/6700P (Granite Rapids-SP) Series","ESXi 9.0","-","-",""
"Fsas Technologies Inc.","PRIMERGY TX2550 M7","Intel Xeon Gold 6500/5500 (Emerald Rapids-SP) Series","ESXi 9.0","-","-",""
"Fsas Technologies Inc.","PRIMERGY CX2560 M7","Intel Xeon Silver 4500
 Bronze 3500 (Sapphire-Rapids-EE LCC) Series","ESXi 9.0","-","-",""
"Fsas Technologies Inc.","PRIMERGY TX1320 M4","Intel Xeon E-2200 (4 or 6-core) Series","ESXi 9.0","-","-",""
"Fsas Technologies Inc.","PRIMERGY TX2550 M7","Intel Xeon Platinum 8400 (Sapphire-Rapids-SP) Series","ESXi 9.0","-","-",""
"Fsas Technologies Inc.","PRIMERGY RX4770 M6","Intel Xeon Gold 6300/5300 (Cooper-Lake-SP) Series","ESXi 9.0","-","-",""
"Fsas Technologies Inc.","PRIMERGY RX2530 M5","Intel Xeon Gold 6200/5200 (Cascade-Lake-SP/Refresh) Series","ESXi 9.0","-","-",""
"Fsas Technologies Inc.","PRIMERGY RX2530 M5","Intel Xeon Platinum 8200 (Cascade-Lake-SP) Series","ESXi 9.0","-","-",""
"Fsas Technologies Inc.","PRIMEQUEST 4400L","Intel Xeon Platinum 8400 (Sapphire-Rapids-SP) Series","ESXi 9.0","-","-",""
"Fsas Technologies Inc.","PRIMERGY CX2560 M5","Intel Xeon Silver 4200
 Bronze 3200 (Cascade-Lake-SP/Refresh) Series","ESXi 9.0","-","-",""
"Fsas Technologies Inc.","PRIMEQUEST 3800L2","Intel Xeon Gold 6200/5200 (Cascade-Lake-SP/Refresh) Series","ESXi 9.0","-","-",""
"Fsas Technologies Inc.","PRIMEQUEST 4400L","Intel Xeon Gold 6400/5400 (Sapphire-Rapids-SP) Series","ESXi 9.0","-","-",""
"Fsas Technologies Inc.","PRIMERGY TX1330 M6","Intel Xeon E-2400/Xeon 6300 Series","ESXi 9.0","-","-",""
"Fsas Technologies Inc.","PRIMEQUEST 4400S","Intel Xeon Platinum 8500 (Emerald Rapids-SP) Series","ESXi 9.0","-","-",""
"Fsas Technologies Inc.","PRIMEQUEST 4400E","Intel Xeon Gold 6400/5400 (Sapphire-Rapids-SP) Series","ESXi 9.0","-","-",""
"Fsas Technologies Inc.","PRIMERGY RX2530 M7 ","Intel Xeon Gold 6400/5400 (Sapphire-Rapids-SP) Series","ESXi 9.0","-","-",""
"Fsas Technologies Inc.","PRIMERGY RX2530 M7 ","Intel Xeon Silver 4500
 Bronze 3500 (Emerald Rapids-SP) Series","ESXi 9.0","-","-",""
"Fsas Technologies Inc.","PRIMERGY RX2530 M7 ","Intel Xeon Gold 6500/5500 (Emerald Rapids-SP) Series","ESXi 9.0","-","-",""
"Fsas Technologies Inc.","PRIMEQUEST 4400E","Intel Xeon Platinum 8500 (Emerald Rapids-SP) Series","ESXi 9.0","-","-",""
"Fsas Technologies Inc.","PRIMERGY RX2530 M7 ","Intel Xeon Silver 4500
 Bronze 3500 (Sapphire-Rapids-EE LCC) Series","ESXi 9.0","-","-",""
"Fsas Technologies Inc.","PRIMERGY RX2540 M7 ","Intel Xeon Platinum 8500 (Emerald Rapids-SP) Series","ESXi 9.0","-","-",""
"Fsas Technologies Inc.","PRIMERGY RX2540 M7 ","Intel Xeon Platinum 8400 (Sapphire-Rapids-SP) Series","ESXi 9.0","-","-",""
"Fsas Technologies Inc.","PRIMERGY RX2540 M7 ","Intel Xeon Silver 4400
 Bronze 3400 (Sapphire-Rapids-SP) Series","ESXi 9.0","-","-",""
"Fsas Technologies Inc.","PRIMERGY RX2530 M7 ","Intel Xeon CPU Max 9400 (Sapphire-Rapids-HBM) Series","ESXi 9.0","-","-",""
"Fsas Technologies Inc.","PRIMEQUEST 4400E","Intel Xeon Platinum 8400 (Sapphire-Rapids-SP) Series","ESXi 9.0","-","-",""
"Fsas Technologies Inc.","PRIMERGY RX2540 M7 ","Intel Xeon Gold 6500/5500 (Emerald Rapids-SP) Series","ESXi 9.0","-","-",""
"Fsas Technologies Inc.","PRIMERGY RX1440 M2","AMD EPYC 9005 Series","ESXi 9.0","-","-",""
"Fsas Technologies Inc.","PRIMERGY RX1440 M2","AMD EPYC 9004 Series","ESXi 9.0","-","-",""
"Fsas Technologies Inc.","PRIMERGY RX2450 M2","AMD EPYC 9005 Series","ESXi 9.0","-","-",""
"Fsas Technologies Inc.","PRIMERGY TX1330 M4","Intel Xeon E-2100 Series","ESXi 9.0","-","-",""
"Fsas Technologies Inc.","PRIMERGY RX2540 M7 ","Intel Xeon Gold 6400/5400 (Sapphire-Rapids-SP) Series","ESXi 9.0","-","-",""
"Fsas Technologies Inc.","PRIMERGY TX2550 M5","Intel Xeon Gold 6200/5200 (Cascade-Lake-SP/Refresh) Series","ESXi 9.0","-","-",""
"Fsas Technologies Inc.","PRIMERGY CX2550 M7","Intel Xeon Platinum 8400 (Sapphire-Rapids-SP) Series","ESXi 9.0","-","-",""
"Fsas Technologies Inc.","PRIMERGY RX2540 M7 ","Intel Xeon Silver 4500
 Bronze 3500 (Emerald Rapids-SP) Series","ESXi 9.0","-","-",""
"Fsas Technologies Inc.","PRIMERGY CX2550 M7","Intel Xeon Silver 4500
 Bronze 3500 (Sapphire-Rapids-EE LCC) Series","ESXi 9.0","-","-",""
"Fsas Technologies Inc.","PRIMERGY CX2550 M6","Intel Xeon Gold 6300/5300 (Ice-Lake-SP) Series ","ESXi 9.0","-","-",""
"Fsas Technologies Inc.","PRIMERGY CX2550 M7","Intel Xeon Silver 4400
 Bronze 3400 (Sapphire-Rapids-SP) Series","ESXi 9.0","-","-",""
"Fsas Technologies Inc.","PRIMERGY RX4770 M5 ","Intel Xeon Gold 6200/5200 (Cascade-Lake-SP/Refresh) Series","ESXi 9.0","-","-",""
"Fsas Technologies Inc.","PRIMEQUEST 4400L","Intel Xeon Platinum 8500 (Emerald Rapids-SP) Series","ESXi 9.0","-","-",""
"Fsas Technologies Inc.","PRIMEQUEST 3400E2 ","Intel Xeon Platinum 8200 (Cascade-Lake-SP) Series","ESXi 9.0","-","-",""
"Fsas Technologies Inc.","PRIMERGY CX2560 M7","Intel Xeon Gold 6400/5400 (Sapphire-Rapids-SP) Series","ESXi 9.0","-","-",""
"Fsas Technologies Inc.","PRIMERGY RX4770 M7","Intel Xeon Gold 6400/5400 (Sapphire-Rapids-SP) Series","ESXi 9.0","-","-",""
"Fsas Technologies Inc.","PRIMEQUEST 3400E2 ","Intel Xeon Gold 6200/5200 (Cascade-Lake-SP/Refresh) Series","ESXi 9.0","-","-",""
"Fsas Technologies Inc.","PRIMEQUEST 3800B2","Intel Xeon Gold 6200/5200 (Cascade-Lake-SP/Refresh) Series","ESXi 9.0","-","-",""
"Fsas Technologies Inc.","PRIMERGY TX1320 M5","Intel Xeon E-2300 Series","ESXi 9.0","-","-",""
"Fsas Technologies Inc.","PRIMERGY TX1320 M4","Intel Xeon E-2200 (8-core) Series","ESXi 9.0","-","-",""
"Fsas Technologies Inc.","PRIMERGY GX2560 M7","Intel Xeon Gold 6500/5500 (Emerald Rapids-SP) Series","ESXi 9.0","-","-",""
"Fsas Technologies Inc.","PRIMERGY GX2560 M7","Intel Xeon Platinum 8500 (Emerald Rapids-SP) Series","ESXi 9.0","-","-",""
"Fsas Technologies Inc.","PRIMERGY RX8770 M7","Intel Xeon Platinum 8400 (Sapphire-Rapids-SP) Series","ESXi 9.0","-","-",""
"Fsas Technologies Inc.","PRIMERGY TX2550 M7","Intel Xeon Gold 6400/5400 (Sapphire-Rapids-SP) Series","ESXi 9.0","-","-",""
"Fsas Technologies Inc.","PRIMERGY GX2560 M7","Intel Xeon Gold 6400/5400 (Sapphire-Rapids-SP) Series","ESXi 9.0","-","-",""
"Fsas Technologies Inc.","PRIMERGY RX2540 M6","Intel Xeon Platinum 8300 (Ice-Lake-SP) Series","ESXi 9.0","-","-",""
"Fsas Technologies Inc.","PRIMERGY RX2530 M6","Intel Xeon Silver 4300 (Ice-Lake-SP) Series","ESXi 9.0","-","-",""
"Fsas Technologies Inc.","PRIMERGY RX2530 M6","Intel Xeon Gold 6300/5300 (Ice-Lake-SP) Series ","ESXi 9.0","-","-",""
"Fsas Technologies Inc.","PRIMERGY RX2540 M5","Intel Xeon Gold 6200/5200 (Cascade-Lake-SP/Refresh) Series","ESXi 9.0","-","-",""
"Fsas Technologies Inc.","PRIMERGY RX1330 M4","Intel Xeon E-2200 (4 or 6-core) Series","ESXi 9.0","-","-",""
"Fsas Technologies Inc.","PRIMEQUEST 3400S2","Intel Xeon Platinum 8200 (Cascade-Lake-SP) Series","ESXi 9.0","-","-",""
"Fsas Technologies Inc.","PRIMEQUEST 3400S2","Intel Xeon Gold 6200/5200 (Cascade-Lake-SP/Refresh) Series","ESXi 9.0","-","-",""
"Fsas Technologies Inc.","PRIMEQUEST 3400S2 Lite","Intel Xeon Platinum 8200 (Cascade-Lake-SP) Series","ESXi 9.0","-","-",""
"Fsas Technologies Inc.","PRIMERGY RX2540 M5","Intel Xeon Silver 4200
 Bronze 3200 (Cascade-Lake-SP/Refresh) Series","ESXi 9.0","-","-",""
"Fsas Technologies Inc.","PRIMERGY CX2560 M5","Intel Xeon Gold 6200/5200 (Cascade-Lake-SP/Refresh) Series","ESXi 9.0","-","-",""
"Fsas Technologies Inc.","PRIMERGY CX2560 M6","Intel Xeon Gold 6300/5300 (Ice-Lake-SP) Series ","ESXi 9.0","-","-",""
"Fsas Technologies Inc.","PRIMEQUEST 3400S2 Lite","Intel Xeon Gold 6200/5200 (Cascade-Lake-SP/Refresh) Series","ESXi 9.0","-","-",""
"Fsas Technologies Inc.","PRIMERGY CX2560 M7","Intel Xeon Silver 4400
 Bronze 3400 (Sapphire-Rapids-SP) Series","ESXi 9.0","-","-",""
"Fsas Technologies Inc.","PRIMEQUEST 3800E2","Intel Xeon Gold 6200/5200 (Cascade-Lake-SP/Refresh) Series","ESXi 9.0","-","-",""
"Fsas Technologies Inc.","PRIMEQUEST 3800E2","Intel Xeon Platinum 8200 (Cascade-Lake-SP) Series","ESXi 9.0","-","-",""
"Fsas Technologies Inc.","PRIMEQUEST 4400S Lite","Intel Xeon Platinum 8400 (Sapphire-Rapids-SP) Series","ESXi 9.0","-","-",""
"Fsas Technologies Inc.","PRIMEQUEST 4400S Lite","Intel Xeon Gold 6400/5400 (Sapphire-Rapids-SP) Series","ESXi 9.0","-","-",""
"Fsas Technologies Inc.","PRIMERGY CX2560 M6","Intel Xeon Silver 4300 (Ice-Lake-SP) Series","ESXi 9.0","-","-",""
"Fsas Technologies Inc.","PRIMERGY RX1330 M4","Intel Xeon E-2200 (8-core) Series","ESXi 9.0","-","-",""
"Fsas Technologies Inc.","PRIMEQUEST 4400S","Intel Xeon Gold 6400/5400 (Sapphire-Rapids-SP) Series","ESXi 9.0","-","-",""
"Fsas Technologies Inc.","PRIMERGY RX2530 M7 ","Intel Xeon Platinum 8400 (Sapphire-Rapids-SP) Series","ESXi 9.0","-","-",""
"Fsas Technologies Inc.","PRIMERGY RX1330 M6","Intel Xeon E-2400/Xeon 6300 Series","ESXi 9.0","-","-",""
"Fsas Technologies Inc.","PRIMERGY TX1320 M6","Intel Xeon E-2400/Xeon 6300 Series","ESXi 9.0","-","-",""
"Fsas Technologies Inc.","PRIMERGY RX2530 M5","Intel Xeon Silver 4200
 Bronze 3200 (Cascade-Lake-SP/Refresh) Series","ESXi 9.0","-","-",""
"Fsas Technologies Inc.","PRIMEQUEST 4400L","Intel Xeon Gold 6500/5500 (Emerald Rapids-SP) Series","ESXi 9.0","-","-",""
"Fujitsu","PRIMEQUEST 4400L","Intel Xeon Platinum 8500 (Emerald Rapids-SP) Series","ESXi 9.0","-","-",""
"Fujitsu","PRIMEQUEST 4400L","Intel Xeon Gold 6500/5500 (Emerald Rapids-SP) Series","ESXi 9.0","-","-",""
"Fujitsu","PRIMEQUEST 4400E","Intel Xeon Gold 6500/5500 (Emerald Rapids-SP) Series","ESXi 9.0","-","-",""
"Fujitsu","PRIMERGY RX2540 M7","Intel Xeon Gold 6400/5400 (Sapphire-Rapids-SP) Series","ESXi 9.0","-","-",""
"Fujitsu","PRIMERGY TX2550 M5","Intel Xeon Gold 6200/5200 (Cascade-Lake-SP/Refresh) Series","ESXi 9.0","-","-",""
"Fujitsu","PRIMEQUEST 3800B2","Intel Xeon Gold 6200/5200 (Cascade-Lake-SP/Refresh) Series","ESXi 9.0","-","-",""
"Fujitsu","PRIMEQUEST 3800E2","Intel Xeon Gold 6200/5200 (Cascade-Lake-SP/Refresh) Series","ESXi 9.0","-","-",""
"Fujitsu","PRIMERGY RX2540 M5","Intel Xeon Silver 4200
 Bronze 3200 (Cascade-Lake-SP/Refresh) Series","ESXi 9.0","-","-",""
"Fujitsu","PRIMERGY RX2540 M6","Intel Xeon Platinum 8300 (Ice-Lake-SP) Series","ESXi 9.0","-","-",""
"Fujitsu","PRIMERGY RX2540 M6","Intel Xeon Gold 6300/5300 (Ice-Lake-SP) Series ","ESXi 9.0","-","-",""
"Fujitsu","PRIMERGY RX2530 M6","Intel Xeon Gold 6300/5300 (Ice-Lake-SP) Series ","ESXi 9.0","-","-",""
"Fujitsu","PRIMERGY RX2530 M6","Intel Xeon Silver 4300 (Ice-Lake-SP) Series","ESXi 9.0","-","-",""
"Fujitsu","PRIMERGY TX2550 M7","Intel Xeon Silver 4400
 Bronze 3400 (Sapphire-Rapids-SP) Series","ESXi 9.0","-","-",""
"Fujitsu","PRIMERGY RX2450 M2","AMD EPYC 9005 Series","ESXi 9.0","-","-",""
"Fujitsu","PRIMERGY GX2560 M7","Intel Xeon Platinum 8500 (Emerald Rapids-SP) Series","ESXi 9.0","-","-",""
"Fujitsu","PRIMERGY GX2560 M7","Intel Xeon Gold 6500/5500 (Emerald Rapids-SP) Series","ESXi 9.0","-","-",""
"Fujitsu","PRIMERGY RX4770 M7","Intel Xeon Platinum 8400 (Sapphire-Rapids-SP) Series","ESXi 9.0","-","-",""
"Fujitsu","PRIMEQUEST 3800L2","Intel Xeon Gold 6200/5200 (Cascade-Lake-SP/Refresh) Series","ESXi 9.0","-","-",""
"Fujitsu","PRIMERGY RX2530 M6","Intel Xeon Platinum 8300 (Ice-Lake-SP) Series","ESXi 9.0","-","-",""
"Fujitsu","PRIMEQUEST 4400S","Intel Xeon Gold 6400/5400 (Sapphire-Rapids-SP) Series","ESXi 9.0","-","-",""
"Fujitsu","PRIMEQUEST 4400S Lite","Intel Xeon Platinum 8400 (Sapphire-Rapids-SP) Series","ESXi 9.0","-","-",""
"Fujitsu","PRIMERGY RX2540 M6","Intel Xeon Silver 4300 (Ice-Lake-SP) Series","ESXi 9.0","-","-",""
"Fujitsu","PRIMERGY TX1320 M4","Intel Xeon E-2100 Series","ESXi 9.0","-","-",""
"Fujitsu","PRIMERGY RX2540 M7","Intel Xeon Platinum 8400 (Sapphire-Rapids-SP) Series","ESXi 9.0","NVIDIA
","L40S

H100",""
"Fujitsu","PRIMERGY RX2530 M7","Intel Xeon Platinum 8400 (Sapphire-Rapids-SP) Series","ESXi 9.0","-","-",""
"Fujitsu","PRIMERGY CX2550 M6","Intel Xeon Platinum 8300 (Ice-Lake-SP) Series","ESXi 9.0","-","-",""
"Fujitsu","PRIMERGY CX2550 M7","Intel Xeon Platinum 8400 (Sapphire-Rapids-SP) Series","ESXi 9.0","-","-",""
"Fujitsu","PRIMERGY TX2550 M7","Intel Xeon Platinum 8400 (Sapphire-Rapids-SP) Series","ESXi 9.0","-","-",""
"Fujitsu","PRIMERGY GX2570 M6","Intel Xeon Gold 6300/5300 (Ice-Lake-SP) Series ","ESXi 9.0","-","-",""
"Fujitsu","PRIMERGY RX2450 M1","AMD EPYC 7002/7Fx2/7Hx2 Series","ESXi 9.0","-","-",""
"Fujitsu","PRIMERGY RX2530 M7","Intel Xeon Gold 6400/5400 (Sapphire-Rapids-SP) Series","ESXi 9.0","-","-",""
"Fujitsu","PRIMERGY CX2560 M7","Intel Xeon Silver 4400
 Bronze 3400 (Sapphire-Rapids-SP) Series","ESXi 9.0","-","-",""
"Fujitsu","PRIMERGY CX2560 M6","Intel Xeon Silver 4300 (Ice-Lake-SP) Series","ESXi 9.0","-","-",""
"Fujitsu","PRIMERGY RX4770 M6","Intel Xeon Gold 6300/5300 (Cooper-Lake-SP) Series","ESXi 9.0","-","-",""
"Fujitsu","PRIMEQUEST 3800B2","Intel Xeon Platinum 8200 (Cascade-Lake-SP) Series","ESXi 9.0","-","-",""
"Fujitsu","PRIMEQUEST 4400S","Intel Xeon Platinum 8500 (Emerald Rapids-SP) Series","ESXi 9.0","-","-",""
"Fujitsu","PRIMERGY RX4770 M6","Intel Xeon Platinum 8300 (Cooper-Lake-SP) Series","ESXi 9.0","-","-",""
"Fujitsu","PRIMERGY RX2530 M5","Intel Xeon Silver 4200
 Bronze 3200 (Cascade-Lake-SP/Refresh) Series","ESXi 9.0","-","-",""
"Fujitsu","PRIMERGY GX2460 M1","AMD EPYC 7002/7Fx2/7Hx2 Series","ESXi 9.0","-","-",""
"Fujitsu","PRIMEQUEST 3800E2","Intel Xeon Platinum 8200 (Cascade-Lake-SP) Series","ESXi 9.0","-","-",""
"Fujitsu","PRIMERGY RX2540 M5","Intel Xeon Gold 6200/5200 (Cascade-Lake-SP/Refresh) Series","ESXi 9.0","-","-",""
"Fujitsu","PRIMERGY TX1330 M4","Intel Xeon E-2200 (8-core) Series","ESXi 9.0","-","-",""
"Fujitsu","PRIMEQUEST 3400E2","Intel Xeon Platinum 8200 (Cascade-Lake-SP) Series","ESXi 9.0","-","-",""
"Fujitsu","PRIMERGY RX2520 M5","Intel Xeon Silver 4200
 Bronze 3200 (Cascade-Lake-SP/Refresh) Series","ESXi 9.0","-","-",""
"Fujitsu","PRIMERGY RX2530 M7","Intel Xeon CPU Max 9400 (Sapphire-Rapids-HBM) Series","ESXi 9.0","-","-",""
"Fujitsu","PRIMEQUEST 3400L2","Intel Xeon Platinum 8200 (Cascade-Lake-SP) Series","ESXi 9.0","-","-",""
"Fujitsu","PRIMERGY RX1440 M2","AMD EPYC 9005 Series","ESXi 9.0","-","-",""
"Fujitsu","PRIMERGY GX2570 M6","Intel Xeon Platinum 8300 (Ice-Lake-SP) Series","ESXi 9.0","-","-",""
"Fujitsu","PRIMERGY RX2540 M7","Intel Xeon CPU Max 9400 (Sapphire-Rapids-HBM) Series","ESXi 9.0","-","-",""
"Fujitsu","PRIMERGY TX2550 M5","Intel Xeon Silver 4200
 Bronze 3200 (Cascade-Lake-SP/Refresh) Series","ESXi 9.0","-","-",""
"Fujitsu","PRIMEQUEST 3400S2 Lite","Intel Xeon Platinum 8200 (Cascade-Lake-SP) Series","ESXi 9.0","-","-",""
"Fujitsu","PRIMERGY RX2540 M5","Intel Xeon Platinum 8200 (Cascade-Lake-SP) Series","ESXi 9.0","-","-",""
"Fujitsu","PRIMERGY RX8770 M7","Intel Xeon Platinum 8400 (Sapphire-Rapids-SP) Series","ESXi 9.0","-","-",""
"Fujitsu","PRIMEQUEST 4400E","Intel Xeon Platinum 8400 (Sapphire-Rapids-SP) Series","ESXi 9.0","-","-",""
"Fujitsu","PRIMEQUEST 3400S2","Intel Xeon Platinum 8200 (Cascade-Lake-SP) Series","ESXi 9.0","-","-",""
"Fujitsu","PRIMERGY RX1330 M4","Intel Xeon E-2100 Series","ESXi 9.0","-","-",""
"Fujitsu","PRIMERGY CX2560 M5","Intel Xeon Silver 4200
 Bronze 3200 (Cascade-Lake-SP/Refresh) Series","ESXi 9.0","-","-",""
"Fujitsu","PRIMERGY CX2560 M5","Intel Xeon Gold 6200/5200 (Cascade-Lake-SP/Refresh) Series","ESXi 9.0","-","-",""
"Fujitsu","PRIMERGY RX4770 M7","Intel Xeon Gold 6400/5400 (Sapphire-Rapids-SP) Series","ESXi 9.0","-","-",""
"Fujitsu","PRIMERGY CX2550 M7","Intel Xeon Silver 4400
 Bronze 3400 (Sapphire-Rapids-SP) Series","ESXi 9.0","-","-",""
"Fujitsu","PRIMERGY CX2550 M7","Intel Xeon Platinum 8500 (Emerald Rapids-SP) Series","ESXi 9.0","-","-",""
"Fujitsu","PRIMERGY RX4770 M5","Intel Xeon Platinum 8200 (Cascade-Lake-SP) Series","ESXi 9.0","-","-",""
"Fujitsu","PRIMERGY CX2550 M7","Intel Xeon Gold 6400/5400 (Sapphire-Rapids-SP) Series","ESXi 9.0","-","-",""
"Fujitsu","PRIMERGY RX2540 M7","Intel Xeon Silver 4400
 Bronze 3400 (Sapphire-Rapids-SP) Series","ESXi 9.0","-","-",""
"Fujitsu","PRIMERGY TX2550 M7","Intel Xeon Gold 6400/5400 (Sapphire-Rapids-SP) Series","ESXi 9.0","-","-",""
"Fujitsu","PRIMEQUEST 4400E","Intel Xeon Gold 6400/5400 (Sapphire-Rapids-SP) Series","ESXi 9.0","-","-",""
"Fujitsu","PRIMERGY RX2530 M7","Intel Xeon Silver 4400
 Bronze 3400 (Sapphire-Rapids-SP) Series","ESXi 9.0","-","-",""
"Fujitsu","PRIMERGY RX2540 M7","Intel Xeon Gold 6500/5500 (Emerald Rapids-SP) Series","ESXi 9.0","-","-",""
"Fujitsu","PRIMEQUEST 4400S","Intel Xeon Gold 6500/5500 (Emerald Rapids-SP) Series","ESXi 9.0","-","-",""
"Fujitsu","PRIMERGY RX1330 M4","Intel Xeon E-2200 (8-core) Series","ESXi 9.0","-","-",""
"Fujitsu","PRIMERGY TX1330 M4","Intel Xeon E-2200 (4 or 6-core) Series","ESXi 9.0","-","-",""
"Fujitsu","PRIMERGY GX2560 M7","Intel Xeon Gold 6400/5400 (Sapphire-Rapids-SP) Series","ESXi 9.0","-","-",""
"Fujitsu","PRIMEQUEST 4400S Lite","Intel Xeon Gold 6500/5500 (Emerald Rapids-SP) Series","ESXi 9.0","-","-",""
"Fujitsu","PRIMERGY GX2560 M7","Intel Xeon Platinum 8400 (Sapphire-Rapids-SP) Series","ESXi 9.0","-","-",""
"Fujitsu","PRIMERGY TX1320 M4","Intel Xeon E-2200 (4 or 6-core) Series","ESXi 9.0","-","-",""
"Fujitsu","PRIMERGY RX1330 M4","Intel Xeon E-2200 (4 or 6-core) Series","ESXi 9.0","-","-",""
"Fujitsu","PRIMEQUEST 3800L2","Intel Xeon Platinum 8200 (Cascade-Lake-SP) Series","ESXi 9.0","-","-",""
"Fujitsu","PRIMERGY RX2530 M5","Intel Xeon Platinum 8200 (Cascade-Lake-SP) Series","ESXi 9.0","-","-",""
"Fujitsu","PRIMEQUEST 4400E","Intel Xeon Platinum 8500 (Emerald Rapids-SP) Series","ESXi 9.0","-","-",""
"Fujitsu","PRIMERGY TX2550 M7","Intel Xeon Silver 4500
 Bronze 3500 (Sapphire-Rapids-EE LCC) Series","ESXi 9.0","-","-",""
"Fujitsu","PRIMEQUEST 4400L","Intel Xeon Platinum 8400 (Sapphire-Rapids-SP) Series","ESXi 9.0","-","-",""
"Fujitsu","PRIMEQUEST 3400E2","Intel Xeon Gold 6200/5200 (Cascade-Lake-SP/Refresh) Series","ESXi 9.0","-","-",""
"Fujitsu","PRIMERGY CX2550 M6","Intel Xeon Gold 6300/5300 (Ice-Lake-SP) Series ","ESXi 9.0","-","-",""
"Fujitsu","PRIMERGY CX2560 M6","Intel Xeon Gold 6300/5300 (Ice-Lake-SP) Series ","ESXi 9.0","-","-",""
"Fujitsu","PRIMEQUEST 3400L2","Intel Xeon Gold 6200/5200 (Cascade-Lake-SP/Refresh) Series","ESXi 9.0","-","-",""
"Fujitsu","PRIMEQUEST 4400S","Intel Xeon Platinum 8400 (Sapphire-Rapids-SP) Series","ESXi 9.0","-","-",""
"Fujitsu","PRIMEQUEST 4400S Lite","Intel Xeon Gold 6400/5400 (Sapphire-Rapids-SP) Series","ESXi 9.0","-","-",""
"Fujitsu","PRIMEQUEST 4400L","Intel Xeon Gold 6400/5400 (Sapphire-Rapids-SP) Series","ESXi 9.0","-","-",""
"Fujitsu","PRIMEQUEST 3400S2","Intel Xeon Gold 6200/5200 (Cascade-Lake-SP/Refresh) Series","ESXi 9.0","-","-",""
"Fujitsu","PRIMERGY RX2450 M2","AMD EPYC 9004 Series","ESXi 9.0","-","-",""
"Fujitsu","PRIMERGY RX1440 M2","AMD EPYC 9004 Series","ESXi 9.0","-","-",""
"Fujitsu","PRIMERGY TX1330 M6","Intel Xeon E-2400/Xeon 6300 Series","ESXi 9.0","-","-",""
"Fujitsu","PRIMERGY RX1330 M6","Intel Xeon E-2400/Xeon 6300 Series","ESXi 9.0","-","-",""
"Fujitsu","PRIMERGY TX1320 M6","Intel Xeon E-2400/Xeon 6300 Series","ESXi 9.0","-","-",""
"Fujitsu","PRIMEQUEST 3400S2 Lite","Intel Xeon Gold 6200/5200 (Cascade-Lake-SP/Refresh) Series","ESXi 9.0","-","-",""
"Fujitsu","PRIMERGY RX2530 M5","Intel Xeon Gold 6200/5200 (Cascade-Lake-SP/Refresh) Series","ESXi 9.0","-","-",""
"Fujitsu","PRIMERGY CX2560 M7","Intel Xeon Gold 6400/5400 (Sapphire-Rapids-SP) Series","ESXi 9.0","-","-",""
"Fujitsu","PRIMERGY TX1320 M4","Intel Xeon E-2200 (8-core) Series","ESXi 9.0","-","-",""
"Fujitsu","PRIMERGY RX2450 M1","AMD EPYC 7003/7003X Series","ESXi 9.0","-","-",""
"Fujitsu","PRIMERGY RX2520 M5","Intel Xeon Gold 6200/5200 (Cascade-Lake-SP/Refresh) Series","ESXi 9.0","-","-",""
"Fujitsu","PRIMERGY RX1330 M5","Intel Xeon E-2300 Series","ESXi 9.0","-","-",""
"Fujitsu","PRIMERGY TX1320 M5","Intel Xeon E-2300 Series","ESXi 9.0","-","-",""
"Fujitsu","PRIMERGY TX1330 M5","Intel Xeon E-2300 Series","ESXi 9.0","-","-",""
"Fujitsu","PRIMERGY RX4770 M5","Intel Xeon Gold 6200/5200 (Cascade-Lake-SP/Refresh) Series","ESXi 9.0","-","-",""
"Fujitsu","PRIMERGY TX2550 M7","Intel Xeon Silver 4500
 Bronze 3500 (Emerald Rapids-SP) Series","ESXi 9.0","-","-",""
"Fujitsu","PRIMERGY CX2550 M7","Intel Xeon Silver 4500
 Bronze 3500 (Emerald Rapids-SP) Series","ESXi 9.0","-","-",""
"Fujitsu","PRIMERGY RX2530 M7","Intel Xeon Gold 6500/5500 (Emerald Rapids-SP) Series","ESXi 9.0","-","-",""
"Fujitsu","PRIMERGY CX2560 M7","Intel Xeon Gold 6500/5500 (Emerald Rapids-SP) Series","ESXi 9.0","-","-",""
"Fujitsu","PRIMERGY RX2540 M7","Intel Xeon Platinum 8500 (Emerald Rapids-SP) Series","ESXi 9.0","NVIDIA","H100 NVL",""
"Fujitsu","PRIMERGY RX2540 M7","Intel Xeon Silver 4500
 Bronze 3500 (Emerald Rapids-SP) Series","ESXi 9.0","-","-",""
"Fujitsu","PRIMERGY RX2530 M7","Intel Xeon Silver 4500
 Bronze 3500 (Emerald Rapids-SP) Series","ESXi 9.0","-","-",""
"Fujitsu","PRIMERGY RX2530 M7","Intel Xeon Platinum 8500 (Emerald Rapids-SP) Series","ESXi 9.0","-","-",""
"Fujitsu","PRIMERGY CX2550 M7","Intel Xeon Gold 6500/5500 (Emerald Rapids-SP) Series","ESXi 9.0","-","-",""
"Fujitsu","PRIMERGY CX2560 M7","Intel Xeon Silver 4500
 Bronze 3500 (Emerald Rapids-SP) Series","ESXi 9.0","-","-",""
"Fujitsu","PRIMERGY CX2560 M7","Intel Xeon Silver 4500
 Bronze 3500 (Sapphire-Rapids-EE LCC) Series","ESXi 9.0","-","-",""
"Fujitsu","PRIMERGY RX2540 M7","Intel Xeon Silver 4500
 Bronze 3500 (Sapphire-Rapids-EE LCC) Series","ESXi 9.0","-","-",""
"Fujitsu","PRIMERGY RX2530 M7","Intel Xeon Silver 4500
 Bronze 3500 (Sapphire-Rapids-EE LCC) Series","ESXi 9.0","-","-",""
"Fujitsu","PRIMERGY CX2550 M7","Intel Xeon Silver 4500
 Bronze 3500 (Sapphire-Rapids-EE LCC) Series","ESXi 9.0","-","-",""
"Fujitsu","PRIMERGY GX2460M1","AMD EPYC 7003/7003X Series","ESXi 9.0","-","-",""
"Fujitsu","PRIMERGY TX2550 M7","Intel Xeon Gold 6500/5500 (Emerald Rapids-SP) Series","ESXi 9.0","-","-",""
"Fujitsu","PRIMERGY TX1330 M4","Intel Xeon E-2100 Series","ESXi 9.0","-","-",""
"FusionStor Technologies Pvt. Ltd.","INVENTO i6000","Intel Xeon Silver 4300 (Ice-Lake-SP) Series","ESXi 9.0","-","-",""
"FusionStor Technologies Pvt. Ltd.","INVENTO i6409","AMD EPYC 9005 Series","ESXi 9.0","-","-",""
"FusionStor Technologies Pvt. Ltd.","Invento I6427","Intel Xeon Gold 6500/5500 (Emerald Rapids-SP) Series","ESXi 9.0","-","-",""
"Giga Computing Technology Co.
Ltd.","	GIGABYTE R183-Z92","AMD EPYC 9004 Series","ESXi 9.0","-","-",""
"Giga Computing Technology Co.
Ltd.","GIGABYTE R282-Z91","AMD EPYC 7003/7003X Series","ESXi 9.0","-","-",""
"Giga Computing Technology Co.
Ltd.","GIGABYTE R263-Z30","AMD EPYC 9004 Series","ESXi 9.0","-","-",""
"Giga Computing Technology Co.
Ltd.","GIGABYTE R283-S92","Intel Xeon Platinum 8400 (Sapphire-Rapids-SP) Series","ESXi 9.0","-","-",""
"Giga Computing Technology Co.
Ltd.","	GIGABYTE R183-S91","Intel Xeon Gold 6500/5500 (Emerald Rapids-SP) Series","ESXi 9.0","-","-",""
"Giga Computing Technology Co.
Ltd.","TO25-ZM2","AMD EPYC 9005 Series","ESXi 9.0","-","-",""
"Giga Computing Technology Co.
Ltd.","GIGABYTE R183-S92","Intel Xeon Platinum 8500 (Emerald Rapids-SP) Series","ESXi 9.0","-","-",""
"Giga Computing Technology Co.
Ltd.","GIGABYTE G492-HA0","Intel Xeon Platinum 8300 (Ice-Lake-SP) Series","ESXi 9.0","-","-",""
"Giga Computing Technology Co.
Ltd.","GIGABYTE R283-Z92","AMD EPYC 9004 Series","ESXi 9.0","-","-",""
"Giga Computing Technology Co.
Ltd.","GIGABYTE R263-S30","Intel Xeon Silver 4400
 Bronze 3400 (Sapphire-Rapids-SP) Series","ESXi 9.0","-","-",""
"Giga Computing Technology Co.
Ltd.","GIGABYTE R283-S92","Intel Xeon Silver 4500
 Bronze 3500 (Sapphire-Rapids-EE LCC) Series","ESXi 9.0","-","-",""
"Giga Computing Technology Co.
Ltd.","GIGABYTE R263-S30","Intel Xeon Silver 4500
 Bronze 3500 (Emerald Rapids-SP) Series","ESXi 9.0","-","-",""
"Giga Computing Technology Co.
Ltd.","	GIGABYTE R183-Z94","AMD EPYC 9004 Series","ESXi 9.0","-","-",""
"Giga Computing Technology Co.
Ltd.","GIGABYTE R283-S92","Intel Xeon Gold 6400/5400 (Sapphire-Rapids-SP) Series","ESXi 9.0","-","-",""
"Giga Computing Technology Co.
Ltd.","GIGABYTE R263-S30","Intel Xeon Silver 4500
 Bronze 3500 (Sapphire-Rapids-EE LCC) Series","ESXi 9.0","-","-",""
"Giga Computing Technology Co.
Ltd.","GIGABYTE R282-NO0","Intel Xeon Platinum 8300 (Ice-Lake-SP) Series","ESXi 9.0","-","-",""
"Giga Computing Technology Co.
Ltd.","GIGABYTE R282-Z91-OB1","AMD EPYC 7002/7Fx2/7Hx2 Series","ESXi 9.0","-","-",""
"Giga Computing Technology Co.
Ltd.","GIGABYTE R283-Z96","AMD EPYC 9005 Series","ESXi 9.0","-","-",""
"Giga Computing Technology Co.
Ltd.","GIGABYTE R272-Z31-OB1","AMD EPYC 7002/7Fx2/7Hx2 Series","ESXi 9.0","-","-",""
"Giga Computing Technology Co.
Ltd.","GIGABYTE R183-S92","Intel Xeon Gold 6500/5500 (Emerald Rapids-SP) Series","ESXi 9.0","-","-",""
"Giga Computing Technology Co.
Ltd.","GIGABYTE R283-S92","Intel Xeon Silver 4400
 Bronze 3400 (Sapphire-Rapids-SP) Series","ESXi 9.0","-","-",""
"Giga Computing Technology Co.
Ltd.","GIGABYTE H273-Z81","AMD EPYC 9004 Series","ESXi 9.0","-","-",""
"Giga Computing Technology Co.
Ltd.","R184-S90","Intel Xeon 6500P/6700P (Granite Rapids-SP) Series","ESXi 9.0","-","-",""
"Giga Computing Technology Co.
Ltd.","GIGABYTE R283-S91","Intel Xeon Platinum 8400 (Sapphire-Rapids-SP) Series","ESXi 9.0","-","-",""
"Giga Computing Technology Co.
Ltd.","GIGABYTE R263-Z36","AMD EPYC 9004 Series","ESXi 9.0","-","-",""
"Giga Computing Technology Co.
Ltd.","H253-Z10","AMD EPYC 9005 Series","ESXi 9.0","-","-",""
"Giga Computing Technology Co.
Ltd.","H274-S61","Intel Xeon 6500P/6700P (Granite Rapids-SP) Series","ESXi 9.0","-","-",""
"Giga Computing Technology Co.
Ltd."," G593-SD1","Intel Xeon Platinum 8400 (Sapphire-Rapids-SP) Series","ESXi 9.0","-","-",""
"Giga Computing Technology Co.
Ltd.","GIGABYTE R263-S30","Intel Xeon Platinum 8500 (Emerald Rapids-SP) Series","ESXi 9.0","-","-",""
"Giga Computing Technology Co.
Ltd.","GIGABYTE R283-ZF0","AMD EPYC 9005 Series","ESXi 9.0","-","-",""
"Giga Computing Technology Co.
Ltd.","GIGABYTE R272-Z31","AMD EPYC 7002/7Fx2/7Hx2 Series","ESXi 9.0","-","-",""
"Giga Computing Technology Co.
Ltd.","GIGABYTE R272-Z30","AMD EPYC 7002/7Fx2/7Hx2 Series","ESXi 9.0","-","-",""
"Giga Computing Technology Co.
Ltd.","GIGABYTE R263-S30","Intel Xeon Platinum 8400 (Sapphire-Rapids-SP) Series","ESXi 9.0","-","-",""
"Giga Computing Technology Co.
Ltd.","GIGABYTE R272-Z31-OB1","AMD EPYC 7003/7003X Series","ESXi 9.0","-","-",""
"Giga Computing Technology Co.
Ltd.","GIGABYTE R292-4S0","Intel Xeon Platinum 8300 (Cooper-Lake-SP) Series","ESXi 9.0","-","-",""
"Giga Computing Technology Co.
Ltd.","R183-S90","Intel Xeon Platinum 8500 (Emerald Rapids-SP) Series","ESXi 9.0","-","-",""
"Giga Computing Technology Co.
Ltd.","R283-Z94","AMD EPYC 9005 Series","ESXi 9.0","-","-",""
"Giga Computing Technology Co.
Ltd."," G593-SD1","Intel Xeon Platinum 8500 (Emerald Rapids-SP) Series","ESXi 9.0","-","-",""
"Giga Computing Technology Co.
Ltd.","R283-Z92","AMD EPYC 9005 Series","ESXi 9.0","-","-",""
"Giga Computing Technology Co.
Ltd.","GIGABYTE R183-S92","Intel Xeon Silver 4500
 Bronze 3500 (Emerald Rapids-SP) Series","ESXi 9.0","-","-",""
"Giga Computing Technology Co.
Ltd.","GIGABYTE G493-ZB3","AMD EPYC 9004 Series","ESXi 9.0","-","-",""
"Giga Computing Technology Co.
Ltd.","GIGABYTE G492-HA0","Intel Xeon Gold 6300/5300 (Ice-Lake-SP) Series ","ESXi 9.0","-","-",""
"Giga Computing Technology Co.
Ltd.","GIGABYTE G492-HA0","Intel Xeon Silver 4300 (Ice-Lake-SP) Series","ESXi 9.0","-","-",""
"Giga Computing Technology Co.
Ltd.","	GIGABYTE R183-S91","Intel Xeon Silver 4500
 Bronze 3500 (Emerald Rapids-SP) Series","ESXi 9.0","-","-",""
"Giga Computing Technology Co.
Ltd.","GIGABYTE R283-S91","Intel Xeon Gold 6400/5400 (Sapphire-Rapids-SP) Series","ESXi 9.0","-","-",""
"Giga Computing Technology Co.
Ltd.","GIGABYTE R283-S91","Intel Xeon Silver 4400
 Bronze 3400 (Sapphire-Rapids-SP) Series","ESXi 9.0","-","-",""
"Giga Computing Technology Co.
Ltd.","GIGABYTE H273-Z82","AMD EPYC 9004 Series","ESXi 9.0","-","-",""
"Giga Computing Technology Co.
Ltd.","R283-Z95","AMD EPYC 9005 Series","ESXi 9.0","-","-",""
"Giga Computing Technology Co.
Ltd.","GIGABYTE R263-Z32","AMD EPYC 9004 Series","ESXi 9.0","-","-",""
"Giga Computing Technology Co.
Ltd.","GIGABYTE R282-Z91-OB1","AMD EPYC 7003/7003X Series","ESXi 9.0","-","-",""
"Giga Computing Technology Co.
Ltd.","	GIGABYTE R183-S91","Intel Xeon Platinum 8500 (Emerald Rapids-SP) Series","ESXi 9.0","-","-",""
"Giga Computing Technology Co.
Ltd.","GIGABYTE R263-S30","Intel Xeon Gold 6400/5400 (Sapphire-Rapids-SP) Series","ESXi 9.0","-","-",""
"Giga Computing Technology Co.
Ltd.","	GIGABYTE R183-S91","Intel Xeon Platinum 8400 (Sapphire-Rapids-SP) Series","ESXi 9.0","-","-",""
"Giga Computing Technology Co.
Ltd.","GIGABYTE R263-S30","Intel Xeon Gold 6500/5500 (Emerald Rapids-SP) Series","ESXi 9.0","-","-",""
"Giga Computing Technology Co.
Ltd.","R284-S90","Intel Xeon 6500P/6700P (Granite Rapids-SP) Series","ESXi 9.0","-","-",""
"Google LLC","Google Compute Z3","Intel Xeon Platinum 8400 (Sapphire-Rapids-SP) Series","ESXi 9.0","-","-",""
"Hewlett Packard Enterprise","ProLiant DX385 Gen11","AMD EPYC 9004 Series","ESXi 9.0","-","-",""
"Hewlett Packard Enterprise","ProLiant DX360 Gen10 Plus","Intel Xeon Gold 6300/5300 (Ice-Lake-SP) Series ","ESXi 9.0","-","-",""
"Hewlett Packard Enterprise","ProLiant DX360 Gen10 Plus","Intel Xeon Silver 4300 (Ice-Lake-SP) Series","ESXi 9.0","-","-",""
"Hewlett Packard Enterprise","ProLiant DX4200 Gen10","Intel Xeon Gold 6200/5200 (Cascade-Lake-SP/Refresh) Series","ESXi 9.0","-","-",""
"Hewlett Packard Enterprise","ProLiant DX560 Gen10","Intel Xeon Gold 6200/5200 (Cascade-Lake-SP/Refresh) Series","ESXi 9.0","-","-",""
"Hewlett Packard Enterprise","Alletra Storage Server 4120","Intel Xeon Silver 4500
 Bronze 3500 (Sapphire-Rapids-EE LCC) Series","ESXi 9.0","-","-",""
"Hewlett Packard Enterprise","ProLiant DX325 Gen10 Plus v2","AMD EPYC 7003/7003X Series","ESXi 9.0","-","-",""
"Hewlett Packard Enterprise","Edgeline e930t","Intel Xeon Gold 6400/5400 (Sapphire-Rapids-SP) Series","ESXi 9.0","-","-",""
"Hewlett Packard Enterprise","ProLiant DL145 Gen11","AMD EPYC 8004 Series","ESXi 9.0","-","-",""
"Hewlett Packard Enterprise","Synergy 660 Gen10 Compute Module","Intel Xeon Silver 4200
 Bronze 3200 (Cascade-Lake-SP/Refresh) Series","ESXi 9.0","-","-",""
"Hewlett Packard Enterprise","ProLiant DX360 Gen11","Intel Xeon Platinum 8400 (Sapphire-Rapids-SP) Series","ESXi 9.0","-","-",""
"Hewlett Packard Enterprise","Alletra Storage Server 4110","Intel Xeon Silver 4400
 Bronze 3400 (Sapphire-Rapids-SP) Series","ESXi 9.0","-","-",""
"Hewlett Packard Enterprise","ProLiant DL360 Gen10","Intel Xeon Platinum 8200 (Cascade-Lake-SP) Series","ESXi 9.0","-","-",""
"Hewlett Packard Enterprise","Synergy 480 Gen11 Compute Module","Intel Xeon Platinum 8400 (Sapphire-Rapids-SP) Series","ESXi 9.0","-","-",""
"Hewlett Packard Enterprise","ProLiant ML30 Gen11","Intel Xeon E-2400/Xeon 6300 Series","ESXi 9.0","-","-",""
"Hewlett Packard Enterprise","ProLiant DX380 Gen10 Plus","Intel Xeon Silver 4300 (Ice-Lake-SP) Series","ESXi 9.0","-","-",""
"Hewlett Packard Enterprise","ProLiant DX380 Gen11","Intel Xeon Platinum 8400 (Sapphire-Rapids-SP) Series","ESXi 9.0","-","-",""
"Hewlett Packard Enterprise","ProLiant DX385 Gen10 Plus","AMD EPYC 7002/7Fx2/7Hx2 Series","ESXi 9.0","-","-",""
"Hewlett Packard Enterprise","ProLiant XL290n Gen10 Plus","Intel Xeon Gold 6300/5300 (Ice-Lake-SP) Series ","ESXi 9.0","-","-",""
"Hewlett Packard Enterprise","ProLiant XL290n Gen10 Plus","Intel Xeon Platinum 8300 (Ice-Lake-SP) Series","ESXi 9.0","-","-",""
"Hewlett Packard Enterprise","ProLiant XL290n Gen10 Plus","Intel Xeon Silver 4300 (Ice-Lake-SP) Series","ESXi 9.0","-","-",""
"Hewlett Packard Enterprise","ProLiant ML110 Gen10","Intel Xeon Silver 4200
 Bronze 3200 (Cascade-Lake-SP/Refresh) Series","ESXi 9.0","-","-",""
"Hewlett Packard Enterprise","Synergy 660 Gen10 Compute Module","Intel Xeon Platinum 8200 (Cascade-Lake-SP) Series","ESXi 9.0","-","-",""
"Hewlett Packard Enterprise","ProLiant DL360 Gen10","Intel Xeon Silver 4200
 Bronze 3200 (Cascade-Lake-SP/Refresh) Series","ESXi 9.0","-","-",""
"Hewlett Packard Enterprise","HPE Cray XD225v ","AMD EPYC 9005 Series","ESXi 9.0","-","-",""
"Hewlett Packard Enterprise","Edgeline e920d","Intel Xeon Gold 6300/5300 (Ice-Lake-SP) Series ","ESXi 9.0","-","-",""
"Hewlett Packard Enterprise","ProLiant DL380a Gen11","Intel Xeon Silver 4400
 Bronze 3400 (Sapphire-Rapids-SP) Series","ESXi 9.0","-","-",""
"Hewlett Packard Enterprise","Alletra Storage Server 4120","Intel Xeon CPU Max 9400 (Sapphire-Rapids-HBM) Series","ESXi 9.0","-","-",""
"Hewlett Packard Enterprise","ProLiant DL385 Gen11","AMD EPYC 9005 Series","ESXi 9.0","-","-",""
"Hewlett Packard Enterprise","HPE Cray XD295v","AMD EPYC 9005 Series","ESXi 9.0","-","-",""
"Hewlett Packard Enterprise","ProLiant DL345 Gen11","AMD EPYC 9005 Series","ESXi 9.0","-","-",""
"Hewlett Packard Enterprise","Superdome Flex 280","Intel Xeon Platinum 8300 (Cooper-Lake-SP) Series","ESXi 9.0","-","-",""
"Hewlett Packard Enterprise","HPE Cray XD220v","Intel Xeon CPU Max 9400 (Sapphire-Rapids-HBM) Series","ESXi 9.0","-","-",""
"Hewlett Packard Enterprise","ProLiant DL360 Gen11","Intel Xeon CPU Max 9400 (Sapphire-Rapids-HBM) Series","ESXi 9.0","-","-",""
"Hewlett Packard Enterprise"," ProLiant DX320 Gen11","Intel Xeon Gold 6400/5400 (Sapphire-Rapids-SP) Series","ESXi 9.0","-","-",""
"Hewlett Packard Enterprise","Synergy 480 Gen12 Compute Module","Intel Xeon 6500P/6700P (Granite Rapids-SP) Series","ESXi 9.0","-","-",""
"Hewlett Packard Enterprise","ProLiant DL385 Gen10","AMD EPYC 7002/7Fx2/7Hx2 Series","ESXi 9.0","-","-",""
"Hewlett Packard Enterprise","Synergy 480 Gen10 Plus Compute Module","Intel Xeon Silver 4300 (Ice-Lake-SP) Series","ESXi 9.0","-","-",""
"Hewlett Packard Enterprise","ProLiant XL420 Gen10 Plus","Intel Xeon Platinum 8300 (Ice-Lake-SP) Series","ESXi 9.0","-","-",""
"Hewlett Packard Enterprise","ProLiant DL380a Gen11","Intel Xeon CPU Max 9400 (Sapphire-Rapids-HBM) Series","ESXi 9.0","-","-",""
"Hewlett Packard Enterprise","ProLiant XL420 Gen10 Plus","Intel Xeon Gold 6300/5300 (Ice-Lake-SP) Series ","ESXi 9.0","-","-",""
"Hewlett Packard Enterprise","ProLiant DX365 Gen11","AMD EPYC 9004 Series","ESXi 9.0","-","-",""
"Hewlett Packard Enterprise","ProLiant MicroServer Gen10 Plus v2","Intel Xeon E-2300 Series","ESXi 9.0","-","-",""
"Hewlett Packard Enterprise","ProLiant XL420 Gen10 Plus","Intel Xeon Silver 4300 (Ice-Lake-SP) Series","ESXi 9.0","-","-",""
"Hewlett Packard Enterprise"," ProLiant DX560 Gen11 ","Intel Xeon Platinum 8400 (Sapphire-Rapids-SP) Series","ESXi 9.0","-","-",""
"Hewlett Packard Enterprise","ProLiant DX380a Gen11","Intel Xeon Platinum 8400 (Sapphire-Rapids-SP) Series","ESXi 9.0","-","-",""
"Hewlett Packard Enterprise","Alletra Storage Server 4110","Intel Xeon CPU Max 9400 (Sapphire-Rapids-HBM) Series","ESXi 9.0","-","-",""
"Hewlett Packard Enterprise","ProLiant DL380 Gen10 Plus","Intel Xeon Platinum 8300 (Ice-Lake-SP) Series","ESXi 9.0","-","-",""
"Hewlett Packard Enterprise","ProLiant DL560 Gen11","Intel Xeon Platinum 8400 (Sapphire-Rapids-SP) Series","ESXi 9.0","-","-",""
"Hewlett Packard Enterprise","ProLiant DL560 Gen11","Intel Xeon Gold 6400/5400 (Sapphire-Rapids-SP) Series","ESXi 9.0","-","-",""
"Hewlett Packard Enterprise","ProLiant DL110 Gen11","Intel Xeon Silver 4400
 Bronze 3400 (Sapphire-Rapids-SP) Series","ESXi 9.0","-","-",""
"Hewlett Packard Enterprise","ProLiant DL325 Gen11","AMD EPYC 9004 Series","ESXi 9.0","-","-",""
"Hewlett Packard Enterprise","ProLiant DL345 Gen11","AMD EPYC 9004 Series","ESXi 9.0","-","-",""
"Hewlett Packard Enterprise","ProLiant DL360 Gen10 Plus","Intel Xeon Gold 6300/5300 (Ice-Lake-SP) Series ","ESXi 9.0","-","-",""
"Hewlett Packard Enterprise","ProLiant ML110 Gen11","Intel Xeon Gold 6400/5400 (Sapphire-Rapids-SP) Series","ESXi 9.0","-","-",""
"Hewlett Packard Enterprise","ProLiant DL365 Gen11","AMD EPYC 9004 Series","ESXi 9.0","-","-",""
"Hewlett Packard Enterprise","HPE Cray XD225v ","AMD EPYC 9004 Series","ESXi 9.0","-","-",""
"Hewlett Packard Enterprise","ProLiant DL110 Gen11","Intel Xeon Gold 6400/5400 (Sapphire-Rapids-SP) Series","ESXi 9.0","-","-",""
"Hewlett Packard Enterprise","ProLiant DL380 Gen10 Plus","Intel Xeon Silver 4300 (Ice-Lake-SP) Series","ESXi 9.0","-","-",""
"Hewlett Packard Enterprise","ProLiant DL380a Gen11","Intel Xeon Platinum 8400 (Sapphire-Rapids-SP) Series","ESXi 9.0","NVIDIA
","H100 PCIe
",""
"Hewlett Packard Enterprise","ProLiant DL380a Gen11","Intel Xeon Gold 6400/5400 (Sapphire-Rapids-SP) Series","ESXi 9.0","NVIDIA","L40S",""
"Hewlett Packard Enterprise","Synergy 480 Gen10 Plus Compute Module","Intel Xeon Gold 6300/5300 (Ice-Lake-SP) Series ","ESXi 9.0","-","-",""
"Hewlett Packard Enterprise","ProLiant ML110 Gen11","Intel Xeon Silver 4400
 Bronze 3400 (Sapphire-Rapids-SP) Series","ESXi 9.0","-","-",""
"Hewlett Packard Enterprise","ProLiant XL420 Gen10","Intel Xeon Silver 4200
 Bronze 3200 (Cascade-Lake-SP/Refresh) Series","ESXi 9.0","-","-",""
"Hewlett Packard Enterprise","Synergy 660 Gen10 Compute Module","Intel Xeon Gold 6200/5200 (Cascade-Lake-SP/Refresh) Series","ESXi 9.0","-","-",""
"Hewlett Packard Enterprise","ProLiant ML110 Gen10","Intel Xeon Gold 6200/5200 (Cascade-Lake-SP/Refresh) Series","ESXi 9.0","-","-",""
"Hewlett Packard Enterprise","HPE Cray XD295v","AMD EPYC 9004 Series","ESXi 9.0","-","-",""
"Hewlett Packard Enterprise","HPE Cray XD220v","Intel Xeon Platinum 8400 (Sapphire-Rapids-SP) Series","ESXi 9.0","-","-",""
"Hewlett Packard Enterprise","Superdome Flex 280","Intel Xeon Platinum 8300 (Cooper-Lake-SP) Series","ESXi 9.0","-","-",""
"Hewlett Packard Enterprise","Superdome Flex 280","Intel Xeon Gold 6300/5300 (Cooper-Lake-SP) Series","ESXi 9.0","-","-",""
"Hewlett Packard Enterprise","Synergy 480 Gen11 Compute Module","Intel Xeon Gold 6400/5400 (Sapphire-Rapids-SP) Series","ESXi 9.0","-","-",""
"Hewlett Packard Enterprise","ProLiant DL560 Gen10","Intel Xeon Platinum 8200 (Cascade-Lake-SP) Series","ESXi 9.0","-","-",""
"Hewlett Packard Enterprise","Superdome Flex 280","Intel Xeon Platinum 8300 (Cooper-Lake-SP) Series","ESXi 9.0","-","-",""
"Hewlett Packard Enterprise","ProLiant DX385 Gen10 Plus v2","AMD EPYC 7003/7003X Series","ESXi 9.0","-","-",""
"Hewlett Packard Enterprise","ProLiant DX380 Gen10 Plus","Intel Xeon Gold 6300/5300 (Ice-Lake-SP) Series ","ESXi 9.0","-","-",""
"Hewlett Packard Enterprise","ProLiant Compute DL380 Gen12","Intel Xeon 6500P/6700P (Granite Rapids-SP) Series","ESXi 9.0","-","-",""
"Hewlett Packard Enterprise","ProLiant Compute ML350 Gen12","Intel Xeon 6500P/6700P (Granite Rapids-SP) Series","ESXi 9.0","-","-",""
"Hewlett Packard Enterprise","ProLiant Compute DL380a Gen12","Intel Xeon 6500P/6700P (Granite Rapids-SP) Series","ESXi 9.0","NVIDIA","RTX PRO 6000 Blackwell Server Edition",""
"Hewlett Packard Enterprise","ProLiant Compute DL360 Gen12","Intel Xeon 6500P/6700P (Granite Rapids-SP) Series","ESXi 9.0","-","-",""
"Hewlett Packard Enterprise","Synergy 480 Gen11 Compute Module","Intel Xeon Gold 6500/5500 (Emerald Rapids-SP) Series","ESXi 9.0","-","-",""
"Hewlett Packard Enterprise","ProLiant DL580 Gen10","Intel Xeon Gold 6200/5200 (Cascade-Lake-SP/Refresh) Series","ESXi 9.0","-","-",""
"Hewlett Packard Enterprise","HPE Superdome Flex","Intel Xeon Gold 6200/5200 (Cascade-Lake-SP/Refresh) Series","ESXi 9.0","-","-",""
"Hewlett Packard Enterprise","ProLiant Compute DL320 Gen12","Intel Xeon 6500P/6700P (Granite Rapids-SP) Series","ESXi 9.0","-","-",""
"Hewlett Packard Enterprise","ProLiant DX380 Gen10 Plus","Intel Xeon Platinum 8300 (Ice-Lake-SP) Series","ESXi 9.0","-","-",""
"Hewlett Packard Enterprise","ProLiant ML350 Gen10","Intel Xeon Platinum 8200 (Cascade-Lake-SP) Series","ESXi 9.0","-","-",""
"Hewlett Packard Enterprise","Alletra Storage Server 4210","Intel Xeon 6500P/6700P (Granite Rapids-SP) Series","ESXi 9.0","-","-",""
"Hewlett Packard Enterprise","ProLiant Compute DL340 Gen12","Intel Xeon 6500P/6700P (Granite Rapids-SP) Series","ESXi 9.0","-","-",""
"Hewlett Packard Enterprise","ProLiant XL675d Gen10 Plus","AMD EPYC 7002/7Fx2/7Hx2 Series","ESXi 9.0","-","-",""
"Hewlett Packard Enterprise","Synergy 480 Gen11 Compute Module","Intel Xeon Silver 4400
 Bronze 3400 (Sapphire-Rapids-SP) Series","ESXi 9.0","-","-",""
"Hewlett Packard Enterprise","ProLiant DL345 Gen10 Plus","AMD EPYC 7003/7003X Series","ESXi 9.0","-","-",""
"Hewlett Packard Enterprise","ProLiant DL325 Gen10 Plus v2","AMD EPYC 7003/7003X Series","ESXi 9.0","-","-",""
"Hewlett Packard Enterprise","ProLiant DL345 Gen10 Plus","AMD EPYC 7002/7Fx2/7Hx2 Series","ESXi 9.0","-","-",""
"Hewlett Packard Enterprise","Synergy 480 Gen10 Plus Compute Module","Intel Xeon Platinum 8300 (Ice-Lake-SP) Series","ESXi 9.0","-","-",""
"Hewlett Packard Enterprise","ProLiant DL385 Gen10 Plus v2","AMD EPYC 7003/7003X Series","ESXi 9.0","-","-",""
"Hewlett Packard Enterprise","ProLiant DL365 Gen10 Plus","AMD EPYC 7003/7003X Series","ESXi 9.0","-","-",""
"Hewlett Packard Enterprise","ProLiant DL388 Gen10","Intel Xeon Gold 6200/5200 (Cascade-Lake-SP/Refresh) Series","ESXi 9.0","-","-",""
"Hewlett Packard Enterprise","ProLiant Compute DL345 Gen12","AMD EPYC 9005 Series","ESXi 9.0","-","-",""
"Hewlett Packard Enterprise","Alletra Storage Server 4110","Intel Xeon Silver 4500
 Bronze 3500 (Sapphire-Rapids-EE LCC) Series","ESXi 9.0","-","-",""
"Hewlett Packard Enterprise","ProLiant Compute DL325 Gen12","AMD EPYC 9005 Series","ESXi 9.0","-","-",""
"Hewlett Packard Enterprise","ProLiant DL365 Gen10 Plus","AMD EPYC 7002/7Fx2/7Hx2 Series","ESXi 9.0","-","-",""
"Hewlett Packard Enterprise","ProLiant XL220n Gen10 Plus","Intel Xeon Silver 4300 (Ice-Lake-SP) Series","ESXi 9.0","-","-",""
"Hewlett Packard Enterprise","ProLiant XL220n Gen10 Plus","Intel Xeon Gold 6300/5300 (Ice-Lake-SP) Series ","ESXi 9.0","-","-",""
"Hewlett Packard Enterprise","Edgeline e920d","Intel Xeon Silver 4300 (Ice-Lake-SP) Series","ESXi 9.0","-","-",""
"Hewlett Packard Enterprise","ProLiant ML350 Gen10","Intel Xeon Gold 6200/5200 (Cascade-Lake-SP/Refresh) Series","ESXi 9.0","-","-",""
"Hewlett Packard Enterprise","ProLiant XL220n Gen10 Plus","Intel Xeon Platinum 8300 (Ice-Lake-SP) Series","ESXi 9.0","-","-",""
"Hewlett Packard Enterprise","ProLiant DL320 Gen11","Intel Xeon Silver 4500
 Bronze 3500 (Sapphire-Rapids-EE LCC) Series","ESXi 9.0","-","-",""
"Hewlett Packard Enterprise","HPE Cray XD670","Intel Xeon Platinum 8400 (Sapphire-Rapids-SP) Series","ESXi 9.0","-","-",""
"Hewlett Packard Enterprise","Edgeline e920d","Intel Xeon Platinum 8300 (Ice-Lake-SP) Series","ESXi 9.0","-","-",""
"Hewlett Packard Enterprise","ProLiant DL325 Gen10","AMD EPYC 7002/7Fx2/7Hx2 Series","ESXi 9.0","-","-",""
"Hewlett Packard Enterprise","Edgeline e920t","Intel Xeon Silver 4300 (Ice-Lake-SP) Series","ESXi 9.0","-","-",""
"Hewlett Packard Enterprise","ProLiant DL365 Gen11","AMD EPYC 9005 Series","ESXi 9.0","-","-",""
"Hewlett Packard Enterprise","Edgeline e920t","Intel Xeon Platinum 8300 (Ice-Lake-SP) Series","ESXi 9.0","-","-",""
"Hewlett Packard Enterprise"," ProLiant DL380 Gen11 ","Intel Xeon CPU Max 9400 (Sapphire-Rapids-HBM) Series","ESXi 9.0","-","-",""
"Hewlett Packard Enterprise","ProLiant DL360 Gen10 Plus","Intel Xeon Platinum 8300 (Ice-Lake-SP) Series","ESXi 9.0","-","-",""
"Hewlett Packard Enterprise","ProLiant XL645d Gen10 Plus","AMD EPYC 7003/7003X Series","ESXi 9.0","-","-",""
"Hewlett Packard Enterprise","ProLiant XL225n Gen10 Plus","AMD EPYC 7003/7003X Series","ESXi 9.0","-","-",""
"Hewlett Packard Enterprise","ProLiant XL675d Gen10 Plus","AMD EPYC 7003/7003X Series","ESXi 9.0","-","-",""
"Hewlett Packard Enterprise","Alletra Storage Server 4110","Intel Xeon Silver 4500
 Bronze 3500 (Emerald Rapids-SP) Series","ESXi 9.0","-","-",""
"Hewlett Packard Enterprise","ProLiant ML110 Gen11","Intel Xeon Gold 6500/5500 (Emerald Rapids-SP) Series","ESXi 9.0","-","-",""
"Hewlett Packard Enterprise","ProLiant DL360 Gen11","Intel Xeon Silver 4500
 Bronze 3500 (Emerald Rapids-SP) Series","ESXi 9.0","-","-",""
"Hewlett Packard Enterprise","Alletra Storage Server 4120","Intel Xeon Gold 6500/5500 (Emerald Rapids-SP) Series","ESXi 9.0","-","-",""
"Hewlett Packard Enterprise","HPE Superdome Flex","Intel Xeon Gold 6200/5200 (Cascade-Lake-SP/Refresh) Series","ESXi 9.0","-","-",""
"Hewlett Packard Enterprise","Superdome Flex 280","Intel Xeon Platinum 8300 (Cooper-Lake-SP) Series","ESXi 9.0","-","-",""
"Hewlett Packard Enterprise","ProLiant DL380a Gen11","Intel Xeon Platinum 8500 (Emerald Rapids-SP) Series","ESXi 9.0","-","-",""
"Hewlett Packard Enterprise","ProLiant DL380 Gen10","Intel Xeon Gold 6200/5200 (Cascade-Lake-SP/Refresh) Series","ESXi 9.0","-","-",""
"Hewlett Packard Enterprise","ProLiant ML110 Gen11","Intel Xeon Silver 4500
 Bronze 3500 (Emerald Rapids-SP) Series","ESXi 9.0","-","-",""
"Hewlett Packard Enterprise"," ProLiant DL380 Gen11 ","Intel Xeon Silver 4500
 Bronze 3500 (Sapphire-Rapids-EE LCC) Series","ESXi 9.0","-","-",""
"Hewlett Packard Enterprise","ProLiant DL380a Gen11","Intel Xeon Silver 4500
 Bronze 3500 (Sapphire-Rapids-EE LCC) Series","ESXi 9.0","-","-",""
"Hewlett Packard Enterprise","ProLiant DL325 Gen11","AMD EPYC 9005 Series","ESXi 9.0","-","-",""
"Hewlett Packard Enterprise","Alletra Storage Server 4120","Intel Xeon Silver 4400
 Bronze 3400 (Sapphire-Rapids-SP) Series","ESXi 9.0","-","-",""
"Hewlett Packard Enterprise","ProLiant Compute DL340e Gen12","Intel Xeon 6500P/6700P (Granite Rapids-SP) Series","ESXi 9.0","-","-",""
"Hewlett Packard Enterprise","HPE Superdome Flex","Intel Xeon Gold 6200/5200 (Cascade-Lake-SP/Refresh) Series","ESXi 9.0","-","-",""
"Hewlett Packard Enterprise","ProLiant XL420 Gen10","Intel Xeon Gold 6200/5200 (Cascade-Lake-SP/Refresh) Series","ESXi 9.0","-","-",""
"Hewlett Packard Enterprise","ProLiant DL385 Gen11","AMD EPYC 9004 Series","ESXi 9.0","NVIDIA

","RTX PRO 6000 Blackwell Server Edition

L40S
",""
"Hewlett Packard Enterprise","ProLiant DX560 Gen10","Intel Xeon Platinum 8200 (Cascade-Lake-SP) Series","ESXi 9.0","-","-",""
"Hewlett Packard Enterprise","ProLiant DX360 Gen10 Plus","Intel Xeon Platinum 8300 (Ice-Lake-SP) Series","ESXi 9.0","-","-",""
"Hewlett Packard Enterprise","ProLiant DL580 Gen10","Intel Xeon Platinum 8200 (Cascade-Lake-SP) Series","ESXi 9.0","-","-",""
"Hewlett Packard Enterprise","ProLiant DL560 Gen10","Intel Xeon Gold 6200/5200 (Cascade-Lake-SP/Refresh) Series","ESXi 9.0","-","-",""
"Hewlett Packard Enterprise","ProLiant DL160 Gen10","Intel Xeon Platinum 8200 (Cascade-Lake-SP) Series","ESXi 9.0","-","-",""
"Hewlett Packard Enterprise","ProLiant ML350 Gen10","Intel Xeon Silver 4200
 Bronze 3200 (Cascade-Lake-SP/Refresh) Series","ESXi 9.0","-","-",""
"Hewlett Packard Enterprise","ProLiant DL380 Gen10 Plus","Intel Xeon Gold 6300/5300 (Ice-Lake-SP) Series ","ESXi 9.0","-","-",""
"Hewlett Packard Enterprise","HPE Superdome Flex","Intel Xeon Gold 6200/5200 (Cascade-Lake-SP/Refresh) Series","ESXi 9.0","-","-",""
"Hewlett Packard Enterprise","ProLiant DX360 Gen10","Intel Xeon Platinum 8200 (Cascade-Lake-SP) Series","ESXi 9.0","-","-",""
"Hewlett Packard Enterprise","ProLiant DX360 Gen10","Intel Xeon Gold 6200/5200 (Cascade-Lake-SP/Refresh) Series","ESXi 9.0","-","-",""
"Hewlett Packard Enterprise","ProLiant DX380 Gen10","Intel Xeon Platinum 8200 (Cascade-Lake-SP) Series","ESXi 9.0","-","-",""
"Hewlett Packard Enterprise","ProLiant DX380 Gen10","Intel Xeon Gold 6200/5200 (Cascade-Lake-SP/Refresh) Series","ESXi 9.0","-","-",""
"Hewlett Packard Enterprise","ProLiant DX4200 Gen10","Intel Xeon Silver 4200
 Bronze 3200 (Cascade-Lake-SP/Refresh) Series","ESXi 9.0","-","-",""
"Hewlett Packard Enterprise","ProLiant DX380 Gen10","Intel Xeon Silver 4200
 Bronze 3200 (Cascade-Lake-SP/Refresh) Series","ESXi 9.0","-","-",""
"Hewlett Packard Enterprise","ProLiant ML30 Gen10","Intel Xeon E-2200 (4 or 6-core) Series","ESXi 9.0","-","-",""
"Hewlett Packard Enterprise","ProLiant DL20 Gen10","Intel Xeon E-2200 (4 or 6-core) Series","ESXi 9.0","-","-",""
"Hewlett Packard Enterprise","Synergy 480 Gen10 Compute Module","Intel Xeon Platinum 8200 (Cascade-Lake-SP) Series","ESXi 9.0","-","-",""
"Hewlett Packard Enterprise","Alletra Storage Server 4140","Intel Xeon Gold 6400/5400 (Sapphire-Rapids-SP) Series","ESXi 9.0","-","-",""
"Hewlett Packard Enterprise","Alletra Storage Server 4140","Intel Xeon Silver 4400
 Bronze 3400 (Sapphire-Rapids-SP) Series","ESXi 9.0","-","-",""
"Hewlett Packard Enterprise","ProLiant DL160 Gen10","Intel Xeon Gold 6200/5200 (Cascade-Lake-SP/Refresh) Series","ESXi 9.0","-","-",""
"Hewlett Packard Enterprise","ProLiant DL20 Gen11","Intel Xeon E-2400/Xeon 6300 Series","ESXi 9.0","-","-",""
"Hewlett Packard Enterprise","Synergy 480 Gen10 Compute Module","Intel Xeon Gold 6200/5200 (Cascade-Lake-SP/Refresh) Series","ESXi 9.0","-","-",""
"Hewlett Packard Enterprise","ProLiant DL160 Gen10","Intel Xeon Silver 4200
 Bronze 3200 (Cascade-Lake-SP/Refresh) Series","ESXi 9.0","-","-",""
"Hewlett Packard Enterprise","ProLiant DL325 Gen10 Plus","AMD EPYC 7002/7Fx2/7Hx2 Series","ESXi 9.0","-","-",""
"Hewlett Packard Enterprise","Synergy 480 Gen10 Compute Module","Intel Xeon Silver 4200
 Bronze 3200 (Cascade-Lake-SP/Refresh) Series","ESXi 9.0","-","-",""
"Hewlett Packard Enterprise","ProLiant DL380 Gen10","Intel Xeon Platinum 8200 (Cascade-Lake-SP) Series","ESXi 9.0","-","-",""
"Hewlett Packard Enterprise","HPE Superdome Flex","Intel Xeon Platinum 8200 (Cascade-Lake-SP) Series","ESXi 9.0","-","-",""
"Hewlett Packard Enterprise","ProLiant DL20 Gen10 Plus","Intel Xeon E-2300 Series","ESXi 9.0","-","-",""
"Hewlett Packard Enterprise","ProLiant ML30 Gen10 Plus","Intel Xeon E-2300 Series","ESXi 9.0","-","-",""
"Hewlett Packard Enterprise","Synergy 480 Gen11 Compute Module","Intel Xeon Platinum 8500 (Emerald Rapids-SP) Series","ESXi 9.0","-","-",""
"Hewlett Packard Enterprise","Synergy 480 Gen11 Compute Module","Intel Xeon Silver 4500
 Bronze 3500 (Emerald Rapids-SP) Series","ESXi 9.0","-","-",""
"Hewlett Packard Enterprise","ProLiant DL180 Gen10","Intel Xeon Platinum 8200 (Cascade-Lake-SP) Series","ESXi 9.0","-","-",""
"Hewlett Packard Enterprise","Alletra Storage Server 4110","Intel Xeon Platinum 8400 (Sapphire-Rapids-SP) Series","ESXi 9.0","-","-",""
"Hewlett Packard Enterprise","Alletra Storage Server 4110","Intel Xeon Platinum 8500 (Emerald Rapids-SP) Series","ESXi 9.0","-","-",""
"Hewlett Packard Enterprise","Alletra Storage Server 4110","Intel Xeon Gold 6500/5500 (Emerald Rapids-SP) Series","ESXi 9.0","-","-",""
"Hewlett Packard Enterprise","ProLiant DL385 Gen10 Plus","AMD EPYC 7002/7Fx2/7Hx2 Series","ESXi 9.0","-","-",""
"Hewlett Packard Enterprise","Alletra Storage Server 4140","Intel Xeon Gold 6500/5500 (Emerald Rapids-SP) Series","ESXi 9.0","-","-",""
"Hewlett Packard Enterprise","Alletra Storage Server 4140","Intel Xeon Silver 4500
 Bronze 3500 (Emerald Rapids-SP) Series","ESXi 9.0","-","-",""
"Hewlett Packard Enterprise","ProLiant ML350 Gen11","Intel Xeon Platinum 8500 (Emerald Rapids-SP) Series","ESXi 9.0","-","-",""
"Hewlett Packard Enterprise","ProLiant DL20 Gen10","Intel Xeon E-2200 (8-core) Series","ESXi 9.0","-","-",""
"Hewlett Packard Enterprise","ProLiant DL320 Gen11","Intel Xeon Gold 6500/5500 (Emerald Rapids-SP) Series","ESXi 9.0","-","-",""
"Hewlett Packard Enterprise","ProLiant DL360 Gen11","Intel Xeon Platinum 8500 (Emerald Rapids-SP) Series","ESXi 9.0","-","-",""
"Hewlett Packard Enterprise","ProLiant ML350 Gen11","Intel Xeon Gold 6500/5500 (Emerald Rapids-SP) Series","ESXi 9.0","-","-",""
"Hewlett Packard Enterprise","ProLiant ML30 Gen10","Intel Xeon E-2200 (8-core) Series","ESXi 9.0","-","-",""
"Hewlett Packard Enterprise","ProLiant DL360 Gen11","Intel Xeon Gold 6500/5500 (Emerald Rapids-SP) Series","ESXi 9.0","-","-",""
"Hewlett Packard Enterprise","ProLiant ML350 Gen11","Intel Xeon Silver 4500
 Bronze 3500 (Emerald Rapids-SP) Series","ESXi 9.0","-","-",""
"Hewlett Packard Enterprise","Alletra Storage Server 4120","Intel Xeon Platinum 8500 (Emerald Rapids-SP) Series","ESXi 9.0","-","-",""
"Hewlett Packard Enterprise","ProLiant DL320 Gen11","Intel Xeon Platinum 8500 (Emerald Rapids-SP) Series","ESXi 9.0","-","-",""
"Hewlett Packard Enterprise","Alletra Storage Server 4120","Intel Xeon Silver 4500
 Bronze 3500 (Emerald Rapids-SP) Series","ESXi 9.0","-","-",""
"Hewlett Packard Enterprise","ProLiant DL320 Gen11","Intel Xeon Silver 4500
 Bronze 3500 (Emerald Rapids-SP) Series","ESXi 9.0","-","-",""
"Hewlett Packard Enterprise","ProLiant DL380a Gen11","Intel Xeon Gold 6500/5500 (Emerald Rapids-SP) Series","ESXi 9.0","-","-",""
"Hewlett Packard Enterprise","ProLiant DL380a Gen11","Intel Xeon Silver 4500
 Bronze 3500 (Emerald Rapids-SP) Series","ESXi 9.0","-","-",""
"Hewlett Packard Enterprise"," ProLiant DL380 Gen11 ","Intel Xeon Platinum 8500 (Emerald Rapids-SP) Series","ESXi 9.0","-","-",""
"Hewlett Packard Enterprise"," ProLiant DL380 Gen11 ","Intel Xeon Gold 6500/5500 (Emerald Rapids-SP) Series","ESXi 9.0","-","-",""
"Hewlett Packard Enterprise"," ProLiant DL380 Gen11 ","Intel Xeon Silver 4500
 Bronze 3500 (Emerald Rapids-SP) Series","ESXi 9.0","-","-",""
"Hewlett Packard Enterprise","ProLiant DL180 Gen10","Intel Xeon Gold 6200/5200 (Cascade-Lake-SP/Refresh) Series","ESXi 9.0","-","-",""
"Hewlett Packard Enterprise","ProLiant DL360 Gen10 Plus","Intel Xeon Silver 4300 (Ice-Lake-SP) Series","ESXi 9.0","-","-",""
"Hewlett Packard Enterprise","HPE Compute Scale-up Server 3200","Intel Xeon Platinum 8400 (Sapphire-Rapids-SP) Series","ESXi 9.0","-","-",""
"Hewlett Packard Enterprise","HPE Compute Scale-up Server 3200","Intel Xeon Gold 6400/5400 (Sapphire-Rapids-SP) Series","ESXi 9.0","-","-",""
"Hewlett Packard Enterprise","HPE Compute Scale-up Server 3200","Intel Xeon Platinum 8400 (Sapphire-Rapids-SP) Series","ESXi 9.0","-","-",""
"Hewlett Packard Enterprise","HPE Compute Scale-up Server 3200","Intel Xeon Gold 6400/5400 (Sapphire-Rapids-SP) Series","ESXi 9.0","-","-",""
"Hewlett Packard Enterprise","HPE Superdome Flex","Intel Xeon Platinum 8200 (Cascade-Lake-SP) Series","ESXi 9.0","-","-",""
"Hewlett Packard Enterprise","ProLiant DL360 Gen10","Intel Xeon Gold 6200/5200 (Cascade-Lake-SP/Refresh) Series","ESXi 9.0","-","-",""
"Hewlett Packard Enterprise","ProLiant DL180 Gen10","Intel Xeon Silver 4200
 Bronze 3200 (Cascade-Lake-SP/Refresh) Series","ESXi 9.0","-","-",""
"Hewlett Packard Enterprise","ProLiant DX4200 Gen10","Intel Xeon Platinum 8200 (Cascade-Lake-SP) Series","ESXi 9.0","-","-",""
"Hewlett Packard Enterprise","ProLiant MicroServer Gen11","Intel Xeon E-2400/Xeon 6300 Series","ESXi 9.0","-","-",""
"Hewlett Packard Enterprise","ProLiant DL110 Gen10 Plus","Intel Xeon Silver 4300 (Ice-Lake-SP) Series","ESXi 9.0","-","-",""
"Hewlett Packard Enterprise","ProLiant DL110 Gen10 Plus","Intel Xeon Gold 6300/5300 (Ice-Lake-SP) Series ","ESXi 9.0","-","-",""
"Hewlett Packard Enterprise","Superdome Flex 280","Intel Xeon Gold 6300/5300 (Cooper-Lake-SP) Series","ESXi 9.0","-","-",""
"Hewlett Packard Enterprise","HPE Cray XD220v","Intel Xeon Platinum 8500 (Emerald Rapids-SP) Series","ESXi 9.0","-","-",""
"Hewlett Packard Enterprise","ProLiant XL420 Gen10","Intel Xeon Platinum 8200 (Cascade-Lake-SP) Series","ESXi 9.0","-","-",""
"Hewlett Packard Enterprise","HPE Cray XD220v","Intel Xeon Gold 6500/5500 (Emerald Rapids-SP) Series","ESXi 9.0","-","-",""
"Hewlett Packard Enterprise","HPE Cray XD220v","Intel Xeon Silver 4500
 Bronze 3500 (Emerald Rapids-SP) Series","ESXi 9.0","-","-",""
"Hewlett Packard Enterprise","ProLiant XL450 Gen10","Intel Xeon Gold 6200/5200 (Cascade-Lake-SP/Refresh) Series","ESXi 9.0","-","-",""
"Hewlett Packard Enterprise","Edgeline e920","Intel Xeon Platinum 8300 (Ice-Lake-SP) Series","ESXi 9.0","-","-",""
"Hewlett Packard Enterprise","Edgeline e920","Intel Xeon Gold 6300/5300 (Ice-Lake-SP) Series ","ESXi 9.0","-","-",""
"Hewlett Packard Enterprise","Edgeline e920","Intel Xeon Silver 4300 (Ice-Lake-SP) Series","ESXi 9.0","-","-",""
"Hewlett Packard Enterprise","ProLiant XL450 Gen10","Intel Xeon Silver 4200
 Bronze 3200 (Cascade-Lake-SP/Refresh) Series","ESXi 9.0","-","-",""
"Hewlett Packard Enterprise","Alletra Storage Server 4140","Intel Xeon Silver 4500
 Bronze 3500 (Sapphire-Rapids-EE LCC) Series","ESXi 9.0","-","-",""
"Hewlett Packard Enterprise","ProLiant DL360 Gen11","Intel Xeon Silver 4500
 Bronze 3500 (Sapphire-Rapids-EE LCC) Series","ESXi 9.0","-","-",""
"Hewlett Packard Enterprise"," ProLiant DL380 Gen11 ","Intel Xeon Gold 6400/5400 (Sapphire-Rapids-SP) Series","ESXi 9.0","NVIDIA
","H100 NVL

L40S",""
"Hewlett Packard Enterprise","ProLiant ML350 Gen11","Intel Xeon Silver 4500
 Bronze 3500 (Sapphire-Rapids-EE LCC) Series","ESXi 9.0","-","-",""
"Hewlett Packard Enterprise"," ProLiant DL380 Gen11 ","Intel Xeon Platinum 8400 (Sapphire-Rapids-SP) Series","ESXi 9.0","NVIDIA
","L40S
",""
"Hewlett Packard Enterprise"," ProLiant DL380 Gen11 ","Intel Xeon Silver 4400
 Bronze 3400 (Sapphire-Rapids-SP) Series","ESXi 9.0","-","-",""
"Hewlett Packard Enterprise","ProLiant ML110 Gen11","Intel Xeon Silver 4500
 Bronze 3500 (Sapphire-Rapids-EE LCC) Series","ESXi 9.0","-","-",""
"Hewlett Packard Enterprise","ProLiant DL360 Gen11","Intel Xeon Silver 4400
 Bronze 3400 (Sapphire-Rapids-SP) Series","ESXi 9.0","-","-",""
"Hewlett Packard Enterprise","ProLiant DL360 Gen11","Intel Xeon Platinum 8400 (Sapphire-Rapids-SP) Series","ESXi 9.0","-","-",""
"Hewlett Packard Enterprise","ProLiant DL360 Gen11","Intel Xeon Gold 6400/5400 (Sapphire-Rapids-SP) Series","ESXi 9.0","-","-",""
"Hewlett Packard Enterprise","ProLiant DL380 Gen10","Intel Xeon Silver 4200
 Bronze 3200 (Cascade-Lake-SP/Refresh) Series","ESXi 9.0","-","-",""
"Hewlett Packard Enterprise","ProLiant DL320 Gen11","Intel Xeon Platinum 8400 (Sapphire-Rapids-SP) Series","ESXi 9.0","-","-",""
"Hewlett Packard Enterprise","ProLiant DL320 Gen11","Intel Xeon Gold 6400/5400 (Sapphire-Rapids-SP) Series","ESXi 9.0","-","-",""
"Hewlett Packard Enterprise","ProLiant DL388 Gen10","Intel Xeon Platinum 8200 (Cascade-Lake-SP) Series","ESXi 9.0","-","-",""
"Hewlett Packard Enterprise","ProLiant DL320 Gen11","Intel Xeon Silver 4400
 Bronze 3400 (Sapphire-Rapids-SP) Series","ESXi 9.0","-","-",""
"Hewlett Packard Enterprise","Edgeline e920t","Intel Xeon Gold 6300/5300 (Ice-Lake-SP) Series ","ESXi 9.0","-","-",""
"Hewlett Packard Enterprise","ProLiant DL388 Gen10","Intel Xeon Silver 4200
 Bronze 3200 (Cascade-Lake-SP/Refresh) Series","ESXi 9.0","-","-",""
"Hewlett Packard Enterprise","ProLiant ML350 Gen11","Intel Xeon Platinum 8400 (Sapphire-Rapids-SP) Series","ESXi 9.0","-","-",""
"Hewlett Packard Enterprise","ProLiant ML350 Gen11","Intel Xeon Gold 6400/5400 (Sapphire-Rapids-SP) Series","ESXi 9.0","-","-",""
"Hewlett Packard Enterprise","ProLiant ML350 Gen11","Intel Xeon Silver 4400
 Bronze 3400 (Sapphire-Rapids-SP) Series","ESXi 9.0","-","-",""
"Hewlett Packard Enterprise","Alletra Storage Server 4120","Intel Xeon Platinum 8400 (Sapphire-Rapids-SP) Series","ESXi 9.0","-","-",""
"Hewlett Packard Enterprise","Alletra Storage Server 4120","Intel Xeon Gold 6400/5400 (Sapphire-Rapids-SP) Series","ESXi 9.0","-","-",""
"Hewlett Packard Enterprise","Alletra Storage Server 4110","Intel Xeon Gold 6400/5400 (Sapphire-Rapids-SP) Series","ESXi 9.0","-","-",""
"Hewlett Packard Enterprise","ProLiant DX360 Gen11","Intel Xeon Gold 6400/5400 (Sapphire-Rapids-SP) Series","ESXi 9.0","-","-",""
"Hewlett Packard Enterprise","ProLiant DX360 Gen11","Intel Xeon Silver 4400
 Bronze 3400 (Sapphire-Rapids-SP) Series","ESXi 9.0","-","-",""
"Hewlett Packard Enterprise","ProLiant DX380 Gen11","Intel Xeon Gold 6400/5400 (Sapphire-Rapids-SP) Series","ESXi 9.0","-","-",""
"Hitachi Vantara","Hitachi Advanced Server HA820 G3","Intel Xeon Gold 6500/5500 (Emerald Rapids-SP) Series","ESXi 9.0","-","-",""
"Hitachi Vantara","Hitachi Advanced Server HA820 G3","Intel Xeon Silver 4500
 Bronze 3500 (Emerald Rapids-SP) Series","ESXi 9.0","-","-",""
"Hitachi Vantara","Hitachi Advanced Server HA810 G3","Intel Xeon Platinum 8500 (Emerald Rapids-SP) Series","ESXi 9.0","-","-",""
"Hitachi Vantara","Hitachi Advanced Server HA810 G3","Intel Xeon Gold 6500/5500 (Emerald Rapids-SP) Series","ESXi 9.0","-","-",""
"Hitachi Vantara","Hitachi Advanced Server HA810 G3","Intel Xeon Silver 4500
 Bronze 3500 (Emerald Rapids-SP) Series","ESXi 9.0","-","-",""
"Hitachi Vantara","Hitachi Advanced Server HA840 G3","Intel Xeon Gold 6400/5400 (Sapphire-Rapids-SP) Series","ESXi 9.0","-","-",""
"Hitachi Vantara","Hitachi Advanced Server DS120 G6","Intel Xeon 6500P/6700P (Granite Rapids-SP) Series","ESXi 9.0","-","-",""
"Hitachi Vantara","Hitachi Advanced Server HA815 G3","AMD EPYC 9005 Series","ESXi 9.0","-","-",""
"Hitachi Vantara","Hitachi Advanced Server DS7040 series","Intel Xeon Platinum 8200 (Cascade-Lake-SP) Series","ESXi 9.0","-","-",""
"Hitachi Vantara","HA8000V/DL320 Gen12","Intel Xeon 6500P/6700P (Granite Rapids-SP) Series","ESXi 9.0","-","-",""
"Hitachi Vantara","Hitachi Advanced Server DS7020 series","Intel Xeon Silver 4200
 Bronze 3200 (Cascade-Lake-SP/Refresh) Series","ESXi 9.0","-","-",""
"Hitachi Vantara","Hitachi Advanced Server HA805 G3","AMD EPYC 9005 Series","ESXi 9.0","-","-",""
"Hitachi Vantara","Hitachi Advanced Server HA825 G3","AMD EPYC 9005 Series","ESXi 9.0","-","-",""
"Hitachi Vantara","Hitachi Advanced Server DS120 G2","Intel Xeon Gold 6300/5300 (Ice-Lake-SP) Series ","ESXi 9.0","-","-",""
"Hitachi Vantara","Hitachi Advanced Server HA820","Intel Xeon Platinum 8200 (Cascade-Lake-SP) Series","ESXi 9.0","-","-",""
"Hitachi Vantara","Hitachi Advanced Server HA820","Intel Xeon Gold 6200/5200 (Cascade-Lake-SP/Refresh) Series","ESXi 9.0","-","-",""
"Hitachi Vantara","Hitachi Advanced Server HA820","Intel Xeon Silver 4200
 Bronze 3200 (Cascade-Lake-SP/Refresh) Series","ESXi 9.0","-","-",""
"Hitachi Vantara","Hitachi Advanced Server HA810","Intel Xeon Platinum 8200 (Cascade-Lake-SP) Series","ESXi 9.0","-","-",""
"Hitachi Vantara","Hitachi Advanced Server HA810","Intel Xeon Gold 6200/5200 (Cascade-Lake-SP/Refresh) Series","ESXi 9.0","-","-",""
"Hitachi Vantara","Hitachi Advanced Server HA810","Intel Xeon Silver 4200
 Bronze 3200 (Cascade-Lake-SP/Refresh) Series","ESXi 9.0","-","-",""
"Hitachi Vantara","Hitachi Advanced Server DS120 G2","Intel Xeon Platinum 8300 (Ice-Lake-SP) Series","ESXi 9.0","-","-",""
"Hitachi Vantara","Hitachi Advanced Server DS7020 series","Intel Xeon Platinum 8200 (Cascade-Lake-SP) Series","ESXi 9.0","-","-",""
"Hitachi Vantara","Hitachi Advanced Server HA810 G6","Intel Xeon 6500P/6700P (Granite Rapids-SP) Series","ESXi 9.0","-","-",""
"Hitachi Vantara","Hitachi Advanced Server DS7040 series","Intel Xeon Gold 6200/5200 (Cascade-Lake-SP/Refresh) Series","ESXi 9.0","-","-",""
"Hitachi Vantara","Hitachi Advanced Server DS7080 series","Intel Xeon Platinum 8200 (Cascade-Lake-SP) Series","ESXi 9.0","-","-",""
"Hitachi Vantara","Hitachi Advanced Server HA820 G6","Intel Xeon 6500P/6700P (Granite Rapids-SP) Series","ESXi 9.0","-","-",""
"Hitachi Vantara","HA8000V/ML350 Gen12","Intel Xeon 6500P/6700P (Granite Rapids-SP) Series","ESXi 9.0","-","-",""
"Hitachi Vantara","Hitachi Advanced Server DS220 G6","Intel Xeon 6500P/6700P (Granite Rapids-SP) Series","ESXi 9.0","-","-",""
"Hitachi Vantara","Hitachi Advanced Server HA820 G3","Intel Xeon Platinum 8500 (Emerald Rapids-SP) Series","ESXi 9.0","NVIDIA
","H100 NVL
",""
"Hitachi Vantara","Hitachi Advanced Server DS220 G2","Intel Xeon Platinum 8300 (Ice-Lake-SP) Series","ESXi 9.0","-","-",""
"Hitachi Vantara","Hitachi Advanced Server HA820 G3","Intel Xeon Platinum 8400 (Sapphire-Rapids-SP) Series","ESXi 9.0","NVIDIA","H100 PCIe",""
"Hitachi Vantara","Hitachi Advanced Server HA820 G3","Intel Xeon Silver 4400
 Bronze 3400 (Sapphire-Rapids-SP) Series","ESXi 9.0","-","-",""
"Hitachi Vantara","Hitachi Advanced Server HA810 G3","Intel Xeon Platinum 8400 (Sapphire-Rapids-SP) Series","ESXi 9.0","-","-",""
"Hitachi Vantara","Hitachi Advanced Server HA810 G3","Intel Xeon Gold 6400/5400 (Sapphire-Rapids-SP) Series","ESXi 9.0","-","-",""
"Hitachi Vantara","Hitachi Advanced Server HA810 G3","Intel Xeon Silver 4400
 Bronze 3400 (Sapphire-Rapids-SP) Series","ESXi 9.0","-","-",""
"Hitachi Vantara","Hitachi Advanced Server DS120","Intel Xeon Silver 4200
 Bronze 3200 (Cascade-Lake-SP/Refresh) Series","ESXi 9.0","-","-",""
"Hitachi Vantara","Hitachi Advanced Server DS220","Intel Xeon Silver 4200
 Bronze 3200 (Cascade-Lake-SP/Refresh) Series","ESXi 9.0","-","-",""
"Hitachi Vantara","Hitachi Advanced Server DS225","Intel Xeon Platinum 8200 (Cascade-Lake-SP) Series","ESXi 9.0","-","-",""
"Hitachi Vantara","Hitachi Advanced Server HA840 G3","Intel Xeon Platinum 8400 (Sapphire-Rapids-SP) Series","ESXi 9.0","-","-",""
"Hitachi Vantara","Hitachi Advanced Server DS225","Intel Xeon Gold 6200/5200 (Cascade-Lake-SP/Refresh) Series","ESXi 9.0","-","-",""
"Hitachi Vantara","Hitachi Advanced Server DS7020 series","Intel Xeon Gold 6200/5200 (Cascade-Lake-SP/Refresh) Series","ESXi 9.0","-","-",""
"Hitachi Vantara","Hitachi Advanced Server DS240","Intel Xeon Platinum 8200 (Cascade-Lake-SP) Series","ESXi 9.0","-","-",""
"Hitachi Vantara","HA8000V/DL380 Gen12","Intel Xeon 6500P/6700P (Granite Rapids-SP) Series","ESXi 9.0","-","-",""
"Hitachi Vantara","Hitachi Advanced Server HA820 G3","Intel Xeon Gold 6400/5400 (Sapphire-Rapids-SP) Series","ESXi 9.0","NVIDIA","H100 PCIe",""
"Hitachi Vantara","Hitachi Advanced Server HA805 G3","AMD EPYC 9004 Series","ESXi 9.0","-","-",""
"Hitachi Vantara","Hitachi Advanced Server HA815 G3","AMD EPYC 9004 Series","ESXi 9.0","-","-",""
"Hitachi Vantara","Hitachi Advanced Server HA825 G3","AMD EPYC 9004 Series","ESXi 9.0","-","-",""
"Hitachi Vantara","Hitachi Advanced Server DS220 G2","Intel Xeon Gold 6300/5300 (Ice-Lake-SP) Series ","ESXi 9.0","-","-",""
"Hitachi Vantara","Hitachi Advanced Server DS220 G2","Intel Xeon Silver 4300 (Ice-Lake-SP) Series","ESXi 9.0","-","-",""
"Hitachi Vantara","Hitachi Advanced Server DS120 G2","Intel Xeon Silver 4300 (Ice-Lake-SP) Series","ESXi 9.0","-","-",""
"Hitachi Vantara","HA8000V/DL360 Gen12","Intel Xeon 6500P/6700P (Granite Rapids-SP) Series","ESXi 9.0","-","-",""
"Hitachi Vantara","Hitachi Advanced Server DS120","Intel Xeon Gold 6200/5200 (Cascade-Lake-SP/Refresh) Series","ESXi 9.0","-","-",""
"Hitachi Vantara","Hitachi Advanced Server DS220","Intel Xeon Gold 6200/5200 (Cascade-Lake-SP/Refresh) Series","ESXi 9.0","-","-",""
"Hitachi Vantara","Hitachi Advanced Server DS120","Intel Xeon Platinum 8200 (Cascade-Lake-SP) Series","ESXi 9.0","-","-",""
"Hitachi Vantara","Hitachi Advanced Server HA820 G2","Intel Xeon Platinum 8300 (Ice-Lake-SP) Series","ESXi 9.0","-","-",""
"Hitachi Vantara","Hitachi Advanced Server DS220","Intel Xeon Platinum 8200 (Cascade-Lake-SP) Series","ESXi 9.0","-","-",""
"Hitachi Vantara","Hitachi Advanced Server HA820 G2","Intel Xeon Gold 6300/5300 (Ice-Lake-SP) Series ","ESXi 9.0","-","-",""
"Hitachi Vantara","Hitachi Advanced Server HA820 G2","Intel Xeon Silver 4300 (Ice-Lake-SP) Series","ESXi 9.0","-","-",""
"Hitachi Vantara","Hitachi Advanced Server HA810 G2","Intel Xeon Platinum 8300 (Ice-Lake-SP) Series","ESXi 9.0","-","-",""
"Hitachi Vantara","Hitachi Advanced Server HA810 G2","Intel Xeon Gold 6300/5300 (Ice-Lake-SP) Series ","ESXi 9.0","-","-",""
"Hitachi Vantara","Hitachi Advanced Server HA810 G2","Intel Xeon Silver 4300 (Ice-Lake-SP) Series","ESXi 9.0","-","-",""
"Hitachi
Ltd.","HA8000V/DL380 Gen11","Intel Xeon Platinum 8500 (Emerald Rapids-SP) Series","ESXi 9.0","-","-",""
"Hitachi
Ltd.","HA8000V/DL380 Gen11","Intel Xeon Silver 4500
 Bronze 3500 (Emerald Rapids-SP) Series","ESXi 9.0","-","-",""
"Hitachi
Ltd.","HA8000V/DL360 Gen11","Intel Xeon Gold 6500/5500 (Emerald Rapids-SP) Series","ESXi 9.0","-","-",""
"Hitachi
Ltd.","HA8000V/DL360 Gen11","Intel Xeon Silver 4500
 Bronze 3500 (Emerald Rapids-SP) Series","ESXi 9.0","-","-",""
"Hitachi
Ltd.","HA8000V/DL20 Gen10 Plus","Intel Xeon E-2300 Series","ESXi 9.0","-","-",""
"Hitachi
Ltd.","RV3000 A1","Intel Xeon Platinum 8200 (Cascade-Lake-SP) Series","ESXi 9.0","-","-",""
"Hitachi
Ltd.","RV3000 A1","Intel Xeon Gold 6200/5200 (Cascade-Lake-SP/Refresh) Series","ESXi 9.0","-","-",""
"Hitachi
Ltd.","RV3000 A2","Intel Xeon Platinum 8300 (Cooper-Lake-SP) Series","ESXi 9.0","-","-",""
"Hitachi
Ltd.","RV3000 A2","Intel Xeon Platinum 8300 (Cooper-Lake-SP) Series","ESXi 9.0","-","-",""
"Hitachi
Ltd.","RV3000 A2","Intel Xeon Gold 6300/5300 (Cooper-Lake-SP) Series","ESXi 9.0","-","-",""
"Hitachi
Ltd.","HA8000V/DL380 Gen11","Intel Xeon Gold 6500/5500 (Emerald Rapids-SP) Series","ESXi 9.0","-","-",""
"Hitachi
Ltd.","HA8000V/ML350 Gen11","Intel Xeon Platinum 8400 (Sapphire-Rapids-SP) Series","ESXi 9.0","-","-",""
"Hitachi
Ltd.","HA8000V/ML350 Gen11","Intel Xeon Gold 6400/5400 (Sapphire-Rapids-SP) Series","ESXi 9.0","-","-",""
"Hitachi
Ltd.","HA8000V/ML350 Gen11","Intel Xeon Silver 4400
 Bronze 3400 (Sapphire-Rapids-SP) Series","ESXi 9.0","-","-",""
"Hitachi
Ltd.","HA8000V/DL360 Gen11","Intel Xeon Platinum 8400 (Sapphire-Rapids-SP) Series","ESXi 9.0","-","-",""
"Hitachi
Ltd.","HA8000V/DL360 Gen11","Intel Xeon Gold 6400/5400 (Sapphire-Rapids-SP) Series","ESXi 9.0","-","-",""
"Hitachi
Ltd.","HA8000V/DL360 Gen11","Intel Xeon Silver 4400
 Bronze 3400 (Sapphire-Rapids-SP) Series","ESXi 9.0","-","-",""
"Hitachi
Ltd."," HA8000V/ML30 Gen11","Intel Xeon E-2400/Xeon 6300 Series","ESXi 9.0","-","-",""
"Hitachi
Ltd.","HA8000V/DL380 Gen11","Intel Xeon Platinum 8400 (Sapphire-Rapids-SP) Series","ESXi 9.0","-","-",""
"Hitachi
Ltd.","HA8000V/DL380 Gen11","Intel Xeon Silver 4400
 Bronze 3400 (Sapphire-Rapids-SP) Series","ESXi 9.0","-","-",""
"Hitachi
Ltd.","HA8000V/DL380 Gen11","Intel Xeon Gold 6400/5400 (Sapphire-Rapids-SP) Series","ESXi 9.0","-","-",""
"Hitachi
Ltd.","RV3000 A2","Intel Xeon Gold 6300/5300 (Cooper-Lake-SP) Series","ESXi 9.0","-","-",""
"Hitachi
Ltd.","HA8000V/DL320 Gen11","Intel Xeon Gold 6400/5400 (Sapphire-Rapids-SP) Series","ESXi 9.0","-","-",""
"Hitachi
Ltd.","HA8000V/DL320 Gen11","Intel Xeon Silver 4400
 Bronze 3400 (Sapphire-Rapids-SP) Series","ESXi 9.0","-","-",""
"Hitachi
Ltd."," HA8000V/DL20 Gen11","Intel Xeon E-2400/Xeon 6300 Series","ESXi 9.0","-","-",""
"Hitachi
Ltd.","HA8000V/DL360 Gen11","Intel Xeon Platinum 8500 (Emerald Rapids-SP) Series","ESXi 9.0","-","-",""
"Hitachi
Ltd.","HA8000V/DL560 Gen11","Intel Xeon Platinum 8400 (Sapphire-Rapids-SP) Series","ESXi 9.0","-","-",""
"Hitachi
Ltd.","HA8000V/DL560 Gen11","Intel Xeon Gold 6400/5400 (Sapphire-Rapids-SP) Series","ESXi 9.0","-","-",""
"Hitachi
Ltd.","HA8000V/ML350 Gen10","Intel Xeon Platinum 8200 (Cascade-Lake-SP) Series","ESXi 9.0","-","-",""
"Hitachi
Ltd.","HA8000V/ML350 Gen10","Intel Xeon Gold 6200/5200 (Cascade-Lake-SP/Refresh) Series","ESXi 9.0","-","-",""
"Hitachi
Ltd.","HA8000V/ML350 Gen10","Intel Xeon Silver 4200
 Bronze 3200 (Cascade-Lake-SP/Refresh) Series","ESXi 9.0","-","-",""
"Hitachi
Ltd.","HA8000V/DL380 Gen10","Intel Xeon Platinum 8200 (Cascade-Lake-SP) Series","ESXi 9.0","-","-",""
"Hitachi
Ltd.","HA8000V/DL380 Gen10","Intel Xeon Silver 4200
 Bronze 3200 (Cascade-Lake-SP/Refresh) Series","ESXi 9.0","-","-",""
"Hitachi
Ltd.","HA8000V/DL380 Gen10","Intel Xeon Gold 6200/5200 (Cascade-Lake-SP/Refresh) Series","ESXi 9.0","-","-",""
"Hitachi
Ltd.","HA8000V/DL360 Gen10 Plus","Intel Xeon Platinum 8300 (Ice-Lake-SP) Series","ESXi 9.0","-","-",""
"Hitachi
Ltd.","HA8000V/DL360 Gen10 Plus","Intel Xeon Gold 6300/5300 (Ice-Lake-SP) Series ","ESXi 9.0","-","-",""
"Hitachi
Ltd.","HA8000V/DL360 Gen10 Plus","Intel Xeon Silver 4300 (Ice-Lake-SP) Series","ESXi 9.0","-","-",""
"Hitachi
Ltd.","HA8000V/DL380 Gen10 Plus","Intel Xeon Platinum 8300 (Ice-Lake-SP) Series","ESXi 9.0","-","-",""
"Hitachi
Ltd.","HA8000V/DL380 Gen10 Plus","Intel Xeon Gold 6300/5300 (Ice-Lake-SP) Series ","ESXi 9.0","-","-",""
"Hitachi
Ltd.","HA8000V/DL380 Gen10 Plus","Intel Xeon Silver 4300 (Ice-Lake-SP) Series","ESXi 9.0","-","-",""
"Hitachi
Ltd.","HA8000V/DL360 Gen10","Intel Xeon Platinum 8200 (Cascade-Lake-SP) Series","ESXi 9.0","-","-",""
"Hitachi
Ltd.","HA8000V/DL360 Gen10","Intel Xeon Gold 6200/5200 (Cascade-Lake-SP/Refresh) Series","ESXi 9.0","-","-",""
"Hitachi
Ltd.","HA8000V/DL360 Gen10","Intel Xeon Silver 4200
 Bronze 3200 (Cascade-Lake-SP/Refresh) Series","ESXi 9.0","-","-",""
"Hitachi
Ltd.","HA8000V/DL580 Gen10","Intel Xeon Platinum 8200 (Cascade-Lake-SP) Series","ESXi 9.0","-","-",""
"Hitachi
Ltd.","HA8000V/DL580 Gen10","Intel Xeon Gold 6200/5200 (Cascade-Lake-SP/Refresh) Series","ESXi 9.0","-","-",""
"Huawei Technologies Co.
Ltd.","2288H V5","Intel Xeon Platinum 8200 (Cascade-Lake-SP) Series","ESXi 9.0","-","-",""
"Huawei Technologies Co.
Ltd.","1288H V5","Intel Xeon Platinum 8200 (Cascade-Lake-SP) Series","ESXi 9.0","-","-",""
"Huawei Technologies Co.
Ltd.","5288 V5","Intel Xeon Platinum 8200 (Cascade-Lake-SP) Series","ESXi 9.0","-","-",""
"IEIT SYSTEMS Co.
Ltd.","NF5180-M7-C0-R0-00","Intel Xeon Gold 6400/5400 (Sapphire-Rapids-SP) Series","ESXi 9.0","-","-",""
"IEIT SYSTEMS Co.
Ltd.","NF5180-M7-C0-R0-00","Intel Xeon Silver 4400
 Bronze 3400 (Sapphire-Rapids-SP) Series","ESXi 9.0","-","-",""
"IEIT SYSTEMS Co.
Ltd.","NF5266-M7-A0-R0-00","Intel Xeon Platinum 8500 (Emerald Rapids-SP) Series","ESXi 9.0","-","-",""
"IEIT SYSTEMS Co.
Ltd.","TS860-M7-A0-R0-00","Intel Xeon Gold 6400/5400 (Sapphire-Rapids-SP) Series","ESXi 9.0","-","-",""
"IEIT SYSTEMS Co.
Ltd.","NF5280-M7-A0-R0-00","Intel Xeon Gold 6500/5500 (Emerald Rapids-SP) Series","ESXi 9.0","-","-",""
"IEIT SYSTEMS Co.
Ltd.","NF5280-M7-A0-R0-00","Intel Xeon Silver 4500
 Bronze 3500 (Emerald Rapids-SP) Series","ESXi 9.0","-","-",""
"IEIT SYSTEMS Co.
Ltd.","NF5270-M7-A0-R0-00","Intel Xeon Gold 6500/5500 (Emerald Rapids-SP) Series","ESXi 9.0","-","-",""
"IEIT SYSTEMS Co.
Ltd.","NS3260-A7-A0-R0-00","AMD EPYC 9004 Series","ESXi 9.0","-","-",""
"IEIT SYSTEMS Co.
Ltd.","NF5280-M7-C0-R0-00","Intel Xeon Platinum 8500 (Emerald Rapids-SP) Series","ESXi 9.0","-","-",""
"IEIT SYSTEMS Co.
Ltd.","NF5280-M7-C0-R0-00","Intel Xeon Gold 6500/5500 (Emerald Rapids-SP) Series","ESXi 9.0","-","-",""
"IEIT SYSTEMS Co.
Ltd.","NF5280-M7-C0-R0-00","Intel Xeon Silver 4500
 Bronze 3500 (Emerald Rapids-SP) Series","ESXi 9.0","-","-",""
"IEIT SYSTEMS Co.
Ltd.","NF5180-M7-C0-R0-00","Intel Xeon Platinum 8500 (Emerald Rapids-SP) Series","ESXi 9.0","-","-",""
"IEIT SYSTEMS Co.
Ltd.","NF5180-M7-C0-R0-00","Intel Xeon Silver 4500
 Bronze 3500 (Emerald Rapids-SP) Series","ESXi 9.0","-","-",""
"IEIT SYSTEMS Co.
Ltd.","NF5180-M7-A0-R0-00","Intel Xeon Platinum 8500 (Emerald Rapids-SP) Series","ESXi 9.0","-","-",""
"IEIT SYSTEMS Co.
Ltd.","NF5180-M7-A0-R0-00","Intel Xeon Gold 6500/5500 (Emerald Rapids-SP) Series","ESXi 9.0","-","-",""
"IEIT SYSTEMS Co.
Ltd.","NF5180-M7-A0-R0-00","Intel Xeon Silver 4500
 Bronze 3500 (Emerald Rapids-SP) Series","ESXi 9.0","-","-",""
"IEIT SYSTEMS Co.
Ltd.","NF5170-M7-A0-R0-00","Intel Xeon Gold 6500/5500 (Emerald Rapids-SP) Series","ESXi 9.0","-","-",""
"IEIT SYSTEMS Co.
Ltd.","NF5266-M7-A0-R0-00","Intel Xeon Gold 6500/5500 (Emerald Rapids-SP) Series","ESXi 9.0","-","-",""
"IEIT SYSTEMS Co.
Ltd.","NF5266-M7-A0-R0-00","Intel Xeon Silver 4500
 Bronze 3500 (Emerald Rapids-SP) Series","ESXi 9.0","-","-",""
"IEIT SYSTEMS Co.
Ltd.","NF5280M5","Intel Xeon Platinum 8200 (Cascade-Lake-SP) Series","ESXi 9.0","-","-",""
"IEIT SYSTEMS Co.
Ltd.","NF5280M6","Intel Xeon Platinum 8300 (Ice-Lake-SP) Series","ESXi 9.0","-","-",""
"IEIT SYSTEMS Co.
Ltd.","NF5466-M7-A0-R0-00","Intel Xeon Gold 6500/5500 (Emerald Rapids-SP) Series","ESXi 9.0","-","-",""
"IEIT SYSTEMS Co.
Ltd.","NF5466-M7-A0-R0-00","Intel Xeon Silver 4500
 Bronze 3500 (Emerald Rapids-SP) Series","ESXi 9.0","-","-",""
"IEIT SYSTEMS Co.
Ltd.","SA5280M6","Intel Xeon Platinum 8300 (Ice-Lake-SP) Series","ESXi 9.0","-","-",""
"IEIT SYSTEMS Co.
Ltd.","NF5468-M7-A0-R0-00","Intel Xeon Platinum 8500 (Emerald Rapids-SP) Series","ESXi 9.0","-","-",""
"IEIT SYSTEMS Co.
Ltd.","NF5180A6","AMD EPYC 7003/7003X Series","ESXi 9.0","-","-",""
"IEIT SYSTEMS Co.
Ltd.","SA5212-M7-A0-R0-00","Intel Xeon Silver 4400
 Bronze 3400 (Sapphire-Rapids-SP) Series","ESXi 9.0","-","-",""
"IEIT SYSTEMS Co.
Ltd.","NF5270-M7-A0-R0-00","Intel Xeon Silver 4500
 Bronze 3500 (Emerald Rapids-SP) Series","ESXi 9.0","-","-",""
"IEIT SYSTEMS Co.
Ltd.","NF5170-M7-A0-R0-00","Intel Xeon Silver 4500
 Bronze 3500 (Emerald Rapids-SP) Series","ESXi 9.0","-","-",""
"IEIT SYSTEMS Co.
Ltd.","NF5468-M7-A0-R0-00","Intel Xeon Gold 6500/5500 (Emerald Rapids-SP) Series","ESXi 9.0","-","-",""
"IEIT SYSTEMS Co.
Ltd.","NF5468-M7-A0-R0-00","Intel Xeon Silver 4500
 Bronze 3500 (Emerald Rapids-SP) Series","ESXi 9.0","-","-",""
"IEIT SYSTEMS Co.
Ltd.","NF5688-M7-A0-R0-00","Intel Xeon Platinum 8500 (Emerald Rapids-SP) Series","ESXi 9.0","-","-",""
"IEIT SYSTEMS Co.
Ltd.","NF5688-M7-A0-R0-00","Intel Xeon Gold 6500/5500 (Emerald Rapids-SP) Series","ESXi 9.0","-","-",""
"IEIT SYSTEMS Co.
Ltd.","NF5688-M7-A0-R0-00","Intel Xeon Silver 4500
 Bronze 3500 (Emerald Rapids-SP) Series","ESXi 9.0","-","-",""
"IEIT SYSTEMS Co.
Ltd.","NF5698-M7-A0-R0-00","Intel Xeon Gold 6500/5500 (Emerald Rapids-SP) Series","ESXi 9.0","-","-",""
"IEIT SYSTEMS Co.
Ltd.","NF5698-M7-A0-R0-00","Intel Xeon Silver 4500
 Bronze 3500 (Emerald Rapids-SP) Series","ESXi 9.0","-","-",""
"IEIT SYSTEMS Co.
Ltd.","NF5468-M7-A0-F0-00","Intel Xeon Platinum 8500 (Emerald Rapids-SP) Series","ESXi 9.0","-","-",""
"IEIT SYSTEMS Co.
Ltd.","NF5468-M7-A0-F0-00","Intel Xeon Gold 6500/5500 (Emerald Rapids-SP) Series","ESXi 9.0","-","-",""
"IEIT SYSTEMS Co.
Ltd.","NF5468-M7-A0-F0-00","Intel Xeon Silver 4500
 Bronze 3500 (Emerald Rapids-SP) Series","ESXi 9.0","-","-",""
"IEIT SYSTEMS Co.
Ltd.","SA5280M6","Intel Xeon Gold 6300/5300 (Ice-Lake-SP) Series ","ESXi 9.0","-","-",""
"IEIT SYSTEMS Co.
Ltd.","SA5280M6","Intel Xeon Silver 4300 (Ice-Lake-SP) Series","ESXi 9.0","-","-",""
"IEIT SYSTEMS Co.
Ltd.","NF5466-M7-A0-R0-00","Intel Xeon Platinum 8500 (Emerald Rapids-SP) Series","ESXi 9.0","-","-",""
"IEIT SYSTEMS Co.
Ltd.","NF5280-A8-A0-R0-00","AMD EPYC 9005 Series","ESXi 9.0","-","-",""
"IEIT SYSTEMS Co.
Ltd.","NF8260M6","Intel Xeon Gold 6300/5300 (Cooper-Lake-SP) Series","ESXi 9.0","-","-",""
"IEIT SYSTEMS Co.
Ltd.","NF8260M6","Intel Xeon Platinum 8300 (Cooper-Lake-SP) Series","ESXi 9.0","-","-",""
"IEIT SYSTEMS Co.
Ltd.","NF5180-A8-A0-R0-00","AMD EPYC 9005 Series","ESXi 9.0","-","-",""
"IEIT SYSTEMS Co.
Ltd.","NF3180-A8-A0-R0-00","AMD EPYC 9005 Series","ESXi 9.0","-","-",""
"IEIT SYSTEMS Co.
Ltd.","NF8480M6","Intel Xeon Platinum 8300 (Cooper-Lake-SP) Series","ESXi 9.0","-","-",""
"IEIT SYSTEMS Co.
Ltd.","NF3280-A8-A0-R0-00","AMD EPYC 9005 Series","ESXi 9.0","-","-",""
"IEIT SYSTEMS Co.
Ltd.","NF8480M6","Intel Xeon Gold 6300/5300 (Cooper-Lake-SP) Series","ESXi 9.0","-","-",""
"IEIT SYSTEMS Co.
Ltd.","NF5468-A8-A0-R0-00","AMD EPYC 9005 Series","ESXi 9.0","-","-",""
"IEIT SYSTEMS Co.
Ltd.","NF5280-M7-A0-R0-00","Intel Xeon Platinum 8400 (Sapphire-Rapids-SP) Series","ESXi 9.0","-","-",""
"IEIT SYSTEMS Co.
Ltd.","NF5180-A7-A0-R0-00","AMD EPYC 9004 Series","ESXi 9.0","-","-",""
"IEIT SYSTEMS Co.
Ltd.","NF5280-M8-A0-R0-00","Intel Xeon 6500P/6700P (Granite Rapids-SP) Series","ESXi 9.0","-","-",""
"IEIT SYSTEMS Co.
Ltd.","NF5280-M7-A0-R0-00","Intel Xeon Gold 6400/5400 (Sapphire-Rapids-SP) Series","ESXi 9.0","-","-",""
"IEIT SYSTEMS Co.
Ltd.","NF5280-M7-A0-R0-00","Intel Xeon Silver 4400
 Bronze 3400 (Sapphire-Rapids-SP) Series","ESXi 9.0","-","-",""
"IEIT SYSTEMS Co.
Ltd.","NF5466-M7-A0-R0-00","Intel Xeon Platinum 8400 (Sapphire-Rapids-SP) Series","ESXi 9.0","-","-",""
"IEIT SYSTEMS Co.
Ltd.","NF5180-M7-A0-R0-00","Intel Xeon Platinum 8400 (Sapphire-Rapids-SP) Series","ESXi 9.0","-","-",""
"IEIT SYSTEMS Co.
Ltd.","NF5180-M7-A0-R0-00","Intel Xeon Gold 6400/5400 (Sapphire-Rapids-SP) Series","ESXi 9.0","-","-",""
"IEIT SYSTEMS Co.
Ltd.","NF5180-M7-A0-R0-00","Intel Xeon Silver 4400
 Bronze 3400 (Sapphire-Rapids-SP) Series","ESXi 9.0","-","-",""
"IEIT SYSTEMS Co.
Ltd.","NF5468-M7-A0-R0-00","Intel Xeon Platinum 8400 (Sapphire-Rapids-SP) Series","ESXi 9.0","-","-",""
"IEIT SYSTEMS Co.
Ltd.","NF5688-A7-A0-R0-00","AMD EPYC 9004 Series","ESXi 9.0","-","-",""
"IEIT SYSTEMS Co.
Ltd.","NF5266-M7-A0-R0-00","Intel Xeon Platinum 8400 (Sapphire-Rapids-SP) Series","ESXi 9.0","-","-",""
"IEIT SYSTEMS Co.
Ltd.","NF5468-A7-A0-R0-00","AMD EPYC 9004 Series","ESXi 9.0","-","-",""
"IEIT SYSTEMS Co.
Ltd.","NF5688-M7-A0-R0-00","Intel Xeon Platinum 8400 (Sapphire-Rapids-SP) Series","ESXi 9.0","-","-",""
"IEIT SYSTEMS Co.
Ltd.","NF8260-M7-A0-R0-00","Intel Xeon Platinum 8400 (Sapphire-Rapids-SP) Series","ESXi 9.0","-","-",""
"IEIT SYSTEMS Co.
Ltd.","NF5180-M7-C0-R0-00","Intel Xeon Platinum 8400 (Sapphire-Rapids-SP) Series","ESXi 9.0","-","-",""
"IEIT SYSTEMS Co.
Ltd.","NF5280-A7-A0-R0-00","AMD EPYC 9004 Series","ESXi 9.0","-","-",""
"IEIT SYSTEMS Co.
Ltd.","NF5468-M7-A0-R0-00","Intel Xeon Silver 4400
 Bronze 3400 (Sapphire-Rapids-SP) Series","ESXi 9.0","-","-",""
"IEIT SYSTEMS Co.
Ltd.","SA5212-M7-A0-R0-00","Intel Xeon Platinum 8400 (Sapphire-Rapids-SP) Series","ESXi 9.0","-","-",""
"IEIT SYSTEMS Co.
Ltd.","SA5212-M7-A0-R0-00","Intel Xeon Gold 6400/5400 (Sapphire-Rapids-SP) Series","ESXi 9.0","-","-",""
"IEIT SYSTEMS Co.
Ltd.","NF5468-M7-A0-R0-00","Intel Xeon Gold 6400/5400 (Sapphire-Rapids-SP) Series","ESXi 9.0","-","-",""
"IEIT SYSTEMS Co.
Ltd.","NF5468-M7-C0-R0-00","Intel Xeon Platinum 8400 (Sapphire-Rapids-SP) Series","ESXi 9.0","-","-",""
"IEIT SYSTEMS Co.
Ltd.","NF5468-M7-C0-R0-00","Intel Xeon Gold 6400/5400 (Sapphire-Rapids-SP) Series","ESXi 9.0","-","-",""
"IEIT SYSTEMS Co.
Ltd.","NF5468-M7-C0-R0-00","Intel Xeon Silver 4400
 Bronze 3400 (Sapphire-Rapids-SP) Series","ESXi 9.0","-","-",""
"IEIT SYSTEMS Co.
Ltd.","NF5270-M7-A0-R0-00","Intel Xeon Gold 6400/5400 (Sapphire-Rapids-SP) Series","ESXi 9.0","-","-",""
"IEIT SYSTEMS Co.
Ltd.","NF5468-M7-A0-F0-00","Intel Xeon Platinum 8400 (Sapphire-Rapids-SP) Series","ESXi 9.0","-","-",""
"IEIT SYSTEMS Co.
Ltd.","NF5688-M7-C0-R0-00","Intel Xeon Gold 6400/5400 (Sapphire-Rapids-SP) Series","ESXi 9.0","-","-",""
"IEIT SYSTEMS Co.
Ltd.","NF5688-M7-C0-R0-00","Intel Xeon Silver 4400
 Bronze 3400 (Sapphire-Rapids-SP) Series","ESXi 9.0","-","-",""
"IEIT SYSTEMS Co.
Ltd.","NF5280M6","Intel Xeon Gold 6300/5300 (Ice-Lake-SP) Series ","ESXi 9.0","-","-",""
"IEIT SYSTEMS Co.
Ltd.","NF5170-M7-A0-R0-00","Intel Xeon Gold 6400/5400 (Sapphire-Rapids-SP) Series","ESXi 9.0","-","-",""
"IEIT SYSTEMS Co.
Ltd.","NF5698-M7-A0-R0-00","Intel Xeon Platinum 8500 (Emerald Rapids-SP) Series","ESXi 9.0","-","-",""
"IEIT SYSTEMS Co.
Ltd.","NF5280M6","Intel Xeon Silver 4300 (Ice-Lake-SP) Series","ESXi 9.0","-","-",""
"IEIT SYSTEMS Co.
Ltd.","NF8260-M7-A0-R0-00","Intel Xeon Gold 6400/5400 (Sapphire-Rapids-SP) Series","ESXi 9.0","-","-",""
"IEIT SYSTEMS Co.
Ltd.","NF5280-M7-C0-R0-00","Intel Xeon Platinum 8400 (Sapphire-Rapids-SP) Series","ESXi 9.0","-","-",""
"IEIT SYSTEMS Co.
Ltd.","NF5280-M7-C0-R0-00","Intel Xeon Gold 6400/5400 (Sapphire-Rapids-SP) Series","ESXi 9.0","-","-",""
"IEIT SYSTEMS Co.
Ltd.","NF5280-M7-C0-R0-00","Intel Xeon Silver 4400
 Bronze 3400 (Sapphire-Rapids-SP) Series","ESXi 9.0","-","-",""
"IEIT SYSTEMS Co.
Ltd.","NF5180M6","Intel Xeon Platinum 8300 (Ice-Lake-SP) Series","ESXi 9.0","-","-",""
"IEIT SYSTEMS Co.
Ltd.","NF8480-M7-A0-R0-00","Intel Xeon Gold 6400/5400 (Sapphire-Rapids-SP) Series","ESXi 9.0","-","-",""
"IEIT SYSTEMS Co.
Ltd.","NF5180M6","Intel Xeon Gold 6300/5300 (Ice-Lake-SP) Series ","ESXi 9.0","-","-",""
"IEIT SYSTEMS Co.
Ltd.","NF5280-M7-A0-F0-00","Intel Xeon Platinum 8400 (Sapphire-Rapids-SP) Series","ESXi 9.0","-","-",""
"IEIT SYSTEMS Co.
Ltd.","NF5280-M7-A0-F0-00","Intel Xeon Gold 6400/5400 (Sapphire-Rapids-SP) Series","ESXi 9.0","-","-",""
"IEIT SYSTEMS Co.
Ltd.","NF5180M6","Intel Xeon Silver 4300 (Ice-Lake-SP) Series","ESXi 9.0","-","-",""
"IEIT SYSTEMS Co.
Ltd.","NF5280-M7-A0-F0-00","Intel Xeon Silver 4400
 Bronze 3400 (Sapphire-Rapids-SP) Series","ESXi 9.0","-","-",""
"IEIT SYSTEMS Co.
Ltd.","NF5270-M7-A0-R0-00","Intel Xeon Silver 4400
 Bronze 3400 (Sapphire-Rapids-SP) Series","ESXi 9.0","-","-",""
"IEIT SYSTEMS Co.
Ltd.","NF5266-M7-A0-R0-00","Intel Xeon Gold 6400/5400 (Sapphire-Rapids-SP) Series","ESXi 9.0","-","-",""
"IEIT SYSTEMS Co.
Ltd.","NF5266-M7-A0-R0-00","Intel Xeon Silver 4400
 Bronze 3400 (Sapphire-Rapids-SP) Series","ESXi 9.0","-","-",""
"IEIT SYSTEMS Co.
Ltd.","NF5170-M7-A0-R0-00","Intel Xeon Silver 4400
 Bronze 3400 (Sapphire-Rapids-SP) Series","ESXi 9.0","-","-",""
"IEIT SYSTEMS Co.
Ltd.","NS5180-A7-A0-R0-00","AMD EPYC 9004 Series","ESXi 9.0","-","-",""
"IEIT SYSTEMS Co.
Ltd.","NS5170-M7-A0-R0-00","Intel Xeon Platinum 8400 (Sapphire-Rapids-SP) Series","ESXi 9.0","-","-",""
"IEIT SYSTEMS Co.
Ltd.","NF8480-M7-A0-R0-00","Intel Xeon Platinum 8400 (Sapphire-Rapids-SP) Series","ESXi 9.0","-","-",""
"IEIT SYSTEMS Co.
Ltd.","NF3280-A7-A0-R0-00","AMD EPYC 9004 Series","ESXi 9.0","-","-",""
"IEIT SYSTEMS Co.
Ltd.","NF3180-A7-A0-R0-00","AMD EPYC 9004 Series","ESXi 9.0","-","-",""
"IEIT SYSTEMS Co.
Ltd.","NF5466-M7-A0-R0-00","Intel Xeon Gold 6400/5400 (Sapphire-Rapids-SP) Series","ESXi 9.0","-","-",""
"IEIT SYSTEMS Co.
Ltd.","NF5466-M7-A0-R0-00","Intel Xeon Silver 4400
 Bronze 3400 (Sapphire-Rapids-SP) Series","ESXi 9.0","-","-",""
"IEIT SYSTEMS Co.
Ltd.","NS5170-M7-A0-R0-00","Intel Xeon Gold 6400/5400 (Sapphire-Rapids-SP) Series","ESXi 9.0","-","-",""
"IEIT SYSTEMS Co.
Ltd.","NS5170-M7-A0-R0-00","Intel Xeon Silver 4400
 Bronze 3400 (Sapphire-Rapids-SP) Series","ESXi 9.0","-","-",""
"IEIT SYSTEMS Co.
Ltd.","NF5466M6","Intel Xeon Platinum 8300 (Ice-Lake-SP) Series","ESXi 9.0","-","-",""
"IEIT SYSTEMS Co.
Ltd.","NF5466M6","Intel Xeon Gold 6300/5300 (Ice-Lake-SP) Series ","ESXi 9.0","-","-",""
"IEIT SYSTEMS Co.
Ltd.","NF5466M6","Intel Xeon Silver 4300 (Ice-Lake-SP) Series","ESXi 9.0","-","-",""
"IEIT SYSTEMS Co.
Ltd.","NF8260-M7-C0-R0-00","Intel Xeon Platinum 8400 (Sapphire-Rapids-SP) Series","ESXi 9.0","-","-",""
"IEIT SYSTEMS Co.
Ltd.","NF8260-M7-C0-R0-00","Intel Xeon Gold 6400/5400 (Sapphire-Rapids-SP) Series","ESXi 9.0","-","-",""
"IEIT SYSTEMS Co.
Ltd.","NF8260-M7-A0-F0-00","Intel Xeon Platinum 8400 (Sapphire-Rapids-SP) Series","ESXi 9.0","-","-",""
"IEIT SYSTEMS Co.
Ltd.","NF8260-M7-A0-F0-00","Intel Xeon Gold 6400/5400 (Sapphire-Rapids-SP) Series","ESXi 9.0","-","-",""
"IEIT SYSTEMS Co.
Ltd.","NF5688-A7-C0-R0-00","AMD EPYC 9004 Series","ESXi 9.0","-","-",""
"IEIT SYSTEMS Co.
Ltd.","NF5468-A7-C0-R0-00","AMD EPYC 9004 Series","ESXi 9.0","-","-",""
"IEIT SYSTEMS Co.
Ltd.","NF5698-M7-A0-R0-00","Intel Xeon Platinum 8400 (Sapphire-Rapids-SP) Series","ESXi 9.0","-","-",""
"IEIT SYSTEMS Co.
Ltd.","NF5698-M7-A0-R0-00","Intel Xeon Gold 6400/5400 (Sapphire-Rapids-SP) Series","ESXi 9.0","-","-",""
"IEIT SYSTEMS Co.
Ltd.","NF5698-M7-A0-R0-00","Intel Xeon Silver 4400
 Bronze 3400 (Sapphire-Rapids-SP) Series","ESXi 9.0","-","-",""
"IEIT SYSTEMS Co.
Ltd.","NF5688-M7-A0-R0-00","Intel Xeon Gold 6400/5400 (Sapphire-Rapids-SP) Series","ESXi 9.0","-","-",""
"IEIT SYSTEMS Co.
Ltd.","NF5280A6","AMD EPYC 7003/7003X Series","ESXi 9.0","-","-",""
"IEIT SYSTEMS Co.
Ltd.","NF5688-M7-A0-R0-00","Intel Xeon Silver 4400
 Bronze 3400 (Sapphire-Rapids-SP) Series","ESXi 9.0","-","-",""
"IEIT SYSTEMS Co.
Ltd.","NF3280A6","AMD EPYC 7003/7003X Series","ESXi 9.0","-","-",""
"IEIT SYSTEMS Co.
Ltd.","NF3180A6","AMD EPYC 7003/7003X Series","ESXi 9.0","-","-",""
"IEIT SYSTEMS Co.
Ltd.","NF5180-M7-C0-R0-00","Intel Xeon Gold 6500/5500 (Emerald Rapids-SP) Series","ESXi 9.0","-","-",""
"IEIT SYSTEMS Co.
Ltd.","NF5280M5","Intel Xeon Gold 6200/5200 (Cascade-Lake-SP/Refresh) Series","ESXi 9.0","-","-",""
"IEIT SYSTEMS Co.
Ltd.","NF5280M5","Intel Xeon Silver 4200
 Bronze 3200 (Cascade-Lake-SP/Refresh) Series","ESXi 9.0","-","-",""
"IEIT SYSTEMS Co.
Ltd.","TS860-M7-A0-R0-00","Intel Xeon Platinum 8400 (Sapphire-Rapids-SP) Series","ESXi 9.0","-","-",""
"IEIT SYSTEMS Co.
Ltd.","NF5468-M7-A0-F0-00","Intel Xeon Gold 6400/5400 (Sapphire-Rapids-SP) Series","ESXi 9.0","-","-",""
"IEIT SYSTEMS Co.
Ltd.","NF5468-M7-A0-F0-00","Intel Xeon Silver 4400
 Bronze 3400 (Sapphire-Rapids-SP) Series","ESXi 9.0","-","-",""
"IEIT SYSTEMS Co.
Ltd.","NF5280-M7-A0-R0-00","Intel Xeon Platinum 8500 (Emerald Rapids-SP) Series","ESXi 9.0","-","-",""
"IEIT SYSTEMS Co.
Ltd.","NF5688-M7-C0-R0-00","Intel Xeon Platinum 8400 (Sapphire-Rapids-SP) Series","ESXi 9.0","-","-",""
"Intel Corporation","D50DNP1SB","Intel Xeon Gold 6500/5500 (Emerald Rapids-SP) Series","ESXi 9.0","-","-",""
"Intel Corporation","M50FCP2SBSTD","Intel Xeon Silver 4500
 Bronze 3500 (Emerald Rapids-SP) Series","ESXi 9.0","-","-",""
"Intel Corporation","M50FCP2SBSTD","Intel Xeon Gold 6500/5500 (Emerald Rapids-SP) Series","ESXi 9.0","-","-",""
"Intel Corporation","M50CYP2SB1U","Intel Xeon Gold 6300/5300 (Ice-Lake-SP) Series ","ESXi 9.0","-","-",""
"Intel Corporation","M50CYP2SB1U","Intel Xeon Platinum 8300 (Ice-Lake-SP) Series","ESXi 9.0","-","-",""
"Intel Corporation","M50CYP2SB1U","Intel Xeon Silver 4300 (Ice-Lake-SP) Series","ESXi 9.0","-","-",""
"Intel Corporation","M50CYP2SBSTD","Intel Xeon Gold 6300/5300 (Ice-Lake-SP) Series ","ESXi 9.0","-","-",""
"Intel Corporation","S2600WFTR","Intel Xeon Gold 6200/5200 (Cascade-Lake-SP/Refresh) Series","ESXi 9.0","-","-",""
"Intel Corporation","S2600WFTR","Intel Xeon Silver 4200
 Bronze 3200 (Cascade-Lake-SP/Refresh) Series","ESXi 9.0","-","-",""
"Intel Corporation","S2600WF0R","Intel Xeon Gold 6200/5200 (Cascade-Lake-SP/Refresh) Series","ESXi 9.0","-","-",""
"Intel Corporation","S2600WF0R","Intel Xeon Silver 4200
 Bronze 3200 (Cascade-Lake-SP/Refresh) Series","ESXi 9.0","-","-",""
"Intel Corporation","S2600BPSR","Intel Xeon Platinum 8200 (Cascade-Lake-SP) Series","ESXi 9.0","-","-",""
"Intel Corporation","S2600BPSR","Intel Xeon Gold 6200/5200 (Cascade-Lake-SP/Refresh) Series","ESXi 9.0","-","-",""
"Intel Corporation","S2600BPSR","Intel Xeon Silver 4200
 Bronze 3200 (Cascade-Lake-SP/Refresh) Series","ESXi 9.0","-","-",""
"Intel Corporation","M50CYP2SBSTD","Intel Xeon Platinum 8300 (Ice-Lake-SP) Series","ESXi 9.0","-","-",""
"Intel Corporation","D50DNP1SB","Intel Xeon Platinum 8400 (Sapphire-Rapids-SP) Series","ESXi 9.0","-","-",""
"Intel Corporation","M50FCP2SBSTD","Intel Xeon Platinum 8400 (Sapphire-Rapids-SP) Series","ESXi 9.0","-","-",""
"Intel Corporation","M50CYP2SBSTD","Intel Xeon Silver 4300 (Ice-Lake-SP) Series","ESXi 9.0","-","-",""
"Intel Corporation","S2600BPS","Intel Xeon Silver 4200
 Bronze 3200 (Cascade-Lake-SP/Refresh) Series","ESXi 9.0","-","-",""
"Intel Corporation","D50DNP1SB","Intel Xeon Gold 6400/5400 (Sapphire-Rapids-SP) Series","ESXi 9.0","-","-",""
"Intel Corporation","S2600WFT","Intel Xeon Platinum 8200 (Cascade-Lake-SP) Series","ESXi 9.0","-","-",""
"Intel Corporation","M50FCP2SBSTD","Intel Xeon Gold 6400/5400 (Sapphire-Rapids-SP) Series","ESXi 9.0","-","-",""
"Intel Corporation","M50FCP2SBSTD","Intel Xeon Silver 4400
 Bronze 3400 (Sapphire-Rapids-SP) Series","ESXi 9.0","-","-",""
"Intel Corporation","S2600WFT","Intel Xeon Gold 6200/5200 (Cascade-Lake-SP/Refresh) Series","ESXi 9.0","-","-",""
"Intel Corporation","S2600WFQR","Intel Xeon Gold 6200/5200 (Cascade-Lake-SP/Refresh) Series","ESXi 9.0","-","-",""
"Intel Corporation","S2600WFQR","Intel Xeon Silver 4200
 Bronze 3200 (Cascade-Lake-SP/Refresh) Series","ESXi 9.0","-","-",""
"Intel Corporation","S2600WFT","Intel Xeon Silver 4200
 Bronze 3200 (Cascade-Lake-SP/Refresh) Series","ESXi 9.0","-","-",""
"Intel Corporation","S2600WF0","Intel Xeon Platinum 8200 (Cascade-Lake-SP) Series","ESXi 9.0","-","-",""
"Intel Corporation","S2600WF0","Intel Xeon Gold 6200/5200 (Cascade-Lake-SP/Refresh) Series","ESXi 9.0","-","-",""
"Intel Corporation","S2600WF0","Intel Xeon Silver 4200
 Bronze 3200 (Cascade-Lake-SP/Refresh) Series","ESXi 9.0","-","-",""
"Intel Corporation","S2600WFQ","Intel Xeon Platinum 8200 (Cascade-Lake-SP) Series","ESXi 9.0","-","-",""
"Intel Corporation","S2600WFQ","Intel Xeon Gold 6200/5200 (Cascade-Lake-SP/Refresh) Series","ESXi 9.0","-","-",""
"Intel Corporation","S2600WFQ","Intel Xeon Silver 4200
 Bronze 3200 (Cascade-Lake-SP/Refresh) Series","ESXi 9.0","-","-",""
"Intel Corporation","M50FCP2SBSTD","Intel Xeon Platinum 8500 (Emerald Rapids-SP) Series","ESXi 9.0","-","-",""
"Intel Corporation","D50DNP1SB","Intel Xeon Platinum 8500 (Emerald Rapids-SP) Series","ESXi 9.0","-","-",""
"Intel Corporation","S2600WFQR","Intel Xeon Platinum 8200 (Cascade-Lake-SP) Series","ESXi 9.0","-","-",""
"Intel Corporation","S2600WFTR","Intel Xeon Platinum 8200 (Cascade-Lake-SP) Series","ESXi 9.0","-","-",""
"Intel Corporation","S2600WF0R","Intel Xeon Platinum 8200 (Cascade-Lake-SP) Series","ESXi 9.0","-","-",""
"Intel Corporation","S2600BPS","Intel Xeon Platinum 8200 (Cascade-Lake-SP) Series","ESXi 9.0","-","-",""
"Intel Corporation","S2600BPS","Intel Xeon Gold 6200/5200 (Cascade-Lake-SP/Refresh) Series","ESXi 9.0","-","-",""
"Jabil Circuit Inc","J322-S","Intel Xeon Platinum 8500 (Emerald Rapids-SP) Series","ESXi 9.0","-","-",""
"KAGA ELECTRONICS CO.,LTD.","TaxanServer 1288T V5","Intel Xeon Platinum 8200 (Cascade-Lake-SP) Series","ESXi 9.0","-","-",""
"KAGA ELECTRONICS CO.,LTD.","TaxanServer 2288T V5","Intel Xeon Platinum 8200 (Cascade-Lake-SP) Series","ESXi 9.0","-","-",""
"KAYTUS SYSTEMS PTE.LTD.","KR2280-X2-A0-R0-00","Intel Xeon Platinum 8500 (Emerald Rapids-SP) Series","ESXi 9.0","-","-",""
"KAYTUS SYSTEMS PTE.LTD.","KR2460-X2-A0-R0-00","Intel Xeon Platinum 8400 (Sapphire-Rapids-SP) Series","ESXi 9.0","-","-",""
"KAYTUS SYSTEMS PTE.LTD.","KR2280-E2-A0-R0-00","AMD EPYC 9004 Series","ESXi 9.0","-","-",""
"KAYTUS SYSTEMS PTE.LTD.","KR1180-X3-A0-R0-00","Intel Xeon 6500P/6700P (Granite Rapids-SP) Series","ESXi 9.0","-","-",""
"KAYTUS SYSTEMS PTE.LTD.","KR2280-X2-A0-R0-00","Intel Xeon Gold 6500/5500 (Emerald Rapids-SP) Series","ESXi 9.0","-","-",""
"KAYTUS SYSTEMS PTE.LTD.","KR2460-X2-A0-R0-00","Intel Xeon Gold 6400/5400 (Sapphire-Rapids-SP) Series","ESXi 9.0","-","-",""
"KAYTUS SYSTEMS PTE.LTD.","KR2280-E3-A0-R0-00","AMD EPYC 9005 Series","ESXi 9.0","-","-",""
"KAYTUS SYSTEMS PTE.LTD.","KR2280-X3-A0-R0-00","Intel Xeon 6500P/6700P (Granite Rapids-SP) Series","ESXi 9.0","-","-",""
"KAYTUS SYSTEMS PTE.LTD.","KR1280-X2-A0-R0-00","Intel Xeon Gold 6500/5500 (Emerald Rapids-SP) Series","ESXi 9.0","-","-",""
"KAYTUS SYSTEMS PTE.LTD.","KR1280-E3-A0-R0-00","AMD EPYC 9005 Series","ESXi 9.0","-","-",""
"KAYTUS SYSTEMS PTE.LTD.","KR2280-X2-A0-R0-00","Intel Xeon Silver 4500
 Bronze 3500 (Emerald Rapids-SP) Series","ESXi 9.0","-","-",""
"KAYTUS SYSTEMS PTE.LTD.","KR1280-X2-A0-R0-00","Intel Xeon Platinum 8500 (Emerald Rapids-SP) Series","ESXi 9.0","-","-",""
"KAYTUS SYSTEMS PTE.LTD.","KR1280-X2-A0-R0-00","Intel Xeon Silver 4500
 Bronze 3500 (Emerald Rapids-SP) Series","ESXi 9.0","-","-",""
"KAYTUS SYSTEMS PTE.LTD.","KR1280-X3-A0-R0-00","Intel Xeon 6500P/6700P (Granite Rapids-SP) Series","ESXi 9.0","-","-",""
"KAYTUS SYSTEMS PTE.LTD.","KR4266-X3-A0-R0-00","Intel Xeon 6500P/6700P (Granite Rapids-SP) Series","ESXi 9.0","-","-",""
"KAYTUS SYSTEMS PTE.LTD.","KR1280-E2-A0-R0-00","AMD EPYC 9004 Series","ESXi 9.0","-","-",""
"KAYTUS SYSTEMS PTE.LTD.","KR4480-X2-A0-R0-00","Intel Xeon Platinum 8400 (Sapphire-Rapids-SP) Series","ESXi 9.0","-","-",""
"KAYTUS SYSTEMS PTE.LTD.","KR4480-X2-A0-R0-00","Intel Xeon Gold 6400/5400 (Sapphire-Rapids-SP) Series","ESXi 9.0","-","-",""
"Kerno Enterprises - FZE","OKAM-K01-2220","Intel Xeon Platinum 8500 (Emerald Rapids-SP) Series","ESXi 9.0","-","-",""
"Klas Telecom","VoyagerVM4.0 ","Intel Xeon D-1700 (Ice-Lake-D) Series ","ESXi 9.0","-","-",""
"Klas Telecom","VoyagerHPC","AMD EPYC 7003/7003X Series","ESXi 9.0","-","-",""
"Kns Group Llc Trademark Yadro","X2-840","Intel Xeon Gold 6200/5200 (Cascade-Lake-SP/Refresh) Series","ESXi 9.0","-","-",""
"Kns Group Llc Trademark Yadro","X2-740X","Intel Xeon Platinum 8200 (Cascade-Lake-SP) Series","ESXi 9.0","-","-",""
"Kns Group Llc Trademark Yadro","X2-T11-740","Intel Xeon Gold 6200/5200 (Cascade-Lake-SP/Refresh) Series","ESXi 9.0","-","-",""
"Kns Group Llc Trademark Yadro","X2-740","Intel Xeon Gold 6200/5200 (Cascade-Lake-SP/Refresh) Series","ESXi 9.0","-","-",""
"Kns Group Llc Trademark Yadro","X2-640","Intel Xeon Gold 6200/5200 (Cascade-Lake-SP/Refresh) Series","ESXi 9.0","-","-",""
"Kns Group Llc Trademark Yadro","X2-740X","Intel Xeon Gold 6200/5200 (Cascade-Lake-SP/Refresh) Series","ESXi 9.0","-","-",""
"Kns Group Llc Trademark Yadro","X2-740","Intel Xeon Platinum 8200 (Cascade-Lake-SP) Series","ESXi 9.0","-","-",""
"Kns Group Llc Trademark Yadro","X2-T11-740","Intel Xeon Platinum 8200 (Cascade-Lake-SP) Series","ESXi 9.0","-","-",""
"Kns Group Llc Trademark Yadro","X2-840","Intel Xeon Platinum 8200 (Cascade-Lake-SP) Series","ESXi 9.0","-","-",""
"Kontron AG","KBox-C-104-TGL","Intel Xeon W-11000 Processor Series","ESXi 9.0","-","-",""
"Kontron AG","ME1310","Intel Xeon D-2700 (Ice-Lake-D) Series ","ESXi 9.0","-","-",""
"KTNF","KR580S2","Intel Xeon Gold 6300/5300 (Ice-Lake-SP) Series ","ESXi 9.0","-","-",""
"KTNF","KR580S3","Intel Xeon Gold 6500/5500 (Emerald Rapids-SP) Series","ESXi 9.0","-","-",""
"KTNF","KR587S4","Intel Xeon 6500P/6700P (Granite Rapids-SP) Series","ESXi 9.0","-","-",""
"KTNF","KR580S3","Intel Xeon Platinum 8400 (Sapphire-Rapids-SP) Series","ESXi 9.0","-","-",""
"KTNF","KR580S2","Intel Xeon Silver 4300 (Ice-Lake-SP) Series","ESXi 9.0","-","-",""
"KTNF","KR580S3","Intel Xeon Gold 6400/5400 (Sapphire-Rapids-SP) Series","ESXi 9.0","-","-",""
"Lenovo","ThinkAgile VX650 V3-DPU SAP HANA CN","Intel Xeon Gold 6500/5500 (Emerald Rapids-SP) Series","ESXi 9.0","-","-",""
"Lenovo","ThinkAgile VX650 V3-DPU SAP HANA CN","Intel Xeon Silver 4500
 Bronze 3500 (Emerald Rapids-SP) Series","ESXi 9.0","-","-",""
"Lenovo","ThinkAgile VX650 V3-DPU CN","Intel Xeon Gold 6500/5500 (Emerald Rapids-SP) Series","ESXi 9.0","-","-",""
"Lenovo","ThinkAgile VX650 V3-DPU CN","Intel Xeon Silver 4500
 Bronze 3500 (Emerald Rapids-SP) Series","ESXi 9.0","-","-",""
"Lenovo","ThinkAgile VX650 V3 IS","Intel Xeon Gold 6500/5500 (Emerald Rapids-SP) Series","ESXi 9.0","-","-",""
"Lenovo","ThinkAgile VX650 V3 IS","Intel Xeon Silver 4500
 Bronze 3500 (Emerald Rapids-SP) Series","ESXi 9.0","-","-",""
"Lenovo","ThinkAgile VX650 V3 SAP HANA CN","Intel Xeon Gold 6500/5500 (Emerald Rapids-SP) Series","ESXi 9.0","-","-",""
"Lenovo","ThinkAgile VX650 V3 SAP HANA CN","Intel Xeon Silver 4500
 Bronze 3500 (Emerald Rapids-SP) Series","ESXi 9.0","-","-",""
"Lenovo","ThinkAgile VX630 V3 IS","Intel Xeon Gold 6500/5500 (Emerald Rapids-SP) Series","ESXi 9.0","-","-",""
"Lenovo","ThinkAgile FX630 V4","Intel Xeon 6500P/6700P (Granite Rapids-SP) Series","ESXi 9.0","-","-",""
"Lenovo","ThinkAgile VX630 V3 IS","Intel Xeon Silver 4500
 Bronze 3500 (Emerald Rapids-SP) Series","ESXi 9.0","-","-",""
"Lenovo","ThinkAgile VX630 V3 CN","Intel Xeon Gold 6500/5500 (Emerald Rapids-SP) Series","ESXi 9.0","-","-",""
"Lenovo","ThinkAgile VX630 V3 CN","Intel Xeon Silver 4500
 Bronze 3500 (Emerald Rapids-SP) Series","ESXi 9.0","-","-",""
"Lenovo","ThinkAgile VX650 V3 CN","Intel Xeon Silver 4500
 Bronze 3500 (Emerald Rapids-SP) Series","ESXi 9.0","-","-",""
"Lenovo","ThinkSystem ST50 V2","Intel Xeon E-2300 Series","ESXi 9.0","-","-",""
"Lenovo","ThinkSystem SR635 V3","AMD EPYC 9005 Series","ESXi 9.0","-","-",""
"Lenovo","ThinkSystem ST250 V2","Intel Xeon E-2300 Series","ESXi 9.0","-","-",""
"Lenovo","ThinkEdge SE450","Intel Xeon Platinum 8300 (Ice-Lake-SP) Series","ESXi 9.0","-","-",""
"Lenovo","ThinkSystem SR258 V2","Intel Xeon E-2300 Series","ESXi 9.0","-","-",""
"Lenovo","ThinkSystem ST58 V2","Intel Xeon E-2300 Series","ESXi 9.0","-","-",""
"Lenovo","ThinkSystem ST258 V2","Intel Xeon E-2300 Series","ESXi 9.0","-","-",""
"Lenovo","ThinkAgile VX850 V3 SAP HANA CN","Intel Xeon Platinum 8400 (Sapphire-Rapids-SP) Series","ESXi 9.0","-","-",""
"Lenovo","ThinkAgile VX850 V3 SAP HANA CN","Intel Xeon Gold 6400/5400 (Sapphire-Rapids-SP) Series","ESXi 9.0","-","-",""
"Lenovo","ThinkAgile VX850 V3-DPU SAP HANA CN","Intel Xeon Platinum 8400 (Sapphire-Rapids-SP) Series","ESXi 9.0","-","-",""
"Lenovo","ThinkAgile VX850 V3-DPU SAP HANA CN","Intel Xeon Gold 6400/5400 (Sapphire-Rapids-SP) Series","ESXi 9.0","-","-",""
"Lenovo","ThinkSystem SR850P","Intel Xeon Gold 6200/5200 (Cascade-Lake-SP/Refresh) Series","ESXi 9.0","-","-","ESXi 9.0
 ESXi 9.1
 KB428874"
"Lenovo","Lenovo WenTian WR3220 G3","Intel Xeon Platinum 8500 (Emerald Rapids-SP) Series","ESXi 9.0","-","-",""
"Lenovo","Lenovo WenTian WR5220 G3","Intel Xeon Silver 4500
 Bronze 3500 (Emerald Rapids-SP) Series","ESXi 9.0","-","-",""
"Lenovo","Lenovo WenTian WR5220 G3","Intel Xeon Gold 6500/5500 (Emerald Rapids-SP) Series","ESXi 9.0","-","-",""
"Lenovo","ThinkSystem SD550 V3","Intel Xeon Gold 6500/5500 (Emerald Rapids-SP) Series","ESXi 9.0","-","-",""
"Lenovo","ThinkSystem SD550 V3","Intel Xeon Silver 4500
 Bronze 3500 (Emerald Rapids-SP) Series","ESXi 9.0","-","-",""
"Lenovo","ThinkSystem SD530 V3","Intel Xeon Silver 4500
 Bronze 3500 (Emerald Rapids-SP) Series","ESXi 9.0","-","-",""
"Lenovo","ThinkAgile VX655 V3 CN","AMD EPYC 9004 Series","ESXi 9.0","-","-",""
"Lenovo","ThinkAgile VX 2U4N Node","Intel Xeon Platinum 8200 (Cascade-Lake-SP) Series","ESXi 9.0","-","-","ESXi 9.0
 ESXi 9.1
 KB428874"
"Lenovo","ThinkAgile VX630 V3 IS","Intel Xeon Silver 4400
 Bronze 3400 (Sapphire-Rapids-SP) Series","ESXi 9.0","-","-",""
"Lenovo","ThinkServer SR668 V2","Intel Xeon Platinum 8300 (Ice-Lake-SP) Series","ESXi 9.0","-","-",""
"Lenovo","ThinkServer SR668 V2","Intel Xeon Gold 6300/5300 (Ice-Lake-SP) Series ","ESXi 9.0","-","-",""
"Lenovo","ThinkSystem SR860","Intel Xeon Platinum 8200 (Cascade-Lake-SP) Series","ESXi 9.0","-","-","ESXi 9.0
 ESXi 9.1
 KB428874"
"Lenovo","ThinkServer SR668 V2","Intel Xeon Silver 4300 (Ice-Lake-SP) Series","ESXi 9.0","-","-",""
"Lenovo","ThinkServer SR588 V2","Intel Xeon Platinum 8300 (Ice-Lake-SP) Series","ESXi 9.0","-","-",""
"Lenovo","ThinkServer SR588 V2","Intel Xeon Gold 6300/5300 (Ice-Lake-SP) Series ","ESXi 9.0","-","-",""
"Lenovo","ThinkServer SR588 V2","Intel Xeon Silver 4300 (Ice-Lake-SP) Series","ESXi 9.0","-","-",""
"Lenovo","ThinkAgile VX3720 Appliance","Intel Xeon Platinum 8200 (Cascade-Lake-SP) Series","ESXi 9.0","-","-","ESXi 9.0
 ESXi 9.1
 KB428874"
"Lenovo","ThinkAgile VX630 V3 CN","Intel Xeon Silver 4400
 Bronze 3400 (Sapphire-Rapids-SP) Series","ESXi 9.0","-","-",""
"Lenovo","Lenovo WenTian WA5480 G3","Intel Xeon Gold 6400/5400 (Sapphire-Rapids-SP) Series","ESXi 9.0","-","-",""
"Lenovo","Lenovo WenTian WA5480 G3","Intel Xeon Gold 6500/5500 (Emerald Rapids-SP) Series","ESXi 9.0","-","-",""
"Lenovo","ThinkSystem SR530","Intel Xeon Platinum 8200 (Cascade-Lake-SP) Series","ESXi 9.0","-","-","ESXi 9.0
 ESXi 9.1
 KB428874"
"Lenovo","Lenovo WenTian WA5480 G3","Intel Xeon Silver 4500
 Bronze 3500 (Emerald Rapids-SP) Series","ESXi 9.0","-","-",""
"Lenovo","ThinkSystem SR530","Intel Xeon Gold 6200/5200 (Cascade-Lake-SP/Refresh) Series","ESXi 9.0","-","-","ESXi 9.0
 ESXi 9.1
 KB428874"
"Lenovo","ThinkSystem SR850","Intel Xeon Gold 6200/5200 (Cascade-Lake-SP/Refresh) Series","ESXi 9.0","-","-","ESXi 9.0
 ESXi 9.1
 KB428874"
"Lenovo","ThinkSystem SR530","Intel Xeon Silver 4200
 Bronze 3200 (Cascade-Lake-SP/Refresh) Series","ESXi 9.0","-","-","ESXi 9.0
 ESXi 9.1
 KB428874"
"Lenovo","ThinkSystem ST650 V3","Intel Xeon Silver 4500
 Bronze 3500 (Emerald Rapids-SP) Series","ESXi 9.0","-","-",""
"Lenovo","ThinkSystem ST658 V3","Intel Xeon Gold 6500/5500 (Emerald Rapids-SP) Series","ESXi 9.0","-","-",""
"Lenovo","ThinkSystem ST658 V3","Intel Xeon Silver 4500
 Bronze 3500 (Emerald Rapids-SP) Series","ESXi 9.0","-","-",""
"Lenovo","ThinkSystem SR670","Intel Xeon Gold 6200/5200 (Cascade-Lake-SP/Refresh) Series","ESXi 9.0","-","-","ESXi 9.0
 ESXi 9.1
 KB428874"
"Lenovo","	Lenovo WenTian WR5225 G3","AMD EPYC 9004 Series","ESXi 9.0","-","-",""
"Lenovo","ThinkSystem SR630","Intel Xeon Platinum 8200 (Cascade-Lake-SP) Series","ESXi 9.0","-","-","ESXi 9.0
 ESXi 9.1
 KB428874"
"Lenovo","ThinkSystem SR670","Intel Xeon Silver 4200
 Bronze 3200 (Cascade-Lake-SP/Refresh) Series","ESXi 9.0","-","-","ESXi 9.0
 ESXi 9.1
 KB428874"
"Lenovo","ThinkSystem SR850","Intel Xeon Silver 4200
 Bronze 3200 (Cascade-Lake-SP/Refresh) Series","ESXi 9.0","-","-","ESXi 9.0
 ESXi 9.1
 KB428874"
"Lenovo","ThinkSystem SN550","Intel Xeon Gold 6200/5200 (Cascade-Lake-SP/Refresh) Series","ESXi 9.0","-","-","ESXi 9.0
 ESXi 9.1
 KB428874"
"Lenovo","ThinkSystem SN550","Intel Xeon Silver 4200
 Bronze 3200 (Cascade-Lake-SP/Refresh) Series","ESXi 9.0","-","-","ESXi 9.0
 ESXi 9.1
 KB428874"
"Lenovo","ThinkAgile VX7520 Appliance","Intel Xeon Platinum 8200 (Cascade-Lake-SP) Series","ESXi 9.0","-","-","ESXi 9.0
 ESXi 9.1
 KB428874"
"Lenovo","ThinkAgile VX5520 Appliance","Intel Xeon Platinum 8200 (Cascade-Lake-SP) Series","ESXi 9.0","-","-","ESXi 9.0
 ESXi 9.1
 KB428874"
"Lenovo","VX 2U Node for SAP HANA","Intel Xeon Platinum 8200 (Cascade-Lake-SP) Series","ESXi 9.0","-","-","ESXi 9.0
 ESXi 9.1
 KB428874"
"Lenovo","ThinkAgile VX3520-G Appliance","Intel Xeon Platinum 8200 (Cascade-Lake-SP) Series","ESXi 9.0","-","-","ESXi 9.0
 ESXi 9.1
 KB428874"
"Lenovo","Lenovo WenTian WA5480 G3","Intel Xeon Silver 4400
 Bronze 3400 (Sapphire-Rapids-SP) Series","ESXi 9.0","-","-",""
"Lenovo","ThinkAgile VX 2U Node","Intel Xeon Platinum 8200 (Cascade-Lake-SP) Series","ESXi 9.0","-","-","ESXi 9.0
 ESXi 9.1
 KB428874"
"Lenovo","ThinkSystem ST558","Intel Xeon Platinum 8200 (Cascade-Lake-SP) Series","ESXi 9.0","-","-","ESXi 9.0
 ESXi 9.1
 KB428874"
"Lenovo","ThinkSystem ST558","Intel Xeon Gold 6200/5200 (Cascade-Lake-SP/Refresh) Series","ESXi 9.0","-","-","ESXi 9.0
 ESXi 9.1
 KB428874"
"Lenovo","ThinkSystem ST550","Intel Xeon Platinum 8200 (Cascade-Lake-SP) Series","ESXi 9.0","-","-","ESXi 9.0
 ESXi 9.1
 KB428874"
"Lenovo","ThinkSystem ST558","Intel Xeon Silver 4200
 Bronze 3200 (Cascade-Lake-SP/Refresh) Series","ESXi 9.0","-","-","ESXi 9.0
 ESXi 9.1
 KB428874"
"Lenovo","ThinkSystem SR680a V3","Intel Xeon Platinum 8500 (Emerald Rapids-SP) Series","ESXi 9.0","-","-",""
"Lenovo","ThinkSystem SR570","Intel Xeon Gold 6200/5200 (Cascade-Lake-SP/Refresh) Series","ESXi 9.0","-","-","ESXi 9.0
 ESXi 9.1
 KB428874"
"Lenovo","ThinkSystem SD530 V3","Intel Xeon Platinum 8500 (Emerald Rapids-SP) Series","ESXi 9.0","-","-",""
"Lenovo","ThinkSystem SR570","Intel Xeon Silver 4200
 Bronze 3200 (Cascade-Lake-SP/Refresh) Series","ESXi 9.0","-","-","ESXi 9.0
 ESXi 9.1
 KB428874"
"Lenovo","ThinkAgile VX7320N Appliance","Intel Xeon Platinum 8200 (Cascade-Lake-SP) Series","ESXi 9.0","-","-","ESXi 9.0
 ESXi 9.1
 KB428874"
"Lenovo","ThinkAgile VX 1U Node","Intel Xeon Platinum 8200 (Cascade-Lake-SP) Series","ESXi 9.0","-","-","ESXi 9.0
 ESXi 9.1
 KB428874"
"Lenovo","ThinkSystem SR860 V2","Intel Xeon Platinum 8300 (Cooper-Lake-SP) Series","ESXi 9.0","-","-",""
"Lenovo","ThinkAgile VX2320 Appliance","Intel Xeon Platinum 8200 (Cascade-Lake-SP) Series","ESXi 9.0","-","-","ESXi 9.0
 ESXi 9.1
 KB428874"
"Lenovo","ThinkAgile VX 4U Node","Intel Xeon Platinum 8200 (Cascade-Lake-SP) Series","ESXi 9.0","-","-","ESXi 9.0
 ESXi 9.1
 KB428874"
"Lenovo","ThinkAgile VX3320 Appliance","Intel Xeon Platinum 8200 (Cascade-Lake-SP) Series","ESXi 9.0","-","-","ESXi 9.0
 ESXi 9.1
 KB428874"
"Lenovo","ThinkSystem SR850 V2","Intel Xeon Platinum 8300 (Cooper-Lake-SP) Series","ESXi 9.0","-","-",""
"Lenovo","ThinkAgile VX7820","Intel Xeon Platinum 8200 (Cascade-Lake-SP) Series","ESXi 9.0","-","-","ESXi 9.0
 ESXi 9.1
 KB428874"
"Lenovo","ThinkSystem SR675 V3","AMD EPYC 9005 Series","ESXi 9.0","-","-",""
"Lenovo","ThinkSystem SD535 V3","AMD EPYC 9005 Series","ESXi 9.0","-","-",""
"Lenovo","ThinkSystem SR655 V3","AMD EPYC 9005 Series","ESXi 9.0","NVIDIA



","L40S

H100


",""
"Lenovo","ThinkSystem SR645 V3","AMD EPYC 9005 Series","ESXi 9.0","-","-",""
"Lenovo","ThinkSystem SR665 V3","AMD EPYC 9005 Series","ESXi 9.0","-","-",""
"Lenovo","ThinkSystem SN850","Intel Xeon Gold 6200/5200 (Cascade-Lake-SP/Refresh) Series","ESXi 9.0","-","-","ESXi 9.0
 ESXi 9.1
 KB428874"
"Lenovo","ThinkSystem SN850","Intel Xeon Silver 4200
 Bronze 3200 (Cascade-Lake-SP/Refresh) Series","ESXi 9.0","-","-","ESXi 9.0
 ESXi 9.1
 KB428874"
"Lenovo","ThinkAgile VX635 V3 IS","AMD EPYC 9005 Series","ESXi 9.0","-","-",""
"Lenovo","ThinkAgile VX655 V3 CN","AMD EPYC 9005 Series","ESXi 9.0","-","-",""
"Lenovo","ThinkAgile VX635 V3 CN","AMD EPYC 9005 Series","ESXi 9.0","-","-",""
"Lenovo","ThinkAgile VX655 V3 IS","AMD EPYC 9005 Series","ESXi 9.0","-","-",""
"Lenovo","ThinkAgile VX645 V3 CN","AMD EPYC 9005 Series","ESXi 9.0","-","-",""
"Lenovo","ThinkAgile VX665 V3 IS","AMD EPYC 9005 Series","ESXi 9.0","-","-",""
"Lenovo","ThinkAgile VX665 V3 CN","AMD EPYC 9005 Series","ESXi 9.0","-","-",""
"Lenovo","ThinkSystem SR860 V2","Intel Xeon Gold 6300/5300 (Cooper-Lake-SP) Series","ESXi 9.0","-","-",""
"Lenovo","ThinkSystem SR950","Intel Xeon Gold 6200/5200 (Cascade-Lake-SP/Refresh) Series","ESXi 9.0","-","-","ESXi 9.0
 ESXi 9.1
 KB428874"
"Lenovo","ThinkAgile VX645 V3 IS","AMD EPYC 9005 Series","ESXi 9.0","-","-",""
"Lenovo","ThinkSystem SR850 V2","Intel Xeon Gold 6300/5300 (Cooper-Lake-SP) Series","ESXi 9.0","-","-",""
"Lenovo","ThinkEdge SE350 V2","Intel Xeon D-2700 (Ice-Lake-D) Series ","ESXi 9.0","-","-",""
"Lenovo","	Lenovo WenTian WR5225 G3","AMD EPYC 9005 Series","ESXi 9.0","-","-",""
"Lenovo","ThinkSystem SR780a V3","Intel Xeon Platinum 8500 (Emerald Rapids-SP) Series","ESXi 9.0","-","-",""
"Lenovo","ThinkEdge SE360 V2","Intel Xeon D-2700 (Ice-Lake-D) Series ","ESXi 9.0","-","-",""
"Lenovo","ThinkSystem SR650","Intel Xeon Gold 6200/5200 (Cascade-Lake-SP/Refresh) Series","ESXi 9.0","-","-","ESXi 9.0
 ESXi 9.1
 KB428874"
"Lenovo","ThinkSystem SR650","Intel Xeon Silver 4200
 Bronze 3200 (Cascade-Lake-SP/Refresh) Series","ESXi 9.0","-","-","ESXi 9.0
 ESXi 9.1
 KB428874"
"Lenovo","ThinkSystem SD530","Intel Xeon Gold 6200/5200 (Cascade-Lake-SP/Refresh) Series","ESXi 9.0","-","-","ESXi 9.0
 ESXi 9.1
 KB428874"
"Lenovo","ThinkSystem SR630 V3","Intel Xeon Platinum 8400 (Sapphire-Rapids-SP) Series","ESXi 9.0","-","-",""
"Lenovo","ThinkSystem SR650 V3","Intel Xeon Platinum 8400 (Sapphire-Rapids-SP) Series","ESXi 9.0","-","-",""
"Lenovo","ThinkSystem SR630 V4","Intel Xeon 6500P/6700P (Granite Rapids-SP) Series","ESXi 9.0","-","-",""
"Lenovo","ThinkSystem SR650 V4","Intel Xeon 6500P/6700P (Granite Rapids-SP) Series","ESXi 9.0","-","-",""
"Lenovo","ThinkSystem SD530","Intel Xeon Silver 4200
 Bronze 3200 (Cascade-Lake-SP/Refresh) Series","ESXi 9.0","-","-","ESXi 9.0
 ESXi 9.1
 KB428874"
"Lenovo","Lenovo WenTian WR5220 G5","Intel Xeon 6500P/6700P (Granite Rapids-SP) Series","ESXi 9.0","-","-",""
"Lenovo","ThinkSystem SR645 V3","AMD EPYC 9004 Series","ESXi 9.0","-","-",""
"Lenovo","ThinkServer SR860P","Intel Xeon Platinum 8200 (Cascade-Lake-SP) Series","ESXi 9.0","-","-","ESXi 9.0
 ESXi 9.1
 KB428874"
"Lenovo","ThinkSystem SR665 V3","AMD EPYC 9004 Series","ESXi 9.0","NVIDIA","L40S",""
"Lenovo","ThinkSystem SR630","Intel Xeon Gold 6200/5200 (Cascade-Lake-SP/Refresh) Series","ESXi 9.0","-","-","ESXi 9.0
 ESXi 9.1
 KB428874"
"Lenovo","ThinkSystem SR630","Intel Xeon Silver 4200
 Bronze 3200 (Cascade-Lake-SP/Refresh) Series","ESXi 9.0","-","-","ESXi 9.0
 ESXi 9.1
 KB428874"
"Lenovo","ThinkAgile VX 4U Node","Intel Xeon Gold 6200/5200 (Cascade-Lake-SP/Refresh) Series","ESXi 9.0","-","-","ESXi 9.0
 ESXi 9.1
 KB428874"
"Lenovo","ThinkServer SE550 V2","Intel Xeon Platinum 8300 (Ice-Lake-SP) Series","ESXi 9.0","-","-",""
"Lenovo","ThinkSystem SR650a V4","Intel Xeon 6500P/6700P (Granite Rapids-SP) Series","ESXi 9.0","-","-",""
"Lenovo","ThinkAgile VX 4U Node","Intel Xeon Silver 4200
 Bronze 3200 (Cascade-Lake-SP/Refresh) Series","ESXi 9.0","-","-","ESXi 9.0
 ESXi 9.1
 KB428874"
"Lenovo","ThinkAgile VX630 V4","Intel Xeon 6500P/6700P (Granite Rapids-SP) Series","ESXi 9.0","-","-",""
"Lenovo","ThinkAgile VX650 V4","Intel Xeon 6500P/6700P (Granite Rapids-SP) Series","ESXi 9.0","-","-",""
"Lenovo","ThinkSystem SR860","Intel Xeon Gold 6200/5200 (Cascade-Lake-SP/Refresh) Series","ESXi 9.0","-","-","ESXi 9.0
 ESXi 9.1
 KB428874"
"Lenovo","ThinkSystem SR860","Intel Xeon Silver 4200
 Bronze 3200 (Cascade-Lake-SP/Refresh) Series","ESXi 9.0","-","-","ESXi 9.0
 ESXi 9.1
 KB428874"
"Lenovo","ThinkAgile VX3320 Appliance","Intel Xeon Silver 4200
 Bronze 3200 (Cascade-Lake-SP/Refresh) Series","ESXi 9.0","-","-","ESXi 9.0
 ESXi 9.1
 KB428874"
"Lenovo","ThinkAgile VX2320 Appliance","Intel Xeon Gold 6200/5200 (Cascade-Lake-SP/Refresh) Series","ESXi 9.0","-","-","ESXi 9.0
 ESXi 9.1
 KB428874"
"Lenovo","ThinkAgile VX2320 Appliance","Intel Xeon Silver 4200
 Bronze 3200 (Cascade-Lake-SP/Refresh) Series","ESXi 9.0","-","-","ESXi 9.0
 ESXi 9.1
 KB428874"
"Lenovo","ThinkAgile VX7320N Appliance","Intel Xeon Silver 4200
 Bronze 3200 (Cascade-Lake-SP/Refresh) Series","ESXi 9.0","-","-","ESXi 9.0
 ESXi 9.1
 KB428874"
"Lenovo","ThinkAgile VX7320N Appliance","Intel Xeon Gold 6200/5200 (Cascade-Lake-SP/Refresh) Series","ESXi 9.0","-","-","ESXi 9.0
 ESXi 9.1
 KB428874"
"Lenovo","ThinkSystem SR645","AMD EPYC 7003/7003X Series","ESXi 9.0","-","-",""
"Lenovo","ThinkAgile VX650 V3 CN","Intel Xeon Gold 6500/5500 (Emerald Rapids-SP) Series","ESXi 9.0","-","-",""
"Lenovo","ThinkAgile VX3720 Appliance","Intel Xeon Silver 4200
 Bronze 3200 (Cascade-Lake-SP/Refresh) Series","ESXi 9.0","-","-","ESXi 9.0
 ESXi 9.1
 KB428874"
"Lenovo","Lenovo WenTian WA5480 G5","Intel Xeon 6500P/6700P (Granite Rapids-SP) Series","ESXi 9.0","-","-",""
"Lenovo","ThinkAgile VX 2U4N Node","Intel Xeon Gold 6200/5200 (Cascade-Lake-SP/Refresh) Series","ESXi 9.0","-","-","ESXi 9.0
 ESXi 9.1
 KB428874"
"Lenovo","ThinkAgile VX 2U4N Node","Intel Xeon Silver 4200
 Bronze 3200 (Cascade-Lake-SP/Refresh) Series","ESXi 9.0","-","-","ESXi 9.0
 ESXi 9.1
 KB428874"
"Lenovo","ThinkSystem SR635 V3","AMD EPYC 9004 Series","ESXi 9.0","-","-",""
"Lenovo","ThinkSystem SR655 V3","AMD EPYC 9004 Series","ESXi 9.0","NVIDIA","L40S
H100",""
"Lenovo","ThinkAgile VX3320 Appliance","Intel Xeon Gold 6200/5200 (Cascade-Lake-SP/Refresh) Series","ESXi 9.0","-","-","ESXi 9.0
 ESXi 9.1
 KB428874"
"Lenovo","ThinkAgile VX5520 Appliance","Intel Xeon Gold 6200/5200 (Cascade-Lake-SP/Refresh) Series","ESXi 9.0","-","-","ESXi 9.0
 ESXi 9.1
 KB428874"
"Lenovo","ThinkAgile VX5520 Appliance","Intel Xeon Silver 4200
 Bronze 3200 (Cascade-Lake-SP/Refresh) Series","ESXi 9.0","-","-","ESXi 9.0
 ESXi 9.1
 KB428874"
"Lenovo","ThinkAgile VX7520 Appliance","Intel Xeon Gold 6200/5200 (Cascade-Lake-SP/Refresh) Series","ESXi 9.0","-","-","ESXi 9.0
 ESXi 9.1
 KB428874"
"Lenovo","ThinkSystem SR250 V2","Intel Xeon E-2300 Series","ESXi 9.0","-","-",""
"Lenovo","ThinkSystem SR590","Intel Xeon Platinum 8200 (Cascade-Lake-SP) Series","ESXi 9.0","-","-","ESXi 9.0
 ESXi 9.1
 KB428874"
"Lenovo","ThinkAgile VX7520 Appliance","Intel Xeon Silver 4200
 Bronze 3200 (Cascade-Lake-SP/Refresh) Series","ESXi 9.0","-","-","ESXi 9.0
 ESXi 9.1
 KB428874"
"Lenovo","ThinkAgile VX3520-G Appliance","Intel Xeon Gold 6200/5200 (Cascade-Lake-SP/Refresh) Series","ESXi 9.0","-","-","ESXi 9.0
 ESXi 9.1
 KB428874"
"Lenovo","ThinkAgile VX3520-G Appliance","Intel Xeon Silver 4200
 Bronze 3200 (Cascade-Lake-SP/Refresh) Series","ESXi 9.0","-","-","ESXi 9.0
 ESXi 9.1
 KB428874"
"Lenovo","ThinkAgile VX7820","Intel Xeon Gold 6200/5200 (Cascade-Lake-SP/Refresh) Series","ESXi 9.0","-","-","ESXi 9.0
 ESXi 9.1
 KB428874"
"Lenovo","ThinkAgile VX7820","Intel Xeon Silver 4200
 Bronze 3200 (Cascade-Lake-SP/Refresh) Series","ESXi 9.0","-","-","ESXi 9.0
 ESXi 9.1
 KB428874"
"Lenovo","ThinkSystem SR635","AMD EPYC 7003/7003X Series","ESXi 9.0","-","-","ESXi 9.0
 ESXi 9.1
 KB428874"
"Lenovo","ThinkAgile VX 2U Node","Intel Xeon Gold 6200/5200 (Cascade-Lake-SP/Refresh) Series","ESXi 9.0","-","-","ESXi 9.0
 ESXi 9.1
 KB428874"
"Lenovo","ThinkSystem SR655","AMD EPYC 7003/7003X Series","ESXi 9.0","-","-","ESXi 9.0
 ESXi 9.1
 KB428874"
"Lenovo","ThinkSystem SN550 V2","Intel Xeon Platinum 8300 (Ice-Lake-SP) Series","ESXi 9.0","-","-",""
"Lenovo","VX 2U Node for SAP HANA","Intel Xeon Gold 6200/5200 (Cascade-Lake-SP/Refresh) Series","ESXi 9.0","-","-","ESXi 9.0
 ESXi 9.1
 KB428874"
"Lenovo","Lenovo WenTian WR5220 G3","Intel Xeon Platinum 8400 (Sapphire-Rapids-SP) Series","ESXi 9.0","-","-",""
"Lenovo","ThinkSystem SR550","Intel Xeon Platinum 8200 (Cascade-Lake-SP) Series","ESXi 9.0","-","-","ESXi 9.0
 ESXi 9.1
 KB428874"
"Lenovo","ThinkAgile VX630 V3 IS","Intel Xeon Platinum 8400 (Sapphire-Rapids-SP) Series","ESXi 9.0","-","-",""
"Lenovo","ThinkAgile VX630 V3 CN","Intel Xeon Platinum 8400 (Sapphire-Rapids-SP) Series","ESXi 9.0","-","-",""
"Lenovo","VX 2U Node for SAP HANA","Intel Xeon Silver 4200
 Bronze 3200 (Cascade-Lake-SP/Refresh) Series","ESXi 9.0","-","-","ESXi 9.0
 ESXi 9.1
 KB428874"
"Lenovo","ThinkAgile VX650 V3 IS","Intel Xeon Platinum 8400 (Sapphire-Rapids-SP) Series","ESXi 9.0","-","-",""
"Lenovo","ThinkAgile VX650 V3 SAP HANA CN","Intel Xeon Platinum 8400 (Sapphire-Rapids-SP) Series","ESXi 9.0","-","-",""
"Lenovo","ThinkAgile VX 2U Node","Intel Xeon Silver 4200
 Bronze 3200 (Cascade-Lake-SP/Refresh) Series","ESXi 9.0","-","-","ESXi 9.0
 ESXi 9.1
 KB428874"
"Lenovo","ThinkAgile VX645 V3 IS","AMD EPYC 9004 Series","ESXi 9.0","-","-",""
"Lenovo","ThinkAgile VX650 V3-DPU CN","Intel Xeon Platinum 8400 (Sapphire-Rapids-SP) Series","ESXi 9.0","-","-",""
"Lenovo","ThinkAgile VX650 V3-DPU SAP HANA CN","Intel Xeon Platinum 8400 (Sapphire-Rapids-SP) Series","ESXi 9.0","-","-",""
"Lenovo","ThinkAgile VX650 V3 CN","Intel Xeon Platinum 8400 (Sapphire-Rapids-SP) Series","ESXi 9.0","-","-",""
"Lenovo","ThinkSystem SR950","Intel Xeon Silver 4200
 Bronze 3200 (Cascade-Lake-SP/Refresh) Series","ESXi 9.0","-","-","ESXi 9.0
 ESXi 9.1
 KB428874"
"Lenovo","ThinkSystem SR650 V3","Intel Xeon Gold 6400/5400 (Sapphire-Rapids-SP) Series","ESXi 9.0","NVIDIA




","H100 80GB PCIe




",""
"Lenovo","ThinkSystem SR650 V3","Intel Xeon Silver 4400
 Bronze 3400 (Sapphire-Rapids-SP) Series","ESXi 9.0","-","-",""
"Lenovo","ThinkSystem SN550 V2","Intel Xeon Gold 6300/5300 (Ice-Lake-SP) Series ","ESXi 9.0","-","-",""
"Lenovo","ThinkSystem SN550 V2","Intel Xeon Silver 4300 (Ice-Lake-SP) Series","ESXi 9.0","-","-",""
"Lenovo","ThinkSystem SR670 V2","Intel Xeon Gold 6300/5300 (Ice-Lake-SP) Series ","ESXi 9.0","-","-",""
"Lenovo","ThinkSystem SR670 V2","Intel Xeon Silver 4300 (Ice-Lake-SP) Series","ESXi 9.0","-","-",""
"Lenovo","ThinkSystem SD630 V2","Intel Xeon Gold 6300/5300 (Ice-Lake-SP) Series ","ESXi 9.0","-","-",""
"Lenovo","ThinkSystem SD630 V2","Intel Xeon Silver 4300 (Ice-Lake-SP) Series","ESXi 9.0","-","-",""
"Lenovo","ThinkSystem SR675 V3","AMD EPYC 9004 Series","ESXi 9.0","NVIDIA






","L40S


H100 PCIe 80GB




",""
"Lenovo","ThinkSystem SR860 V3","Intel Xeon Platinum 8400 (Sapphire-Rapids-SP) Series","ESXi 9.0","-","-",""
"Lenovo","ThinkSystem SR630 V3","Intel Xeon Gold 6400/5400 (Sapphire-Rapids-SP) Series","ESXi 9.0","-","-",""
"Lenovo","ThinkSystem SR630 V3","Intel Xeon Silver 4400
 Bronze 3400 (Sapphire-Rapids-SP) Series","ESXi 9.0","-","-",""
"Lenovo","ThinkEdge SE450","Intel Xeon Gold 6300/5300 (Ice-Lake-SP) Series ","ESXi 9.0","-","-",""
"Lenovo","ThinkEdge SE450","Intel Xeon Silver 4300 (Ice-Lake-SP) Series","ESXi 9.0","-","-",""
"Lenovo","ThinkAgile VX650 V3-DPU SAP HANA CN","Intel Xeon Silver 4400
 Bronze 3400 (Sapphire-Rapids-SP) Series","ESXi 9.0","-","-",""
"Lenovo","ThinkAgile VX650 V3-DPU CN","Intel Xeon Silver 4400
 Bronze 3400 (Sapphire-Rapids-SP) Series","ESXi 9.0","-","-",""
"Lenovo","ThinkAgile VX645 V3 CN","AMD EPYC 9004 Series","ESXi 9.0","-","-",""
"Lenovo","ThinkAgile VX665 V3 CN","AMD EPYC 9004 Series","ESXi 9.0","-","-",""
"Lenovo","ThinkAgile VX665 V3 IS","AMD EPYC 9004 Series","ESXi 9.0","-","-",""
"Lenovo","ThinkAgile VX650 V3-DPU SAP HANA CN","Intel Xeon Gold 6400/5400 (Sapphire-Rapids-SP) Series","ESXi 9.0","-","-",""
"Lenovo","ThinkServer SR860P","Intel Xeon Gold 6200/5200 (Cascade-Lake-SP/Refresh) Series","ESXi 9.0","-","-","ESXi 9.0
 ESXi 9.1
 KB428874"
"Lenovo","ThinkAgile VX650 V3-DPU CN","Intel Xeon Gold 6400/5400 (Sapphire-Rapids-SP) Series","ESXi 9.0","-","-",""
"Lenovo","ThinkServer SR860P","Intel Xeon Silver 4200
 Bronze 3200 (Cascade-Lake-SP/Refresh) Series","ESXi 9.0","-","-","ESXi 9.0
 ESXi 9.1
 KB428874"
"Lenovo","ThinkSystem SN550","Intel Xeon Platinum 8200 (Cascade-Lake-SP) Series","ESXi 9.0","-","-","ESXi 9.0
 ESXi 9.1
 KB428874"
"Lenovo","ThinkAgile VX630 V3 CN","Intel Xeon Gold 6400/5400 (Sapphire-Rapids-SP) Series","ESXi 9.0","-","-",""
"Lenovo","ThinkAgile VX630 V3 IS","Intel Xeon Gold 6400/5400 (Sapphire-Rapids-SP) Series","ESXi 9.0","-","-",""
"Lenovo","ThinkSystem SR650 V2","Intel Xeon Platinum 8300 (Ice-Lake-SP) Series","ESXi 9.0","-","-",""
"Lenovo","ThinkSystem SR630 V2","Intel Xeon Platinum 8300 (Ice-Lake-SP) Series","ESXi 9.0","-","-",""
"Lenovo","ThinkAgile VX3720 Appliance","Intel Xeon Gold 6200/5200 (Cascade-Lake-SP/Refresh) Series","ESXi 9.0","-","-","ESXi 9.0
 ESXi 9.1
 KB428874"
"Lenovo","ThinkAgile VX650 V3 SAP HANA CN","Intel Xeon Gold 6400/5400 (Sapphire-Rapids-SP) Series","ESXi 9.0","-","-",""
"Lenovo","ThinkSystem SR665","AMD EPYC 7003/7003X Series","ESXi 9.0","-","-",""
"Lenovo","ThinkAgile VX650 V3 SAP HANA CN","Intel Xeon Silver 4400
 Bronze 3400 (Sapphire-Rapids-SP) Series","ESXi 9.0","-","-",""
"Lenovo","Lenovo WenTian WR5220 G3","Intel Xeon Gold 6400/5400 (Sapphire-Rapids-SP) Series","ESXi 9.0","-","-",""
"Lenovo","Lenovo WenTian WR5220 G3","Intel Xeon Silver 4400
 Bronze 3400 (Sapphire-Rapids-SP) Series","ESXi 9.0","-","-",""
"Lenovo","ThinkServer SR590 V2","Intel Xeon Platinum 8300 (Ice-Lake-SP) Series","ESXi 9.0","-","-",""
"Lenovo","ThinkAgile VX3575-G IS","AMD EPYC 7003/7003X Series","ESXi 9.0","-","-",""
"Lenovo","ThinkAgile VX7575 IS","AMD EPYC 7003/7003X Series","ESXi 9.0","-","-",""
"Lenovo","ThinkAgile VX7576 Certified Node","AMD EPYC 7003/7003X Series","ESXi 9.0","-","-",""
"Lenovo","ThinkSystem SD630 V2","Intel Xeon Platinum 8300 (Ice-Lake-SP) Series","ESXi 9.0","-","-",""
"Lenovo","ThinkAgile FX650 V4","Intel Xeon 6500P/6700P (Granite Rapids-SP) Series","ESXi 9.0","-","-",""
"Lenovo","Lenovo WenTian WR5215 G5","AMD EPYC 9005 Series","ESXi 9.0","-","-",""
"Lenovo","ThinkSystem SR670 V2","Intel Xeon Platinum 8300 (Ice-Lake-SP) Series","ESXi 9.0","NVIDIA




","H100 80GB PCIe
L40S




",""
"Lenovo","ThinkServer SE550 V2","Intel Xeon Gold 6300/5300 (Ice-Lake-SP) Series ","ESXi 9.0","-","-",""
"Lenovo","ThinkServer SE550 V2","Intel Xeon Silver 4300 (Ice-Lake-SP) Series","ESXi 9.0","-","-",""
"Lenovo","Lenovo WenTian WR3220 G5","Intel Xeon 6500P/6700P (Granite Rapids-SP) Series","ESXi 9.0","-","-",""
"Lenovo","ThinkAgile VX 1U Node","Intel Xeon Gold 6200/5200 (Cascade-Lake-SP/Refresh) Series","ESXi 9.0","-","-","ESXi 9.0
 ESXi 9.1
 KB428874"
"Lenovo","ThinkAgile VX635 V3 CN","AMD EPYC 9004 Series","ESXi 9.0","-","-",""
"Lenovo","ThinkAgile VX650 V4 SAP HANA","Intel Xeon 6500P/6700P (Granite Rapids-SP) Series","ESXi 9.0","-","-",""
"Lenovo","ThinkSystem ST650 V3","Intel Xeon Gold 6400/5400 (Sapphire-Rapids-SP) Series","ESXi 9.0","-","-",""
"Lenovo","ThinkSystem ST650 V3","Intel Xeon Silver 4400
 Bronze 3400 (Sapphire-Rapids-SP) Series","ESXi 9.0","-","-",""
"Lenovo","ThinkAgile VX650 V3 IS","Intel Xeon Silver 4400
 Bronze 3400 (Sapphire-Rapids-SP) Series","ESXi 9.0","-","-",""
"Lenovo","ThinkServer SR660 V2","Intel Xeon Platinum 8300 (Ice-Lake-SP) Series","ESXi 9.0","-","-",""
"Lenovo","ThinkSystem SN850","Intel Xeon Platinum 8200 (Cascade-Lake-SP) Series","ESXi 9.0","-","-","ESXi 9.0
 ESXi 9.1
 KB428874"
"Lenovo","ThinkAgile VX 1U Node","Intel Xeon Silver 4200
 Bronze 3200 (Cascade-Lake-SP/Refresh) Series","ESXi 9.0","-","-","ESXi 9.0
 ESXi 9.1
 KB428874"
"Lenovo","ThinkServer SR590 V2","Intel Xeon Gold 6300/5300 (Ice-Lake-SP) Series ","ESXi 9.0","-","-",""
"Lenovo","ThinkServer SR590 V2","Intel Xeon Silver 4300 (Ice-Lake-SP) Series","ESXi 9.0","-","-",""
"Lenovo","ThinkServer SR590","Intel Xeon Platinum 8200 (Cascade-Lake-SP) Series","ESXi 9.0","-","-","ESXi 9.0
 ESXi 9.1
 KB428874"
"Lenovo","ThinkAgile VX650a V4","Intel Xeon 6500P/6700P (Granite Rapids-SP) Series","ESXi 9.0","-","-",""
"Lenovo","ThinkSystem SR650 V2","Intel Xeon Gold 6300/5300 (Ice-Lake-SP) Series ","ESXi 9.0","-","-",""
"Lenovo","ThinkSystem SR650 V2","Intel Xeon Silver 4300 (Ice-Lake-SP) Series","ESXi 9.0","-","-",""
"Lenovo","ThinkSystem SR630 V2","Intel Xeon Gold 6300/5300 (Ice-Lake-SP) Series ","ESXi 9.0","-","-",""
"Lenovo","ThinkSystem SR630 V2","Intel Xeon Silver 4300 (Ice-Lake-SP) Series","ESXi 9.0","-","-",""
"Lenovo","ThinkAgile VX3530-G Appliance","Intel Xeon Platinum 8300 (Ice-Lake-SP) Series","ESXi 9.0","-","-",""
"Lenovo","ThinkAgile VX3530-G Appliance","Intel Xeon Gold 6300/5300 (Ice-Lake-SP) Series ","ESXi 9.0","-","-",""
"Lenovo","ThinkSystem SR950 V3","Intel Xeon Platinum 8400 (Sapphire-Rapids-SP) Series","ESXi 9.0","-","-",""
"Lenovo","ThinkAgile VX3530-G Appliance","Intel Xeon Silver 4300 (Ice-Lake-SP) Series","ESXi 9.0","-","-",""
"Lenovo","ThinkAgile VX5530 Appliance","Intel Xeon Platinum 8300 (Ice-Lake-SP) Series","ESXi 9.0","-","-",""
"Lenovo","ThinkAgile VX5530 Appliance","Intel Xeon Gold 6300/5300 (Ice-Lake-SP) Series ","ESXi 9.0","-","-",""
"Lenovo","ThinkAgile VX5530 Appliance","Intel Xeon Silver 4300 (Ice-Lake-SP) Series","ESXi 9.0","-","-",""
"Lenovo","ThinkAgile VX7530 Appliance","Intel Xeon Platinum 8300 (Ice-Lake-SP) Series","ESXi 9.0","-","-",""
"Lenovo","ThinkAgile VX7530 Appliance","Intel Xeon Gold 6300/5300 (Ice-Lake-SP) Series ","ESXi 9.0","-","-",""
"Lenovo","ThinkAgile VX7530 Appliance","Intel Xeon Silver 4300 (Ice-Lake-SP) Series","ESXi 9.0","-","-",""
"Lenovo","ThinkAgile VX7531 Certified Node","Intel Xeon Platinum 8300 (Ice-Lake-SP) Series","ESXi 9.0","-","-",""
"Lenovo","ThinkSystem SR860 V3","Intel Xeon Gold 6400/5400 (Sapphire-Rapids-SP) Series","ESXi 9.0","-","-",""
"Lenovo","ThinkAgile VX7531 Certified Node","Intel Xeon Gold 6300/5300 (Ice-Lake-SP) Series ","ESXi 9.0","-","-",""
"Lenovo","ThinkSystem SR950","Intel Xeon Platinum 8200 (Cascade-Lake-SP) Series","ESXi 9.0","-","-","ESXi 9.0
 ESXi 9.1
 KB428874"
"Lenovo","ThinkAgile VX7531 Certified Node","Intel Xeon Silver 4300 (Ice-Lake-SP) Series","ESXi 9.0","-","-",""
"Lenovo","ThinkAgile VX3331 Node","Intel Xeon Platinum 8300 (Ice-Lake-SP) Series","ESXi 9.0","-","-",""
"Lenovo","ThinkAgile VX3331 Node","Intel Xeon Gold 6300/5300 (Ice-Lake-SP) Series ","ESXi 9.0","-","-",""
"Lenovo","ThinkAgile VX3331 Node","Intel Xeon Silver 4300 (Ice-Lake-SP) Series","ESXi 9.0","-","-",""
"Lenovo","ThinkAgile VX2330 Appliance","Intel Xeon Platinum 8300 (Ice-Lake-SP) Series","ESXi 9.0","-","-",""
"Lenovo","ThinkAgile VX2330 Appliance","Intel Xeon Gold 6300/5300 (Ice-Lake-SP) Series ","ESXi 9.0","-","-",""
"Lenovo","ThinkSystem SR635","AMD EPYC 7002/7Fx2/7Hx2 Series","ESXi 9.0","-","-","ESXi 9.0
 ESXi 9.1
 KB428874"
"Lenovo","ThinkAgile VX2330 Appliance","Intel Xeon Silver 4300 (Ice-Lake-SP) Series","ESXi 9.0","-","-",""
"Lenovo","ThinkSystem SR850 V3","Intel Xeon Platinum 8400 (Sapphire-Rapids-SP) Series","ESXi 9.0","-","-",""
"Lenovo","ThinkAgile VX7330-N Appliance","Intel Xeon Platinum 8300 (Ice-Lake-SP) Series","ESXi 9.0","-","-",""
"Lenovo","ThinkSystem SR850 V3","Intel Xeon Gold 6400/5400 (Sapphire-Rapids-SP) Series","ESXi 9.0","-","-",""
"Lenovo","ThinkSystem SR850P","Intel Xeon Platinum 8200 (Cascade-Lake-SP) Series","ESXi 9.0","-","-","ESXi 9.0
 ESXi 9.1
 KB428874"
"Lenovo","ThinkAgile VX7330-N Appliance","Intel Xeon Gold 6300/5300 (Ice-Lake-SP) Series ","ESXi 9.0","-","-",""
"Lenovo","ThinkAgile VX7330-N Appliance","Intel Xeon Silver 4300 (Ice-Lake-SP) Series","ESXi 9.0","-","-",""
"Lenovo","ThinkAgile VX3330 Appliance","Intel Xeon Platinum 8300 (Ice-Lake-SP) Series","ESXi 9.0","-","-",""
"Lenovo","ThinkAgile VX3330 Appliance","Intel Xeon Gold 6300/5300 (Ice-Lake-SP) Series ","ESXi 9.0","-","-",""
"Lenovo","ThinkAgile VX650 V3 CN","Intel Xeon Silver 4400
 Bronze 3400 (Sapphire-Rapids-SP) Series","ESXi 9.0","-","-",""
"Lenovo","ThinkAgile VX3330 Appliance","Intel Xeon Silver 4300 (Ice-Lake-SP) Series","ESXi 9.0","-","-",""
"Lenovo","ThinkSystem SR655","AMD EPYC 7002/7Fx2/7Hx2 Series","ESXi 9.0","-","-","ESXi 9.0
 ESXi 9.1
 KB428874"
"Lenovo","ThinkSystem ST650 V2","Intel Xeon Gold 6300/5300 (Ice-Lake-SP) Series ","ESXi 9.0","-","-",""
"Lenovo","ThinkSystem ST650 V2","Intel Xeon Silver 4300 (Ice-Lake-SP) Series","ESXi 9.0","-","-",""
"Lenovo","ThinkAgile VX850 V3 CN","Intel Xeon Platinum 8400 (Sapphire-Rapids-SP) Series","ESXi 9.0","-","-",""
"Lenovo","ThinkAgile VX650 V3 IS","Intel Xeon Gold 6400/5400 (Sapphire-Rapids-SP) Series","ESXi 9.0","NVIDIA
","H100 80GB PCIe
L40S
",""
"Lenovo","ThinkAgile VX850 V3 CN","Intel Xeon Gold 6400/5400 (Sapphire-Rapids-SP) Series","ESXi 9.0","-","-",""
"Lenovo","ThinkEdge SE455 V3","AMD EPYC 8004 Series","ESXi 9.0","-","-",""
"Lenovo","ThinkServer DN8848 V2","Intel Xeon Gold 6300/5300 (Ice-Lake-SP) Series ","ESXi 9.0","-","-",""
"Lenovo","ThinkAgile VX635 V3 IS","AMD EPYC 9004 Series","ESXi 9.0","-","-",""
"Lenovo","ThinkSystem SR670","Intel Xeon Platinum 8200 (Cascade-Lake-SP) Series","ESXi 9.0","-","-","ESXi 9.0
 ESXi 9.1
 KB428874"
"Lenovo","ThinkSystem SR645","AMD EPYC 7002/7Fx2/7Hx2 Series","ESXi 9.0","-","-",""
"Lenovo","ThinkSystem ST650 V2","Intel Xeon Platinum 8300 (Ice-Lake-SP) Series","ESXi 9.0","-","-",""
"Lenovo","ThinkSystem SR665","AMD EPYC 7002/7Fx2/7Hx2 Series","ESXi 9.0","-","-",""
"Lenovo","ThinkSystem ST250 V3","Intel Xeon E-2400/Xeon 6300 Series","ESXi 9.0","-","-",""
"Lenovo","ThinkSystem ST258 V3","Intel Xeon E-2400/Xeon 6300 Series","ESXi 9.0","-","-",""
"Lenovo","ThinkSystem SR250 V3","Intel Xeon E-2400/Xeon 6300 Series","ESXi 9.0","-","-",""
"Lenovo","ThinkSystem SR258 V3","Intel Xeon E-2400/Xeon 6300 Series","ESXi 9.0","-","-",""
"Lenovo","Lenovo WenTian WR3220 G2","Intel Xeon Platinum 8300 (Ice-Lake-SP) Series","ESXi 9.0","-","-",""
"Lenovo","ThinkAgile VX655 V3 IS","AMD EPYC 9004 Series","ESXi 9.0","-","-",""
"Lenovo","ThinkServer SR660 V2","Intel Xeon Gold 6300/5300 (Ice-Lake-SP) Series ","ESXi 9.0","-","-",""
"Lenovo","Lenovo WenTian WA5480 G3","Intel Xeon Platinum 8400 (Sapphire-Rapids-SP) Series","ESXi 9.0","-","-",""
"Lenovo","ThinkServer SR660 V2","Intel Xeon Silver 4300 (Ice-Lake-SP) Series","ESXi 9.0","-","-",""
"Lenovo","ThinkSystem SD535 V3","AMD EPYC 9004 Series","ESXi 9.0","-","-",""
"Lenovo","ThinkServer DN8848 V2","Intel Xeon Silver 4300 (Ice-Lake-SP) Series","ESXi 9.0","-","-",""
"Lenovo","ThinkAgile VX3375 IS","AMD EPYC 7003/7003X Series","ESXi 9.0","-","-",""
"Lenovo","ThinkAgile VX7375-N IS","AMD EPYC 7003/7003X Series","ESXi 9.0","-","-",""
"Lenovo","Lenovo WenTian WR3228 G2","Intel Xeon Platinum 8300 (Ice-Lake-SP) Series","ESXi 9.0","-","-",""
"Lenovo","ThinkAgile VX3376 Node","AMD EPYC 7003/7003X Series","ESXi 9.0","-","-",""
"Lenovo","ThinkAgile VX2375 IS","AMD EPYC 7003/7003X Series","ESXi 9.0","-","-",""
"Lenovo","ThinkSystem SD530 V3","Intel Xeon Gold 6500/5500 (Emerald Rapids-SP) Series","ESXi 9.0","-","-",""
"Lenovo","ThinkSystem SR650 V3","Intel Xeon Platinum 8500 (Emerald Rapids-SP) Series","ESXi 9.0","-","-",""
"Lenovo","Lenovo WenTian WR3220 G2","Intel Xeon Gold 6300/5300 (Ice-Lake-SP) Series ","ESXi 9.0","-","-",""
"Lenovo","Lenovo WenTian WR3220 G2","Intel Xeon Silver 4300 (Ice-Lake-SP) Series","ESXi 9.0","-","-",""
"Lenovo","Lenovo WenTian WR3228 G2","Intel Xeon Gold 6300/5300 (Ice-Lake-SP) Series ","ESXi 9.0","-","-",""
"Lenovo","Lenovo WenTian WR3228 G2","Intel Xeon Silver 4300 (Ice-Lake-SP) Series","ESXi 9.0","-","-",""
"Lenovo","ThinkSystem SR630 V3","Intel Xeon Platinum 8500 (Emerald Rapids-SP) Series","ESXi 9.0","-","-",""
"Lenovo","Lenovo WenTian WA5480 G3","Intel Xeon Platinum 8500 (Emerald Rapids-SP) Series","ESXi 9.0","-","-",""
"Lenovo","ThinkSystem SR590","Intel Xeon Gold 6200/5200 (Cascade-Lake-SP/Refresh) Series","ESXi 9.0","-","-","ESXi 9.0
 ESXi 9.1
 KB428874"
"Lenovo","ThinkSystem SD550 V3","Intel Xeon Platinum 8500 (Emerald Rapids-SP) Series","ESXi 9.0","-","-",""
"Lenovo","ThinkSystem ST50 V3","Intel Xeon E-2400/Xeon 6300 Series","ESXi 9.0","-","-",""
"Lenovo","ThinkSystem SR590","Intel Xeon Silver 4200
 Bronze 3200 (Cascade-Lake-SP/Refresh) Series","ESXi 9.0","-","-","ESXi 9.0
 ESXi 9.1
 KB428874"
"Lenovo","ThinkSystem SR550","Intel Xeon Gold 6200/5200 (Cascade-Lake-SP/Refresh) Series","ESXi 9.0","-","-","ESXi 9.0
 ESXi 9.1
 KB428874"
"Lenovo","Lenovo WenTian WR5220 G3","Intel Xeon Platinum 8500 (Emerald Rapids-SP) Series","ESXi 9.0","-","-",""
"Lenovo","ThinkSystem SR850","Intel Xeon Platinum 8200 (Cascade-Lake-SP) Series","ESXi 9.0","-","-","ESXi 9.0
 ESXi 9.1
 KB428874"
"Lenovo","ThinkSystem ST58 V3","Intel Xeon E-2400/Xeon 6300 Series","ESXi 9.0","-","-",""
"Lenovo","ThinkSystem SR550","Intel Xeon Silver 4200
 Bronze 3200 (Cascade-Lake-SP/Refresh) Series","ESXi 9.0","-","-","ESXi 9.0
 ESXi 9.1
 KB428874"
"Lenovo","ThinkSystem SD530","Intel Xeon Platinum 8200 (Cascade-Lake-SP) Series","ESXi 9.0","-","-","ESXi 9.0
 ESXi 9.1
 KB428874"
"Lenovo","ThinkSystem ST658 V3","Intel Xeon Platinum 8400 (Sapphire-Rapids-SP) Series","ESXi 9.0","-","-",""
"Lenovo","ThinkSystem SR570","Intel Xeon Platinum 8200 (Cascade-Lake-SP) Series","ESXi 9.0","-","-","ESXi 9.0
 ESXi 9.1
 KB428874"
"Lenovo","ThinkSystem ST650 V3","Intel Xeon Gold 6500/5500 (Emerald Rapids-SP) Series","ESXi 9.0","-","-",""
"Lenovo","ThinkSystem SR650","Intel Xeon Platinum 8200 (Cascade-Lake-SP) Series","ESXi 9.0","-","-","ESXi 9.0
 ESXi 9.1
 KB428874"
"Lenovo","ThinkAgile VX5575 IS","AMD EPYC 7003/7003X Series","ESXi 9.0","-","-",""
"Lenovo","ThinkSystem ST550","Intel Xeon Gold 6200/5200 (Cascade-Lake-SP/Refresh) Series","ESXi 9.0","-","-","ESXi 9.0
 ESXi 9.1
 KB428874"
"Lenovo","ThinkSystem ST550","Intel Xeon Silver 4200
 Bronze 3200 (Cascade-Lake-SP/Refresh) Series","ESXi 9.0","-","-","ESXi 9.0
 ESXi 9.1
 KB428874"
"Lenovo","ThinkAgile VX650 V3 IS","Intel Xeon Platinum 8500 (Emerald Rapids-SP) Series","ESXi 9.0","-","-",""
"Lenovo","ThinkAgile VX650 V3 CN","Intel Xeon Platinum 8500 (Emerald Rapids-SP) Series","ESXi 9.0","-","-",""
"Lenovo","ThinkAgile VX650 V3-DPU SAP HANA CN","Intel Xeon Platinum 8500 (Emerald Rapids-SP) Series","ESXi 9.0","-","-",""
"Lenovo","ThinkSystem ST650 V3","Intel Xeon Platinum 8400 (Sapphire-Rapids-SP) Series","ESXi 9.0","-","-",""
"Lenovo","ThinkAgile VX650 V3 SAP HANA CN","Intel Xeon Platinum 8500 (Emerald Rapids-SP) Series","ESXi 9.0","-","-",""
"Lenovo","ThinkAgile VX650 V3-DPU CN","Intel Xeon Platinum 8500 (Emerald Rapids-SP) Series","ESXi 9.0","-","-",""
"Lenovo","ThinkAgile VX630 V3 CN","Intel Xeon Platinum 8500 (Emerald Rapids-SP) Series","ESXi 9.0","-","-",""
"Lenovo","ThinkAgile VX630 V3 IS","Intel Xeon Platinum 8500 (Emerald Rapids-SP) Series","ESXi 9.0","-","-",""
"Lenovo","ThinkAgile VX650 V3 CN","Intel Xeon Gold 6400/5400 (Sapphire-Rapids-SP) Series","ESXi 9.0","NVIDIA","H100 80GB PCIe",""
"Lenovo","ThinkSystem SR650 V3","Intel Xeon Gold 6500/5500 (Emerald Rapids-SP) Series","ESXi 9.0","-","-",""
"Lenovo","ThinkSystem SR650 V3","Intel Xeon Silver 4500
 Bronze 3500 (Emerald Rapids-SP) Series","ESXi 9.0","-","-",""
"Lenovo","ThinkSystem ST658 V3","Intel Xeon Gold 6400/5400 (Sapphire-Rapids-SP) Series","ESXi 9.0","-","-",""
"Lenovo","ThinkSystem ST658 V3","Intel Xeon Silver 4400
 Bronze 3400 (Sapphire-Rapids-SP) Series","ESXi 9.0","-","-",""
"Lenovo","ThinkSystem SR630 V3","Intel Xeon Gold 6500/5500 (Emerald Rapids-SP) Series","ESXi 9.0","-","-",""
"Lenovo","ThinkSystem SR630 V3","Intel Xeon Silver 4500
 Bronze 3500 (Emerald Rapids-SP) Series","ESXi 9.0","-","-",""
"Maginfra","QR8228-T2-ARX0","Intel Xeon Gold 6500/5500 (Emerald Rapids-SP) Series","ESXi 9.0","-","-",""
"Maginfra","QR8228-D3-ARX0","AMD EPYC 9005 Series","ESXi 9.0","-","-",""
"Maginfra","QR8228-T2-ARX0","Intel Xeon Platinum 8500 (Emerald Rapids-SP) Series","ESXi 9.0","-","-",""
"Maginfra","QR8228-T2-ARX0","Intel Xeon Silver 4500
 Bronze 3500 (Emerald Rapids-SP) Series","ESXi 9.0","-","-",""
"Maginfra","QR8218-T2-ARX0","Intel Xeon Platinum 8500 (Emerald Rapids-SP) Series","ESXi 9.0","-","-",""
"Maginfra","QR8118-T3-ARX0","Intel Xeon 6500P/6700P (Granite Rapids-SP) Series","ESXi 9.0","-","-",""
"Maginfra","QR8228-T2-ARX0","Intel Xeon Platinum 8400 (Sapphire-Rapids-SP) Series","ESXi 9.0","-","-",""
"Maginfra","QR8228-T2-ARX0","Intel Xeon Silver 4400
 Bronze 3400 (Sapphire-Rapids-SP) Series","ESXi 9.0","-","-",""
"Maginfra","QR8228-D2-ARX0","AMD EPYC 9004 Series","ESXi 9.0","-","-",""
"Maginfra","QR8228-T2-ARX0","Intel Xeon Gold 6400/5400 (Sapphire-Rapids-SP) Series","ESXi 9.0","-","-",""
"Maginfra","QR8228-T3-ARX0","Intel Xeon 6500P/6700P (Granite Rapids-SP) Series","ESXi 9.0","-","-",""
"Maguay"," Maguay eXpertServer 232-S-2U","Intel Xeon Silver 4300 (Ice-Lake-SP) Series","ESXi 9.0","-","-",""
"Micro-Star International Co.
Ltd.","CD270-S4051-X2","AMD EPYC 9005 Series","ESXi 9.0","-","-",""
"Micro-Star International Co.
Ltd.","CD270-S4051-X4","AMD EPYC 9005 Series","ESXi 9.0","-","-",""
"Micro-Star International Co.
Ltd.","G4101","AMD EPYC 9004 Series","ESXi 9.0","-","-",""
"Micro-Star International Co.
Ltd.","CG480-S5063","Intel Xeon 6500P/6700P (Granite Rapids-SP) Series","ESXi 9.0","-","-",""
"Micro-Star International Co.
Ltd.","CX270-S5062","Intel Xeon 6500P/6700P (Granite Rapids-SP) Series","ESXi 9.0","-","-",""
"Micro-Star International Co.
Ltd.","G4201","Intel Xeon Platinum 8400 (Sapphire-Rapids-SP) Series","ESXi 9.0","-","-",""
"Micro-Star International Co.
Ltd.","CD270-S3061-X2","Intel Xeon 6500P/6700P (Granite Rapids-SP) Series","ESXi 9.0","-","-",""
"Micro-Star International Co.
Ltd.","S2206","AMD EPYC 9005 Series","ESXi 9.0","-","-",""
"Micro-Star International Co.
Ltd.","S1206","AMD EPYC 9005 Series","ESXi 9.0","-","-",""
"Micro-Star International Co.
Ltd.","CX271-S3066","Intel Xeon 6500P/6700P (Granite Rapids-SP) Series","ESXi 9.0","-","-",""
"Micro-Star International Co.
Ltd.","CX170-S5062","Intel Xeon 6500P/6700P (Granite Rapids-SP) Series","ESXi 9.0","-","-",""
"Micro-Star International Co.
Ltd.","CX271-S4056","AMD EPYC 9005 Series","ESXi 9.0","-","-",""
"Micro-Star International Co.
Ltd.","G4101","AMD EPYC 9005 Series","ESXi 9.0","-","-",""
"Micro-Star International Co.
Ltd.","CD270-S3061-X4","Intel Xeon 6500P/6700P (Granite Rapids-SP) Series","ESXi 9.0","-","-",""
"Micro-Star International Co.
Ltd.","CG290-S3063","Intel Xeon 6500P/6700P (Granite Rapids-SP) Series","ESXi 9.0","-","-",""
"Micro-Star International Co.
Ltd.","CS280-S3065","Intel Xeon 6500P/6700P (Granite Rapids-SP) Series","ESXi 9.0","-","-",""
"Micro-Star International Co.
Ltd.","CX171-S4056","AMD EPYC 9005 Series","ESXi 9.0","-","-",""
"Micro-Star International Co.
Ltd.","CG480-S6053","AMD EPYC 9005 Series","ESXi 9.0","-","-",""
"Micro-Star International Co.
Ltd.","CX171-S3066","Intel Xeon 6500P/6700P (Granite Rapids-SP) Series","ESXi 9.0","-","-",""
"Micro-Star International Co.
Ltd.","CD281-S4051-X2","AMD EPYC 9005 Series","ESXi 9.0","-","-",""
"Microsoft","C2080","Intel Xeon Platinum 8300 (Ice-Lake-SP) Series","ESXi 9.0","-","-",""
"MiTAC Computing Technology Corporation","R2513G6","Intel Xeon 6500P/6700P (Granite Rapids-SP) Series","ESXi 9.0","-","-",""
"MiTAC Computing Technology Corporation","GC68CB8056","AMD EPYC 9004 Series","ESXi 9.0","-","-",""
"MiTAC Computing Technology Corporation","GC68CB8056","AMD EPYC 9005 Series","ESXi 9.0","-","-",""
"MiTAC Computing Technology Corporation","GC68AB8056","AMD EPYC 9004 Series","ESXi 9.0","-","-",""
"MiTAC Computing Technology Corporation","TS70AB8056","AMD EPYC 9004 Series","ESXi 9.0","-","-",""
"MiTAC Computing Technology Corporation","TD76B8058","AMD EPYC 9004 Series","ESXi 9.0","-","-",""
"MiTAC Computing Technology Corporation","R2520G6","Intel Xeon 6500P/6700P (Granite Rapids-SP) Series","ESXi 9.0","-","-",""
"MiTAC Computing Technology Corporation","CP3S11","AMD EPYC 9005 Series","ESXi 9.0","-","-",""
"MiTAC Computing Technology Corporation","TS70AB8056","AMD EPYC 9005 Series","ESXi 9.0","-","-",""
"MiTAC Computing Technology Corporation","TS70B8056","AMD EPYC 9005 Series","ESXi 9.0","-","-",""
"MiTAC Computing Technology Corporation","GC68AB8056","AMD EPYC 9005 Series","ESXi 9.0","-","-",""
"MiTAC Computing Technology Corporation","M50FCP2SBSTD","Intel Xeon Silver 4500
 Bronze 3500 (Emerald Rapids-SP) Series","ESXi 9.0","-","-",""
"MiTAC Computing Technology Corporation","M2810Z5","AMD EPYC 9005 Series","ESXi 9.0","-","-",""
"MiTAC Computing Technology Corporation","R1520G6","Intel Xeon 6500P/6700P (Granite Rapids-SP) Series","ESXi 9.0","-","-",""
"MiTAC Computing Technology Corporation","M2510G6","Intel Xeon 6500P/6700P (Granite Rapids-SP) Series","ESXi 9.0","-","-",""
"MiTAC Computing Technology Corporation","S7126","Intel Xeon Platinum 8300 (Ice-Lake-SP) Series","ESXi 9.0","-","-",""
"MiTAC Computing Technology Corporation","M50FCP2SBSTD","Intel Xeon Platinum 8500 (Emerald Rapids-SP) Series","ESXi 9.0","-","-",""
"MiTAC Computing Technology Corporation","M50FCP2SBSTD","Intel Xeon Gold 6500/5500 (Emerald Rapids-SP) Series","ESXi 9.0","-","-",""
"NEC Corporation","Express5800/R120j-2M","Intel Xeon Platinum 8500 (Emerald Rapids-SP) Series","ESXi 9.0","-","-",""
"NEC Corporation","Express5800/R120j-2M","Intel Xeon Gold 6500/5500 (Emerald Rapids-SP) Series","ESXi 9.0","-","-",""
"NEC Corporation","Express5800/R120j-2M","Intel Xeon Silver 4500
 Bronze 3500 (Emerald Rapids-SP) Series","ESXi 9.0","-","-",""
"NEC Corporation","Express5800/R120j-1M","Intel Xeon Platinum 8500 (Emerald Rapids-SP) Series","ESXi 9.0","-","-",""
"NEC Corporation","Express5800/R120j-1M","Intel Xeon Gold 6500/5500 (Emerald Rapids-SP) Series","ESXi 9.0","-","-",""
"NEC Corporation","Express5800/R120j-1M","Intel Xeon Silver 4500
 Bronze 3500 (Emerald Rapids-SP) Series","ESXi 9.0","-","-",""
"NEC Corporation","Express5800/R110k-1M","Intel Xeon Gold 6500/5500 (Emerald Rapids-SP) Series","ESXi 9.0","-","-",""
"NEC Corporation","Express5800/R110k-1M","Intel Xeon Silver 4500
 Bronze 3500 (Emerald Rapids-SP) Series","ESXi 9.0","-","-",""
"NEC Corporation","Express5800/T110k-M","Intel Xeon Gold 6500/5500 (Emerald Rapids-SP) Series","ESXi 9.0","-","-",""
"NEC Corporation","Express5800/T110k-M","Intel Xeon Silver 4500
 Bronze 3500 (Emerald Rapids-SP) Series","ESXi 9.0","-","-",""
"NEC Corporation","Express5800/R110k-1","Intel Xeon E-2300 Series","ESXi 9.0","-","-",""
"NEC Corporation","NX7700x/A7010E-2c","Intel Xeon Platinum 8500 (Emerald Rapids-SP) Series","ESXi 9.0","-","-",""
"NEC Corporation","NX7700x/A7010E-2c","Intel Xeon Gold 6500/5500 (Emerald Rapids-SP) Series","ESXi 9.0","-","-",""
"NEC Corporation","NX7700x/A7010E-2c","Intel Xeon Silver 4500
 Bronze 3500 (Emerald Rapids-SP) Series","ESXi 9.0","-","-",""
"NEC Corporation","NX7700x/A7012M-2","Intel Xeon Platinum 8500 (Emerald Rapids-SP) Series","ESXi 9.0","-","-",""
"NEC Corporation","NX7700x/A7012M-2","Intel Xeon Gold 6500/5500 (Emerald Rapids-SP) Series","ESXi 9.0","-","-",""
"NEC Corporation","NX7700x/A7012M-2","Intel Xeon Silver 4500
 Bronze 3500 (Emerald Rapids-SP) Series","ESXi 9.0","-","-",""
"NEC Corporation","NX7700x/A7010E-2","Intel Xeon Platinum 8500 (Emerald Rapids-SP) Series","ESXi 9.0","-","-",""
"NEC Corporation","NX7700x/A7010E-2","Intel Xeon Gold 6500/5500 (Emerald Rapids-SP) Series","ESXi 9.0","-","-",""
"NEC Corporation","NX7700x/A7010E-2","Intel Xeon Silver 4500
 Bronze 3500 (Emerald Rapids-SP) Series","ESXi 9.0","-","-",""
"NEC Corporation","Express5800/R120k-2M","Intel Xeon 6500P/6700P (Granite Rapids-SP) Series","ESXi 9.0","-","-",""
"NEC Corporation","Express5800/R120k-1M","Intel Xeon 6500P/6700P (Granite Rapids-SP) Series","ESXi 9.0","-","-",""
"NEC Corporation","Express5800/R110k-1M","Intel Xeon Gold 6400/5400 (Sapphire-Rapids-SP) Series","ESXi 9.0","-","-",""
"NEC Corporation","NX7700x/A8010E-2","Intel Xeon 6500P/6700P (Granite Rapids-SP) Series","ESXi 9.0","-","-",""
"NEC Corporation","Express5800/R120h-2M","Intel Xeon Platinum 8200 (Cascade-Lake-SP) Series","ESXi 9.0","-","-",""
"NEC Corporation","Express5800/R120h-1M","Intel Xeon Platinum 8200 (Cascade-Lake-SP) Series","ESXi 9.0","-","-",""
"NEC Corporation","Express5800/R120h-1M","Intel Xeon Gold 6200/5200 (Cascade-Lake-SP/Refresh) Series","ESXi 9.0","-","-",""
"NEC Corporation","Express5800/R120h-1M","Intel Xeon Silver 4200
 Bronze 3200 (Cascade-Lake-SP/Refresh) Series","ESXi 9.0","-","-",""
"NEC Corporation","Express5800/R120h-2M","Intel Xeon Gold 6200/5200 (Cascade-Lake-SP/Refresh) Series","ESXi 9.0","-","-",""
"NEC Corporation","Express5800/R120h-2M","Intel Xeon Silver 4200
 Bronze 3200 (Cascade-Lake-SP/Refresh) Series","ESXi 9.0","-","-",""
"NEC Corporation","Express5800 R140h-4","Intel Xeon Platinum 8200 (Cascade-Lake-SP) Series","ESXi 9.0","-","-",""
"NEC Corporation","Express5800/R110m-1M","Intel Xeon 6500P/6700P (Granite Rapids-SP) Series","ESXi 9.0","-","-",""
"NEC Corporation","NX7700x A5010M-4 v2","Intel Xeon Platinum 8200 (Cascade-Lake-SP) Series","ESXi 9.0","-","-",""
"NEC Corporation","Express5800/R120j-1M","Intel Xeon Platinum 8400 (Sapphire-Rapids-SP) Series","ESXi 9.0","-","-",""
"NEC Corporation","Express5800/R120j-1M","Intel Xeon Silver 4400
 Bronze 3400 (Sapphire-Rapids-SP) Series","ESXi 9.0","-","-",""
"NEC Corporation","Express5800/R120j-1M","Intel Xeon Gold 6400/5400 (Sapphire-Rapids-SP) Series","ESXi 9.0","-","-",""
"NEC Corporation","NX7700x A5012M-4 v2","Intel Xeon Platinum 8200 (Cascade-Lake-SP) Series","ESXi 9.0","-","-",""
"NEC Corporation","Express5800/R120j-2M","Intel Xeon Platinum 8400 (Sapphire-Rapids-SP) Series","ESXi 9.0","-","-",""
"NEC Corporation","Express5800/R120j-2M","Intel Xeon Gold 6400/5400 (Sapphire-Rapids-SP) Series","ESXi 9.0","-","-",""
"NEC Corporation","Express5800/R120j-2M","Intel Xeon Silver 4400
 Bronze 3400 (Sapphire-Rapids-SP) Series","ESXi 9.0","-","-",""
"NEC Corporation","NX7700x/A8010E-2c","Intel Xeon 6500P/6700P (Granite Rapids-SP) Series","ESXi 9.0","-","-",""
"NEC Corporation","Express5800/R110k-1M","Intel Xeon Silver 4400
 Bronze 3400 (Sapphire-Rapids-SP) Series","ESXi 9.0","-","-",""
"NEC Corporation","NX7700x/A8012M-2","Intel Xeon 6500P/6700P (Granite Rapids-SP) Series","ESXi 9.0","-","-",""
"NEC Corporation","NX7700x A5012L-4 v2","Intel Xeon Platinum 8200 (Cascade-Lake-SP) Series","ESXi 9.0","-","-",""
"NEC Corporation","NX7700x A5012L-2 v2","Intel Xeon Platinum 8200 (Cascade-Lake-SP) Series","ESXi 9.0","-","-",""
"NEC Corporation","NX7700x A5012L-2D v2","Intel Xeon Platinum 8200 (Cascade-Lake-SP) Series","ESXi 9.0","-","-",""
"NEC Corporation","Express5800/R120h-2E","Intel Xeon Gold 6200/5200 (Cascade-Lake-SP/Refresh) Series","ESXi 9.0","-","-",""
"NEC Corporation","Express5800/R120h-2E","Intel Xeon Silver 4200
 Bronze 3200 (Cascade-Lake-SP/Refresh) Series","ESXi 9.0","-","-",""
"NEC Corporation","NX7700x A5012L-1D v2","Intel Xeon Platinum 8200 (Cascade-Lake-SP) Series","ESXi 9.0","-","-",""
"NEC Corporation","Express5800/R120h-1E","Intel Xeon Gold 6200/5200 (Cascade-Lake-SP/Refresh) Series","ESXi 9.0","-","-",""
"NEC Corporation","Express5800/R120h-1E","Intel Xeon Silver 4200
 Bronze 3200 (Cascade-Lake-SP/Refresh) Series","ESXi 9.0","-","-",""
"NEC Corporation","Express5800/R120h-2E","Intel Xeon Platinum 8200 (Cascade-Lake-SP) Series","ESXi 9.0","-","-",""
"NEC Corporation","Express5800/R120h-1E","Intel Xeon Platinum 8200 (Cascade-Lake-SP) Series","ESXi 9.0","-","-",""
"NEC Corporation","Express5800/T110k-M","Intel Xeon Gold 6400/5400 (Sapphire-Rapids-SP) Series","ESXi 9.0","-","-",""
"NEC Corporation","Express5800/T110k-M","Intel Xeon Silver 4400
 Bronze 3400 (Sapphire-Rapids-SP) Series","ESXi 9.0","-","-",""
"NEC Corporation","Express5800/T120h","Intel Xeon Platinum 8200 (Cascade-Lake-SP) Series","ESXi 9.0","-","-",""
"NEC Corporation","Express5800/T120h","Intel Xeon Gold 6200/5200 (Cascade-Lake-SP/Refresh) Series","ESXi 9.0","-","-",""
"NEC Corporation","Express5800/T120h","Intel Xeon Silver 4200
 Bronze 3200 (Cascade-Lake-SP/Refresh) Series","ESXi 9.0","-","-",""
"NEC Corporation","NX7700x/A7010E-2","Intel Xeon Platinum 8400 (Sapphire-Rapids-SP) Series","ESXi 9.0","-","-",""
"NEC Corporation","NX7700x/A7010E-2","Intel Xeon Gold 6400/5400 (Sapphire-Rapids-SP) Series","ESXi 9.0","-","-",""
"NEC Corporation","NX7700x/A7010E-2","Intel Xeon Silver 4400
 Bronze 3400 (Sapphire-Rapids-SP) Series","ESXi 9.0","-","-",""
"NEC Corporation","NX7700x/A7010E-2c","Intel Xeon Platinum 8400 (Sapphire-Rapids-SP) Series","ESXi 9.0","-","-",""
"NEC Corporation","NX7700x/A7010E-2c","Intel Xeon Gold 6400/5400 (Sapphire-Rapids-SP) Series","ESXi 9.0","-","-",""
"NEC Corporation","NX7700x/A7010E-2c","Intel Xeon Silver 4400
 Bronze 3400 (Sapphire-Rapids-SP) Series","ESXi 9.0","-","-",""
"NEC Corporation","NX7700x/A7012M-2","Intel Xeon Platinum 8400 (Sapphire-Rapids-SP) Series","ESXi 9.0","-","-",""
"NEC Corporation","NX7700x/A7012M-2","Intel Xeon Gold 6400/5400 (Sapphire-Rapids-SP) Series","ESXi 9.0","-","-",""
"NEC Corporation","NX7700x/A7012M-2","Intel Xeon Silver 4400
 Bronze 3400 (Sapphire-Rapids-SP) Series","ESXi 9.0","-","-",""
"NEC Corporation","Express5800 R140h-4","Intel Xeon Gold 6200/5200 (Cascade-Lake-SP/Refresh) Series","ESXi 9.0","-","-",""
"NEC Corporation","NX7700x A5010M-4 v2","Intel Xeon Gold 6200/5200 (Cascade-Lake-SP/Refresh) Series","ESXi 9.0","-","-",""
"NEC Corporation","NX7700x A5012M-4 v2","Intel Xeon Gold 6200/5200 (Cascade-Lake-SP/Refresh) Series","ESXi 9.0","-","-",""
"NEC Corporation","NX7700x A5012L-4 v2","Intel Xeon Gold 6200/5200 (Cascade-Lake-SP/Refresh) Series","ESXi 9.0","-","-",""
"NEC Corporation","Express5800/R120i-1M","Intel Xeon Platinum 8300 (Ice-Lake-SP) Series","ESXi 9.0","-","-",""
"NEC Corporation","NX7700x A5012L-2 v2","Intel Xeon Gold 6200/5200 (Cascade-Lake-SP/Refresh) Series","ESXi 9.0","-","-",""
"NEC Corporation","Express5800/R120i-1M","Intel Xeon Gold 6300/5300 (Ice-Lake-SP) Series ","ESXi 9.0","-","-",""
"NEC Corporation","Express5800/R120i-1M","Intel Xeon Silver 4300 (Ice-Lake-SP) Series","ESXi 9.0","-","-",""
"NEC Corporation","Express5800/R120i-2M","Intel Xeon Platinum 8300 (Ice-Lake-SP) Series","ESXi 9.0","-","-",""
"NEC Corporation","NX7700x A5012L-2D v2","Intel Xeon Gold 6200/5200 (Cascade-Lake-SP/Refresh) Series","ESXi 9.0","-","-",""
"NEC Corporation","Express5800/R120i-2M","Intel Xeon Silver 4300 (Ice-Lake-SP) Series","ESXi 9.0","-","-",""
"NEC Corporation","Express5800/R120i-2M","Intel Xeon Gold 6300/5300 (Ice-Lake-SP) Series ","ESXi 9.0","-","-",""
"NEC Corporation","NX7700x/A6010E-2","Intel Xeon Platinum 8300 (Ice-Lake-SP) Series","ESXi 9.0","-","-",""
"NEC Corporation","NX7700x/A6010E-2","Intel Xeon Gold 6300/5300 (Ice-Lake-SP) Series ","ESXi 9.0","-","-",""
"NEC Corporation","NX7700x/A6010E-2","Intel Xeon Silver 4300 (Ice-Lake-SP) Series","ESXi 9.0","-","-",""
"NEC Corporation","NX7700x A5012L-1D v2","Intel Xeon Gold 6200/5200 (Cascade-Lake-SP/Refresh) Series","ESXi 9.0","-","-",""
"NEC Corporation","Express5800/R110j-1M","Intel Xeon Platinum 8200 (Cascade-Lake-SP) Series","ESXi 9.0","-","-",""
"NEC Corporation","Express5800/R110j-1M","Intel Xeon Gold 6200/5200 (Cascade-Lake-SP/Refresh) Series","ESXi 9.0","-","-",""
"NEC Corporation","Express5800/R110j-1M","Intel Xeon Silver 4200
 Bronze 3200 (Cascade-Lake-SP/Refresh) Series","ESXi 9.0","-","-",""
"NEC Corporation","NX7700x/A5010E-2","Intel Xeon Platinum 8200 (Cascade-Lake-SP) Series","ESXi 9.0","-","-",""
"NEC Corporation","NX7700x/A5010E-2","Intel Xeon Silver 4200
 Bronze 3200 (Cascade-Lake-SP/Refresh) Series","ESXi 9.0","-","-",""
"NEC Corporation","NX7700x/A5010E-2","Intel Xeon Gold 6200/5200 (Cascade-Lake-SP/Refresh) Series","ESXi 9.0","-","-",""
"NEC Corporation","Express5800 T110k-S","Intel Xeon E-2300 Series","ESXi 9.0","-","-",""
"NEC Corporation","Express5800 T110k","Intel Xeon E-2300 Series","ESXi 9.0","-","-",""
"NEC Corporation","Express5800/R125k-2M","AMD EPYC 9005 Series","ESXi 9.0","-","-",""
"NEC Corporation","Express5800 T110m","Intel Xeon E-2400/Xeon 6300 Series","ESXi 9.0","-","-",""
"NEC Corporation","Express5800 T110m-S","Intel Xeon E-2400/Xeon 6300 Series","ESXi 9.0","-","-",""
"NEC Corporation","Express5800/R110m-1","Intel Xeon E-2400/Xeon 6300 Series","ESXi 9.0","-","-",""
"NetApp","H615C","Intel Xeon Silver 4200
 Bronze 3200 (Cascade-Lake-SP/Refresh) Series","ESXi 9.0","-","-",""
"NetApp","H615C","Intel Xeon Gold 6200/5200 (Cascade-Lake-SP/Refresh) Series","ESXi 9.0","-","-",""
"NETAS TELEKOMUNIKASYON AS","NCS 6722 N4","Intel Xeon Gold 6500/5500 (Emerald Rapids-SP) Series","ESXi 9.0","-","-",""
"NETAS TELEKOMUNIKASYON AS","NCS 6722 N3","Intel Xeon Gold 6300/5300 (Ice-Lake-SP) Series ","ESXi 9.0","-","-",""
"NETAS TELEKOMUNIKASYON AS","NCS 6722 N3","Intel Xeon Silver 4300 (Ice-Lake-SP) Series","ESXi 9.0","-","-",""
"NETAS TELEKOMUNIKASYON AS","NCS 6722 N3","Intel Xeon Platinum 8300 (Ice-Lake-SP) Series","ESXi 9.0","-","-",""
"NETAS TELEKOMUNIKASYON AS","NCS 6722 N6","Intel Xeon 6500P/6700P (Granite Rapids-SP) Series","ESXi 9.0","-","-",""
"NETAS TELEKOMUNIKASYON AS","NCS 6722 N4","Intel Xeon Gold 6400/5400 (Sapphire-Rapids-SP) Series","ESXi 9.0","-","-",""
"NETAS TELEKOMUNIKASYON AS","NCS 6722 N4","Intel Xeon Platinum 8400 (Sapphire-Rapids-SP) Series","ESXi 9.0","-","-",""
"NETAS TELEKOMUNIKASYON AS","NCS 6722 N4","Intel Xeon Silver 4400
 Bronze 3400 (Sapphire-Rapids-SP) Series","ESXi 9.0","-","-",""
"Nettrix Information Industry Co.,LTD.","R620 G50","Intel Xeon Platinum 8400 (Sapphire-Rapids-SP) Series","ESXi 9.0","-","-",""
"Nettrix Information Industry Co.,LTD.","X620 G50","Intel Xeon Platinum 8400 (Sapphire-Rapids-SP) Series","ESXi 9.0","-","-",""
"Nettrix Information Industry Co.,LTD.","R620 G50","Intel Xeon Gold 6400/5400 (Sapphire-Rapids-SP) Series","ESXi 9.0","-","-",""
"Nettrix Information Industry Co.,LTD.","X620 G50","Intel Xeon Gold 6400/5400 (Sapphire-Rapids-SP) Series","ESXi 9.0","-","-",""
"Nettrix Information Industry Co.,LTD.","X620 G50","Intel Xeon Silver 4400
 Bronze 3400 (Sapphire-Rapids-SP) Series","ESXi 9.0","-","-",""
"Nettrix Information Industry Co.,LTD.","R620 G50","Intel Xeon Silver 4400
 Bronze 3400 (Sapphire-Rapids-SP) Series","ESXi 9.0","-","-",""
"Nettrix Information Industry Co.,LTD.","R840 G50","Intel Xeon Platinum 8400 (Sapphire-Rapids-SP) Series","ESXi 9.0","-","-",""
"Nettrix Information Industry Co.,LTD.","R620 G40","Intel Xeon Platinum 8300 (Ice-Lake-SP) Series","ESXi 9.0","-","-",""
"Netweb Technologies India Pvt. Ltd.","IDI100C2R-28","Intel Xeon Platinum 8300 (Ice-Lake-SP) Series","ESXi 9.0","-","-",""
"Netweb Technologies India Pvt. Ltd.","Tyrone Camarero SDA200A2N-224","AMD EPYC 9004 Series","ESXi 9.0","-","-",""
"Netweb Technologies India Pvt. Ltd.","Tyrone Camarero SDA200A3H-460","AMD EPYC 9004 Series","ESXi 9.0","-","-",""
"Netweb Technologies India Pvt. Ltd.","Tyrone Camarero SDA200A2N-212","AMD EPYC 9004 Series","ESXi 9.0","-","-",""
"Netweb Technologies India Pvt. Ltd.","Tyrone Camarero SDA200A2N-18","AMD EPYC 9004 Series","ESXi 9.0","-","-",""
"Netweb Technologies India Pvt. Ltd.","Tyrone Camarero SDI200A3H-460","Intel Xeon Platinum 8500 (Emerald Rapids-SP) Series","ESXi 9.0","-","-",""
"Netweb Technologies India Pvt. Ltd.","Tyrone Camarero SDI200A3H-460","Intel Xeon Platinum 8400 (Sapphire-Rapids-SP) Series","ESXi 9.0","-","-",""
"Netweb Technologies India Pvt. Ltd.","Tyrone Camarero SDA200A3H-460","AMD EPYC 9005 Series","ESXi 9.0","-","-",""
"Netweb Technologies India Pvt. Ltd.","Tyrone Camarero SDI200A2N-18","Intel Xeon Platinum 8400 (Sapphire-Rapids-SP) Series","ESXi 9.0","-","-",""
"Netweb Technologies India Pvt. Ltd.","Tyrone Camarero SDI200A2N-28","Intel Xeon Platinum 8400 (Sapphire-Rapids-SP) Series","ESXi 9.0","-","-",""
"Netweb Technologies India Pvt. Ltd.","Tyrone Camarero SDI200A2N-224","Intel Xeon Platinum 8400 (Sapphire-Rapids-SP) Series","ESXi 9.0","-","-",""
"Netweb Technologies India Pvt. Ltd.","Tyrone Camarero SDA200A2N-212","AMD EPYC 9005 Series","ESXi 9.0","-","-",""
"Netweb Technologies India Pvt. Ltd.","Tyrone Camarero SDI200A3N-212","Intel Xeon Platinum 8500 (Emerald Rapids-SP) Series","ESXi 9.0","-","-",""
"Netweb Technologies India Pvt. Ltd.","Tyrone Camarero SDI200A2N-18","Intel Xeon Platinum 8500 (Emerald Rapids-SP) Series","ESXi 9.0","-","-",""
"Netweb Technologies India Pvt. Ltd.","Tyrone Camarero SDA200A2N-18","AMD EPYC 9005 Series","ESXi 9.0","-","-",""
"Netweb Technologies India Pvt. Ltd.","Tyrone Camarero TDI100C3R-212","Intel Xeon Platinum 8300 (Ice-Lake-SP) Series","ESXi 9.0","-","-",""
"Netweb Technologies India Pvt. Ltd.","Tyrone Camarero SSA200C3R-48L","AMD EPYC 9004 Series","ESXi 9.0","-","-",""
"Netweb Technologies India Pvt. Ltd.","Tyrone Camarero SDI100C3W-212","Intel Xeon Platinum 8300 (Ice-Lake-SP) Series","ESXi 9.0","-","-",""
"Netweb Technologies India Pvt. Ltd.","Tyrone Camarero TDI100C3R-212","Intel Xeon Gold 6300/5300 (Ice-Lake-SP) Series ","ESXi 9.0","-","-",""
"Netweb Technologies India Pvt. Ltd.","Tyrone Camarero SSA200C2R-224","AMD EPYC 9004 Series","ESXi 9.0","-","-",""
"Netweb Technologies India Pvt. Ltd.","Tyrone Camarero SSA200C3R-28","AMD EPYC 9004 Series","ESXi 9.0","-","-",""
"Netweb Technologies India Pvt. Ltd.","Tyrone Camarero MDI300A2N-224","Intel Xeon 6500P/6700P (Granite Rapids-SP) Series","ESXi 9.0","-","-",""
"Netweb Technologies India Pvt. Ltd.","Tyrone Camarero MDA200A3R-216","AMD EPYC 9005 Series","ESXi 9.0","-","-",""
"Netweb Technologies India Pvt. Ltd.","Tyrone Camarero RDA200A3R-212 ","AMD EPYC 9005 Series","ESXi 9.0","-","-",""
"Netweb Technologies India Pvt. Ltd.","Tyrone Camarero MSA200A2N-112","AMD EPYC 9005 Series","ESXi 9.0","-","-",""
"Netweb Technologies India Pvt. Ltd.","Tyrone Camarero MDI300A3R-212","Intel Xeon 6500P/6700P (Granite Rapids-SP) Series","ESXi 9.0","-","-",""
"Netweb Technologies India Pvt. Ltd.","Tyrone Camarero RDA200A3R-28","AMD EPYC 9005 Series","ESXi 9.0","-","-",""
"Netweb Technologies India Pvt. Ltd.","Tyrone Camarero SSA200C3R-48L","AMD EPYC 9005 Series","ESXi 9.0","-","-",""
"Netweb Technologies India Pvt. Ltd.","Tyrone Camarero MDI300A2N-112","Intel Xeon 6500P/6700P (Granite Rapids-SP) Series","ESXi 9.0","-","-",""
"Netweb Technologies India Pvt. Ltd.","Tyrone Camarero ADI300A3A-48","Intel Xeon 6500P/6700P (Granite Rapids-SP) Series","ESXi 9.0","-","-",""
"Netweb Technologies India Pvt. Ltd.","Tyrone Camarero ADI300A3R-212","Intel Xeon 6500P/6700P (Granite Rapids-SP) Series","ESXi 9.0","-","-",""
"Netweb Technologies India Pvt. Ltd.","Tyrone Camarero RDA200A3A-48","AMD EPYC 9005 Series","ESXi 9.0","-","-",""
"Netweb Technologies India Pvt. Ltd.","RDI300A2G-424","Intel Xeon 6500P/6700P (Granite Rapids-SP) Series","ESXi 9.0","-","-",""
"Netweb Technologies India Pvt. Ltd.","Tyrone Camarero MDI200A3G-412","Intel Xeon Platinum 8400 (Sapphire-Rapids-SP) Series","ESXi 9.0","-","-",""
"Netweb Technologies India Pvt. Ltd.","Tyrone Camarero ADI200C3A-54","Intel Xeon Platinum 8400 (Sapphire-Rapids-SP) Series","ESXi 9.0","-","-",""
"Netweb Technologies India Pvt. Ltd.","ADI200A3R-212","Intel Xeon Platinum 8400 (Sapphire-Rapids-SP) Series","ESXi 9.0","-","-",""
"Netweb Technologies India Pvt. Ltd.","MDA200A2N-112","AMD EPYC 9005 Series","ESXi 9.0","-","-",""
"Netweb Technologies India Pvt. Ltd.","MDA200A2N-224","AMD EPYC 9005 Series","ESXi 9.0","-","-",""
"Netweb Technologies India Pvt. Ltd.","PDI200A2HG-810","Intel Xeon Platinum 8500 (Emerald Rapids-SP) Series","ESXi 9.0","-","-",""
"Netweb Technologies India Pvt. Ltd.","Tyrone Camarero MDA200A3N-212","AMD EPYC 9005 Series","ESXi 9.0","-","-",""
"Netweb Technologies India Pvt. Ltd.","Tyrone Camarero SDI200A3N-212","Intel Xeon Platinum 8400 (Sapphire-Rapids-SP) Series","ESXi 9.0","-","-",""
"New H3C Technologies Co.
Ltd.","H3C UniServer R5300 G6","Intel Xeon Platinum 8500 (Emerald Rapids-SP) Series","ESXi 9.0","-","-",""
"New H3C Technologies Co.
Ltd.","H3C UniServer R3950 G6","AMD EPYC 9004 Series","ESXi 9.0","-","-",""
"New H3C Technologies Co.
Ltd.","H3C UniServer B5700 G6	","Intel Xeon Silver 4500
 Bronze 3500 (Emerald Rapids-SP) Series","ESXi 9.0","-","-",""
"New H3C Technologies Co.
Ltd.","H3C UniServer R5300 G6","Intel Xeon Gold 6500/5500 (Emerald Rapids-SP) Series","ESXi 9.0","-","-",""
"New H3C Technologies Co.
Ltd.","H3C UniServer R5300 G6","Intel Xeon Silver 4500
 Bronze 3500 (Emerald Rapids-SP) Series","ESXi 9.0","-","-",""
"New H3C Technologies Co.
Ltd.","H3C UniServer B5700 G6	","Intel Xeon Silver 4400
 Bronze 3400 (Sapphire-Rapids-SP) Series","ESXi 9.0","-","-",""
"New H3C Technologies Co.
Ltd.","H3C UniServer B5800 G3","Intel Xeon Platinum 8200 (Cascade-Lake-SP) Series","ESXi 9.0","-","-",""
"New H3C Technologies Co.
Ltd.","H3C UniServer R4700 G3","Intel Xeon Platinum 8200 (Cascade-Lake-SP) Series","ESXi 9.0","-","-",""
"New H3C Technologies Co.
Ltd.","H3C UniServer B7800 G3","Intel Xeon Platinum 8200 (Cascade-Lake-SP) Series","ESXi 9.0","-","-",""
"New H3C Technologies Co.
Ltd."," H3C UniServer R4500 G7","Intel Xeon 6500P/6700P (Granite Rapids-SP) Series","ESXi 9.0","-","-",""
"New H3C Technologies Co.
Ltd.","H3C UIS 3000 G7","Intel Xeon 6500P/6700P (Granite Rapids-SP) Series","ESXi 9.0","-","-",""
"New H3C Technologies Co.
Ltd.","UniServer R4900 G3","Intel Xeon Platinum 8200 (Cascade-Lake-SP) Series","ESXi 9.0","-","-",""
"New H3C Technologies Co.
Ltd.","UniServer R4900 G3","Intel Xeon Gold 6200/5200 (Cascade-Lake-SP/Refresh) Series","ESXi 9.0","-","-",""
"New H3C Technologies Co.
Ltd.","UniServer R4900 G3","Intel Xeon Silver 4200
 Bronze 3200 (Cascade-Lake-SP/Refresh) Series","ESXi 9.0","-","-",""
"New H3C Technologies Co.
Ltd.","H3C UniServer E3300 G6","Intel Xeon Gold 6400/5400 (Sapphire-Rapids-SP) Series","ESXi 9.0","-","-",""
"New H3C Technologies Co.
Ltd.","H3C UniServer E3300 G6","Intel Xeon Silver 4500
 Bronze 3500 (Emerald Rapids-SP) Series","ESXi 9.0","-","-",""
"New H3C Technologies Co.
Ltd.","H3C UniServer E3300 G6","Intel Xeon Silver 4400
 Bronze 3400 (Sapphire-Rapids-SP) Series","ESXi 9.0","-","-",""
"New H3C Technologies Co.
Ltd.","H3C UniServer E3300 G6","Intel Xeon Gold 6500/5500 (Emerald Rapids-SP) Series","ESXi 9.0","-","-",""
"New H3C Technologies Co.
Ltd.","H3C UniServer E3300 G6","Intel Xeon Silver 4500
 Bronze 3500 (Sapphire-Rapids-EE LCC) Series","ESXi 9.0","-","-",""
"New H3C Technologies Co.
Ltd.","H3C UniServer R6900 G5","Intel Xeon Platinum 8300 (Cooper-Lake-SP) Series","ESXi 9.0","-","-",""
"New H3C Technologies Co.
Ltd.","H3C UniServer R3950 G7","AMD EPYC 9005 Series","ESXi 9.0","-","-",""
"New H3C Technologies Co.
Ltd.","H3C UniServer R4950 G7","AMD EPYC 9005 Series","ESXi 9.0","-","-",""
"New H3C Technologies Co.
Ltd.","H3C UniServer R4300 G3","Intel Xeon Gold 6200/5200 (Cascade-Lake-SP/Refresh) Series","ESXi 9.0","-","-",""
"New H3C Technologies Co.
Ltd.","H3C UniServer R6900 G5","Intel Xeon Gold 6300/5300 (Cooper-Lake-SP) Series","ESXi 9.0","-","-",""
"New H3C Technologies Co.
Ltd.","H3C UniServer R4950 G6","AMD EPYC 9004 Series","ESXi 9.0","-","-",""
"New H3C Technologies Co.
Ltd.","H3C UniServer R3350 G7","AMD EPYC 9004 Series","ESXi 9.0","-","-",""
"New H3C Technologies Co.
Ltd.","H3C UniServer R4900 G7","Intel Xeon 6500P/6700P (Granite Rapids-SP) Series","ESXi 9.0","-","-",""
"New H3C Technologies Co.
Ltd.","H3C UniServer R4700 G7","Intel Xeon 6500P/6700P (Granite Rapids-SP) Series","ESXi 9.0","-","-",""
"New H3C Technologies Co.
Ltd.","H3C UniServer R4950 G5","AMD EPYC 7002/7Fx2/7Hx2 Series","ESXi 9.0","-","-",""
"New H3C Technologies Co.
Ltd.","H3C UniServer R4500 G6","Intel Xeon Platinum 8400 (Sapphire-Rapids-SP) Series","ESXi 9.0","-","-",""
"New H3C Technologies Co.
Ltd.","H3C UniServer R4500 G6","Intel Xeon Silver 4400
 Bronze 3400 (Sapphire-Rapids-SP) Series","ESXi 9.0","-","-",""
"New H3C Technologies Co.
Ltd.","H3C UniServer R4500 G6","Intel Xeon Platinum 8500 (Emerald Rapids-SP) Series","ESXi 9.0","-","-",""
"New H3C Technologies Co.
Ltd.","H3C UniServer R4500 G6","Intel Xeon Gold 6500/5500 (Emerald Rapids-SP) Series","ESXi 9.0","-","-",""
"New H3C Technologies Co.
Ltd.","H3C UniServer R4500 G6","Intel Xeon Silver 4500
 Bronze 3500 (Emerald Rapids-SP) Series","ESXi 9.0","-","-",""
"New H3C Technologies Co.
Ltd.","H3C UIS 3000 G6","Intel Xeon Silver 4500
 Bronze 3500 (Sapphire-Rapids-EE LCC) Series","ESXi 9.0","-","-",""
"New H3C Technologies Co.
Ltd.","UNIS Server 3850 G6","AMD EPYC 9004 Series","ESXi 9.0","-","-",""
"New H3C Technologies Co.
Ltd.","H3C UniServer R4300 G7","Intel Xeon 6500P/6700P (Granite Rapids-SP) Series","ESXi 9.0","-","-",""
"New H3C Technologies Co.
Ltd.","H3C UniServer R3350 G7","AMD EPYC 9005 Series","ESXi 9.0","-","-",""
"New H3C Technologies Co.
Ltd.","H3C UniServer R4500 G6","Intel Xeon Gold 6400/5400 (Sapphire-Rapids-SP) Series","ESXi 9.0","-","-",""
"New H3C Technologies Co.
Ltd.","H3C UniServer R4900 G6","Intel Xeon Platinum 8400 (Sapphire-Rapids-SP) Series","ESXi 9.0","-","-",""
"New H3C Technologies Co.
Ltd.","H3C UniServer R4900 G6","Intel Xeon Gold 6400/5400 (Sapphire-Rapids-SP) Series","ESXi 9.0","-","-",""
"New H3C Technologies Co.
Ltd.","H3C UniServer R4900 G6","Intel Xeon Silver 4400
 Bronze 3400 (Sapphire-Rapids-SP) Series","ESXi 9.0","-","-",""
"New H3C Technologies Co.
Ltd.","H3C UniServer R4700 G6","Intel Xeon Platinum 8400 (Sapphire-Rapids-SP) Series","ESXi 9.0","-","-",""
"New H3C Technologies Co.
Ltd.","H3C UniServer R4700 G6","Intel Xeon Silver 4400
 Bronze 3400 (Sapphire-Rapids-SP) Series","ESXi 9.0","-","-",""
"New H3C Technologies Co.
Ltd.","H3C UniServer R4700 G6","Intel Xeon Gold 6400/5400 (Sapphire-Rapids-SP) Series","ESXi 9.0","-","-",""
"New H3C Technologies Co.
Ltd.","H3C UIS 3000 G6","Intel Xeon Silver 4500
 Bronze 3500 (Emerald Rapids-SP) Series","ESXi 9.0","-","-",""
"New H3C Technologies Co.
Ltd.","H3C UniServer R4900 G6 Ultra","Intel Xeon Silver 4400
 Bronze 3400 (Sapphire-Rapids-SP) Series","ESXi 9.0","-","-",""
"New H3C Technologies Co.
Ltd.","H3C UniServer R4900 G6 Ultra","Intel Xeon Platinum 8400 (Sapphire-Rapids-SP) Series","ESXi 9.0","-","-",""
"New H3C Technologies Co.
Ltd.","H3C UniServer R4900 G6 Ultra","Intel Xeon Gold 6400/5400 (Sapphire-Rapids-SP) Series","ESXi 9.0","-","-",""
"New H3C Technologies Co.
Ltd.","H3C UniServer R4900 G5","Intel Xeon Gold 6300/5300 (Ice-Lake-SP) Series ","ESXi 9.0","-","-",""
"New H3C Technologies Co.
Ltd.","H3C UniServer R3750 G7","AMD EPYC 9005 Series","ESXi 9.0","-","-",""
"New H3C Technologies Co.
Ltd.","H3C UIS 3000 G6","Intel Xeon Platinum 8400 (Sapphire-Rapids-SP) Series","ESXi 9.0","-","-",""
"New H3C Technologies Co.
Ltd.","H3C UIS 3000 G6","Intel Xeon Gold 6400/5400 (Sapphire-Rapids-SP) Series","ESXi 9.0","-","-",""
"New H3C Technologies Co.
Ltd.","H3C UIS 3000 G6","Intel Xeon Silver 4400
 Bronze 3400 (Sapphire-Rapids-SP) Series","ESXi 9.0","-","-",""
"New H3C Technologies Co.
Ltd.","H3C UIS 3000 G6","Intel Xeon Platinum 8500 (Emerald Rapids-SP) Series","ESXi 9.0","-","-",""
"New H3C Technologies Co.
Ltd.","H3C UIS 3000 G6","Intel Xeon Gold 6500/5500 (Emerald Rapids-SP) Series","ESXi 9.0","-","-",""
"New H3C Technologies Co.
Ltd.","H3C UIS 3050 G7","AMD EPYC 9005 Series","ESXi 9.0","-","-",""
"New H3C Technologies Co.
Ltd.","H3C UniServer R5300 G7","Intel Xeon 6500P/6700P (Granite Rapids-SP) Series","ESXi 9.0","-","-",""
"New H3C Technologies Co.
Ltd.","H3C UniServer R4900 G3","Intel Xeon Platinum 8200 (Cascade-Lake-SP) Series","ESXi 9.0","-","-",""
"New H3C Technologies Co.
Ltd.","H3C UniServer R5500 G6","Intel Xeon Platinum 8500 (Emerald Rapids-SP) Series","ESXi 9.0","-","-",""
"New H3C Technologies Co.
Ltd.","H3C UniServer R6900 G6","Intel Xeon Gold 6400/5400 (Sapphire-Rapids-SP) Series","ESXi 9.0","-","-",""
"New H3C Technologies Co.
Ltd.","H3C UniServer R4300 G6","Intel Xeon Silver 4400
 Bronze 3400 (Sapphire-Rapids-SP) Series","ESXi 9.0","-","-",""
"New H3C Technologies Co.
Ltd.","H3C UniServer R4300 G6","Intel Xeon Gold 6400/5400 (Sapphire-Rapids-SP) Series","ESXi 9.0","-","-",""
"New H3C Technologies Co.
Ltd.","H3C UniServer R6700 G6","Intel Xeon Gold 6400/5400 (Sapphire-Rapids-SP) Series","ESXi 9.0","-","-",""
"New H3C Technologies Co.
Ltd.","H3C UniServer R6700 G6","Intel Xeon Platinum 8400 (Sapphire-Rapids-SP) Series","ESXi 9.0","-","-",""
"New H3C Technologies Co.
Ltd.","H3C UniServer R6900 G6","Intel Xeon Platinum 8400 (Sapphire-Rapids-SP) Series","ESXi 9.0","-","-",""
"New H3C Technologies Co.
Ltd.","H3C UniServer R4900 G5","Intel Xeon Platinum 8300 (Ice-Lake-SP) Series","ESXi 9.0","-","-",""
"New H3C Technologies Co.
Ltd.","H3C UniServer R4300 G6","Intel Xeon Platinum 8400 (Sapphire-Rapids-SP) Series","ESXi 9.0","-","-",""
"New H3C Technologies Co.
Ltd.","H3C UniServer R4950 G5","AMD EPYC 7003/7003X Series","ESXi 9.0","-","-",""
"New H3C Technologies Co.
Ltd.","H3C UniServer R4700 G5","Intel Xeon Platinum 8300 (Ice-Lake-SP) Series","ESXi 9.0","-","-",""
"New H3C Technologies Co.
Ltd.","H3C UniServer R4700 G5","Intel Xeon Gold 6300/5300 (Ice-Lake-SP) Series ","ESXi 9.0","-","-",""
"New H3C Technologies Co.
Ltd.","H3C UniServer R4700 G3","Intel Xeon Silver 4200
 Bronze 3200 (Cascade-Lake-SP/Refresh) Series","ESXi 9.0","-","-",""
"New H3C Technologies Co.
Ltd.","H3C UniServer R4900 G3","Intel Xeon Silver 4200
 Bronze 3200 (Cascade-Lake-SP/Refresh) Series","ESXi 9.0","-","-",""
"New H3C Technologies Co.
Ltd.","H3C UniServer R4300 G3","Intel Xeon Silver 4200
 Bronze 3200 (Cascade-Lake-SP/Refresh) Series","ESXi 9.0","-","-",""
"New H3C Technologies Co.
Ltd.","H3C UniServer R4900 G3","Intel Xeon Gold 6200/5200 (Cascade-Lake-SP/Refresh) Series","ESXi 9.0","-","-",""
"New H3C Technologies Co.
Ltd.","H3C UniServer R4700 G3","Intel Xeon Gold 6200/5200 (Cascade-Lake-SP/Refresh) Series","ESXi 9.0","-","-",""
"New H3C Technologies Co.
Ltd.","H3C UniServer R5350 G6","AMD EPYC 9004 Series","ESXi 9.0","-","-",""
"New H3C Technologies Co.
Ltd.","H3C UniServer R5300 G6","Intel Xeon Platinum 8400 (Sapphire-Rapids-SP) Series","ESXi 9.0","-","-",""
"New H3C Technologies Co.
Ltd.","H3C UniServer R4700 G5","Intel Xeon Silver 4300 (Ice-Lake-SP) Series","ESXi 9.0","-","-",""
"New H3C Technologies Co.
Ltd.","H3C UniServer B5700 G5","Intel Xeon Platinum 8300 (Ice-Lake-SP) Series","ESXi 9.0","-","-",""
"New H3C Technologies Co.
Ltd.","H3C UniServer B5700 G5","Intel Xeon Gold 6300/5300 (Ice-Lake-SP) Series ","ESXi 9.0","-","-",""
"New H3C Technologies Co.
Ltd.","H3C UniServer B5700 G3","Intel Xeon Platinum 8200 (Cascade-Lake-SP) Series","ESXi 9.0","-","-",""
"New H3C Technologies Co.
Ltd.","H3C UniServer R4300 G5","Intel Xeon Platinum 8300 (Ice-Lake-SP) Series","ESXi 9.0","-","-",""
"New H3C Technologies Co.
Ltd.","H3C UniServer R4300 G5","Intel Xeon Gold 6300/5300 (Ice-Lake-SP) Series ","ESXi 9.0","-","-",""
"New H3C Technologies Co.
Ltd.","H3C UniServer R4300 G3","Intel Xeon Platinum 8200 (Cascade-Lake-SP) Series","ESXi 9.0","-","-",""
"New H3C Technologies Co.
Ltd.","H3C UniServer R5300 G6","Intel Xeon Gold 6400/5400 (Sapphire-Rapids-SP) Series","ESXi 9.0","-","-",""
"New H3C Technologies Co.
Ltd.","H3C UniServer R5300 G6","Intel Xeon Silver 4400
 Bronze 3400 (Sapphire-Rapids-SP) Series","ESXi 9.0","-","-",""
"New H3C Technologies Co.
Ltd.","H3C UniServer B5700 G6	","Intel Xeon Gold 6400/5400 (Sapphire-Rapids-SP) Series","ESXi 9.0","-","-",""
"New H3C Technologies Co.
Ltd.","H3C UniServer R4900 G6","Intel Xeon Platinum 8500 (Emerald Rapids-SP) Series","ESXi 9.0","-","-",""
"New H3C Technologies Co.
Ltd.","H3C UniServer R4900 G6","Intel Xeon Gold 6500/5500 (Emerald Rapids-SP) Series","ESXi 9.0","-","-",""
"New H3C Technologies Co.
Ltd.","H3C UniServer R4900 G6","Intel Xeon Silver 4500
 Bronze 3500 (Emerald Rapids-SP) Series","ESXi 9.0","-","-",""
"New H3C Technologies Co.
Ltd.","H3C UniServer R4900 G6 Ultra","Intel Xeon Platinum 8500 (Emerald Rapids-SP) Series","ESXi 9.0","-","-",""
"New H3C Technologies Co.
Ltd.","H3C UniServer R4900 G6 Ultra","Intel Xeon Gold 6500/5500 (Emerald Rapids-SP) Series","ESXi 9.0","-","-",""
"New H3C Technologies Co.
Ltd.","H3C UniServer R4900 G6 Ultra","Intel Xeon Silver 4500
 Bronze 3500 (Emerald Rapids-SP) Series","ESXi 9.0","-","-",""
"New H3C Technologies Co.
Ltd.","H3C UniServer R4700 G6","Intel Xeon Platinum 8500 (Emerald Rapids-SP) Series","ESXi 9.0","-","-",""
"New H3C Technologies Co.
Ltd.","H3C UniServer R4700 G6","Intel Xeon Gold 6500/5500 (Emerald Rapids-SP) Series","ESXi 9.0","-","-",""
"New H3C Technologies Co.
Ltd.","H3C UniServer R4700 G6","Intel Xeon Silver 4500
 Bronze 3500 (Emerald Rapids-SP) Series","ESXi 9.0","-","-",""
"New H3C Technologies Co.
Ltd.","H3C UniServer R4300 G6","Intel Xeon Platinum 8500 (Emerald Rapids-SP) Series","ESXi 9.0","-","-",""
"New H3C Technologies Co.
Ltd.","H3C UniServer R4300 G6","Intel Xeon Silver 4500
 Bronze 3500 (Emerald Rapids-SP) Series","ESXi 9.0","-","-",""
"New H3C Technologies Co.
Ltd.","H3C UniServer R4300 G6","Intel Xeon Gold 6500/5500 (Emerald Rapids-SP) Series","ESXi 9.0","-","-",""
"New H3C Technologies Co.
Ltd.","H3C UniServer R5300 G5","Intel Xeon Platinum 8300 (Ice-Lake-SP) Series","ESXi 9.0","-","-",""
"New H3C Technologies Co.
Ltd.","H3C UniServer R4900 G5","Intel Xeon Silver 4300 (Ice-Lake-SP) Series","ESXi 9.0","-","-",""
"New H3C Technologies Co.
Ltd.","H3C UniServer R4900 G6","Intel Xeon Silver 4500
 Bronze 3500 (Sapphire-Rapids-EE LCC) Series","ESXi 9.0","-","-",""
"New H3C Technologies Co.
Ltd.","H3C UniServer R4900 G6 Ultra","Intel Xeon Silver 4500
 Bronze 3500 (Sapphire-Rapids-EE LCC) Series","ESXi 9.0","-","-",""
"New H3C Technologies Co.
Ltd.","H3C UniServer R4300 G6","Intel Xeon Silver 4500
 Bronze 3500 (Sapphire-Rapids-EE LCC) Series","ESXi 9.0","-","-",""
"New H3C Technologies Co.
Ltd.","H3C UniServer R4300 G5","Intel Xeon Silver 4300 (Ice-Lake-SP) Series","ESXi 9.0","-","-",""
"New H3C Technologies Co.
Ltd.","H3C UniServer B5700 G5","Intel Xeon Silver 4300 (Ice-Lake-SP) Series","ESXi 9.0","-","-",""
"New H3C Technologies Co.
Ltd.","H3C UniServer R4700 G6","Intel Xeon Silver 4500
 Bronze 3500 (Sapphire-Rapids-EE LCC) Series","ESXi 9.0","-","-",""
"New H3C Technologies Co.
Ltd.","H3C UniServer R5300 G3","Intel Xeon Platinum 8200 (Cascade-Lake-SP) Series","ESXi 9.0","-","-",""
"New H3C Technologies Co.
Ltd.","H3C UniServer B5700 G6	","Intel Xeon Gold 6500/5500 (Emerald Rapids-SP) Series","ESXi 9.0","-","-",""
"Nfina Technologies
Inc.","Nfina 1404R","Intel Xeon Silver 4500
 Bronze 3500 (Sapphire-Rapids-EE LCC) Series","ESXi 9.0","-","-",""
"Nfina Technologies
Inc.","Nfina 7312R","Intel Xeon Silver 4300 (Ice-Lake-SP) Series","ESXi 9.0","-","-",""
"Nfina Technologies
Inc.","Nfina 8324R","Intel Xeon Silver 4300 (Ice-Lake-SP) Series","ESXi 9.0","-","-",""
"Nfina Technologies
Inc.","Nfina 5312R","Intel Xeon Silver 4300 (Ice-Lake-SP) Series","ESXi 9.0","-","-",""
"Nfina Technologies
Inc.","Nfina 3204R","Intel Xeon Silver 4200
 Bronze 3200 (Cascade-Lake-SP/Refresh) Series","ESXi 9.0","-","-",""
"Nfina Technologies
Inc.","Nfina 9424R","Intel Xeon Silver 4400
 Bronze 3400 (Sapphire-Rapids-SP) Series","ESXi 9.0","-","-",""
"Nfina Technologies
Inc.","Nfina 5304R","Intel Xeon Silver 4300 (Ice-Lake-SP) Series","ESXi 9.0","-","-",""
"Nfina Technologies
Inc.","Nfina 9412R","Intel Xeon Silver 4400
 Bronze 3400 (Sapphire-Rapids-SP) Series","ESXi 9.0","-","-",""
"Nfina Technologies
Inc.","Nfina 4408T","Intel Xeon Silver 4400
 Bronze 3400 (Sapphire-Rapids-SP) Series","ESXi 9.0","-","-",""
"Nihon Unisys","rE5000/DL580 Gen10","Intel Xeon Platinum 8200 (Cascade-Lake-SP) Series","ESXi 9.0","-","-",""
"Nihon Unisys","rE5000/DL580 Gen10","Intel Xeon Gold 6200/5200 (Cascade-Lake-SP/Refresh) Series","ESXi 9.0","-","-",""
"Nihon Unisys","rE5000/DL580 Gen10","Intel Xeon Silver 4200
 Bronze 3200 (Cascade-Lake-SP/Refresh) Series","ESXi 9.0","-","-",""
"Nokia Solutions and Networks (NSN)","AR-SER1UES","Intel Xeon Platinum 8400 (Sapphire-Rapids-SP) Series","ESXi 9.0","-","-",""
"Nokia Solutions and Networks (NSN)","AR-SER1UES","Intel Xeon Gold 6400/5400 (Sapphire-Rapids-SP) Series","ESXi 9.0","-","-",""
"Nokia Solutions and Networks (NSN)","AR-SER1UES","Intel Xeon Silver 4400
 Bronze 3400 (Sapphire-Rapids-SP) Series","ESXi 9.0","-","-",""
"Oracle","ORACLE SERVER E6-2c","AMD EPYC 9005 Series","ESXi 9.0","-","-",""
"Oracle","Oracle Server X9-2c","Intel Xeon Platinum 8300 (Ice-Lake-SP) Series","ESXi 9.0","-","-",""
"Oracle","Oracle Server X10-2c","Intel Xeon Platinum 8400 (Sapphire-Rapids-SP) Series","ESXi 9.0","-","-",""
"Oracle","Oracle Server X11-2c","Intel Xeon Platinum 8500 (Emerald Rapids-SP) Series","ESXi 9.0","-","-",""
"Oracle","Oracle Server E5-2c","AMD EPYC 9004 Series","ESXi 9.0","-","-",""
"Oracle","Oracle Server X9-2c","Intel Xeon Gold 6300/5300 (Ice-Lake-SP) Series ","ESXi 9.0","-","-",""
"Oracle","Oracle Server X9-2","Intel Xeon Platinum 8300 (Ice-Lake-SP) Series","ESXi 9.0","-","-",""
"Oracle","Oracle Server X9-2L","Intel Xeon Platinum 8300 (Ice-Lake-SP) Series","ESXi 9.0","-","-",""
"Oracle","Oracle Server X8-2","Intel Xeon Platinum 8200 (Cascade-Lake-SP) Series","ESXi 9.0","-","-",""
"Oracle","Oracle Server E4-2c","AMD EPYC 7003/7003X Series","ESXi 9.0","-","-",""
"Oracle","Oracle Server X8-2L","Intel Xeon Platinum 8200 (Cascade-Lake-SP) Series","ESXi 9.0","-","-",""
"Oracle","Oracle Server X8-2","Intel Xeon Gold 6200/5200 (Cascade-Lake-SP/Refresh) Series","ESXi 9.0","-","-",""
"Pacific Star Communications","PS451-XeonD-1700","Intel Xeon D-1700 (Ice-Lake-D) Series ","ESXi 9.0","-","-",""
"Pacific Star Communications","PS451-XeonE","Intel Xeon E-2200 (4 or 6-core) Series","ESXi 9.0","-","-",""
"Pegatron Corporation","GS200-2T0","Intel Xeon Silver 4400
 Bronze 3400 (Sapphire-Rapids-SP) Series","ESXi 9.0","-","-",""
"Pegatron Corporation","MS301 P_core","Intel Xeon 6500P/6700P (Granite Rapids-SP) Series","ESXi 9.0","-","-",""
"Pegatron Corporation","MS304","AMD EPYC 9005 Series","ESXi 9.0","-","-",""
"Quanta Computer Inc.","QuantaGrid D54X-1U","Intel Xeon Platinum 8500 (Emerald Rapids-SP) Series","ESXi 9.0","-","-",""
"Quanta Computer Inc.","QuantaGrid D54X-1U","Intel Xeon Silver 4500
 Bronze 3500 (Emerald Rapids-SP) Series","ESXi 9.0","-","-",""
"Quanta Computer Inc.","QuantaGrid D54X-1U","Intel Xeon Gold 6500/5500 (Emerald Rapids-SP) Series","ESXi 9.0","-","-",""
"Quanta Computer Inc.","QuantaGrid D54Q-2U","Intel Xeon Platinum 8500 (Emerald Rapids-SP) Series","ESXi 9.0","-","-",""
"Quanta Computer Inc.","QuantaGrid D54Q-2U","Intel Xeon Gold 6500/5500 (Emerald Rapids-SP) Series","ESXi 9.0","-","-",""
"Quanta Computer Inc.","QuantaGrid D54Q-2U","Intel Xeon Silver 4500
 Bronze 3500 (Emerald Rapids-SP) Series","ESXi 9.0","-","-",""
"Quanta Computer Inc.","QuantaGrid D44N-1U","AMD EPYC 9004 Series","ESXi 9.0","-","-",""
"Quanta Computer Inc.","QuantaPlex T43Z-2U","Intel Xeon Gold 6300/5300 (Ice-Lake-SP) Series ","ESXi 9.0","-","-",""
"Quanta Computer Inc.","QuantaPlex T43Z-2U","Intel Xeon Silver 4300 (Ice-Lake-SP) Series","ESXi 9.0","-","-",""
"Quanta Computer Inc.","QuantaEdge EGX66Y-2U","Intel Xeon Platinum 8300 (Ice-Lake-SP) Series","ESXi 9.0","-","-",""
"Quanta Computer Inc.","QuantaEdge EGX63IS-1U","Intel Xeon Gold 6300/5300 (Ice-Lake-SP) Series ","ESXi 9.0","-","-",""
"Quanta Computer Inc.","QuantaGrid D44N-1U","AMD EPYC 9005 Series","ESXi 9.0","-","-",""
"Quanta Computer Inc.","QuantaGrid S44NL-1U","AMD EPYC 9005 Series","ESXi 9.0","-","-",""
"Quanta Computer Inc.","QuantaGrid D52B-1U","Intel Xeon Gold 6200/5200 (Cascade-Lake-SP/Refresh) Series","ESXi 9.0","-","-",""
"Quanta Computer Inc.","QuantaGrid D55X-1U","Intel Xeon 6500P/6700P (Granite Rapids-SP) Series","ESXi 9.0","-","-",""
"Quanta Computer Inc.","QuantaGrid D55Q-2U","Intel Xeon 6500P/6700P (Granite Rapids-SP) Series","ESXi 9.0","-","-",""
"Quanta Computer Inc.","QuantaGrid D75E-4U","Intel Xeon 6500P/6700P (Granite Rapids-SP) Series","ESXi 9.0","-","-",""
"Quanta Computer Inc.","QuantaGrid D52B-1U","Intel Xeon Silver 4200
 Bronze 3200 (Cascade-Lake-SP/Refresh) Series","ESXi 9.0","-","-",""
"Quanta Computer Inc.","QuantaGrid D54Q-2U","Intel Xeon Platinum 8400 (Sapphire-Rapids-SP) Series","ESXi 9.0","-","-",""
"Quanta Computer Inc.","QuantaGrid D52B-1U","Intel Xeon Platinum 8200 (Cascade-Lake-SP) Series","ESXi 9.0","-","-",""
"Quanta Computer Inc.","QuantaGrid D53X-1U","Intel Xeon Platinum 8300 (Ice-Lake-SP) Series","ESXi 9.0","-","-",""
"Quanta Computer Inc.","QuantaGrid D54X-1U","Intel Xeon Platinum 8400 (Sapphire-Rapids-SP) Series","ESXi 9.0","-","-",""
"Quanta Computer Inc.","QuantaGrid S54S-1U","Intel Xeon Platinum 8400 (Sapphire-Rapids-SP) Series","ESXi 9.0","-","-",""
"Quanta Computer Inc.","QuantaPlex T43Z-2U","Intel Xeon Platinum 8300 (Ice-Lake-SP) Series","ESXi 9.0","-","-",""
"Quanta Computer Inc.","QuantaGrid D54X-1U","Intel Xeon Gold 6400/5400 (Sapphire-Rapids-SP) Series","ESXi 9.0","-","-",""
"Quanta Computer Inc.","QuantaGrid D54X-1U","Intel Xeon Silver 4400
 Bronze 3400 (Sapphire-Rapids-SP) Series","ESXi 9.0","-","-",""
"Quanta Computer Inc.","QuantaGrid D54Q-2U","Intel Xeon Gold 6400/5400 (Sapphire-Rapids-SP) Series","ESXi 9.0","-","-",""
"Quanta Computer Inc.","QuantaGrid D54Q-2U","Intel Xeon Silver 4400
 Bronze 3400 (Sapphire-Rapids-SP) Series","ESXi 9.0","-","-",""
"Quanta Computer Inc.","QuantaPlex T42S-2U","Intel Xeon Gold 6200/5200 (Cascade-Lake-SP/Refresh) Series","ESXi 9.0","-","-",""
"Quanta Computer Inc.","QuantaGrid S54S-1U","Intel Xeon Gold 6400/5400 (Sapphire-Rapids-SP) Series","ESXi 9.0","-","-",""
"Quanta Computer Inc.","QuantaGrid D53XQ-2U","Intel Xeon Platinum 8300 (Ice-Lake-SP) Series","ESXi 9.0","-","-",""
"Quanta Computer Inc.","QuantaGrid D53X-1U","Intel Xeon Gold 6300/5300 (Ice-Lake-SP) Series ","ESXi 9.0","-","-",""
"Quanta Computer Inc.","QuantaGrid D53X-1U","Intel Xeon Silver 4300 (Ice-Lake-SP) Series","ESXi 9.0","-","-",""
"Quanta Computer Inc.","QuantaGrid D54U-3U","Intel Xeon Platinum 8400 (Sapphire-Rapids-SP) Series","ESXi 9.0","-","-",""
"Quanta Computer Inc.","QuantaEdge EGX741-1U","Intel Xeon Gold 6400/5400 (Sapphire-Rapids-SP) Series","ESXi 9.0","-","-",""
"Quanta Computer Inc.","QuantaGrid D53XQ-2U","Intel Xeon Gold 6300/5300 (Ice-Lake-SP) Series ","ESXi 9.0","-","-",""
"Quanta Computer Inc.","QuantaGrid D53XQ-2U","Intel Xeon Silver 4300 (Ice-Lake-SP) Series","ESXi 9.0","-","-",""
"Quanta Computer Inc.","QuantaGrid D43N-3U","AMD EPYC 7003/7003X Series","ESXi 9.0","-","-",""
"Quanta Computer Inc.","QuantaGrid S44NL-1U","AMD EPYC 9004 Series","ESXi 9.0","-","-",""
"S.C. Syneto S.R.L.","	HYPERSeries-Core-3000-G4","Intel Xeon Gold 6400/5400 (Sapphire-Rapids-SP) Series","ESXi 9.0","-","-",""
"S.C. Syneto S.R.L.","HYPERSeries-Core-2000-G4","Intel Xeon Silver 4300 (Ice-Lake-SP) Series","ESXi 9.0","-","-",""
"S.C. Syneto S.R.L.","HYPER-Edge-G3","AMD EPYC 7001 Series","ESXi 9.0","-","-",""
"S.C. Syneto S.R.L.","HYPERSeries-Core-1000T-G4","Intel Xeon Silver 4300 (Ice-Lake-SP) Series","ESXi 9.0","-","-",""
"Shenzhen Gooxi Information Security Co.,Ltd","SL201-G4","Intel Xeon Platinum 8400 (Sapphire-Rapids-SP) Series","ESXi 9.0","-","-",""
"Shenzhen Gooxi Information Security Co.,Ltd","SR201-D12R-NV","AMD EPYC 7003/7003X Series","ESXi 9.0","-","-",""
"Siemens AG","SIMATIC IPC RS828A","AMD EPYC 9004 Series","ESXi 9.0","-","-",""
"starline Computer GmbH","Z80S","AMD EPYC 7002/7Fx2/7Hx2 Series","ESXi 9.0","-","-",""
"starline Computer GmbH","Z80","AMD EPYC 7002/7Fx2/7Hx2 Series","ESXi 9.0","-","-",""
"starline Computer GmbH","Z50","Intel Xeon Platinum 8200 (Cascade-Lake-SP) Series","ESXi 9.0","-","-",""
"Stratus Technologies","ztC Endurance 7100","Intel Xeon Gold 6400/5400 (Sapphire-Rapids-SP) Series","ESXi 9.0","-","-",""
"Stratus Technologies","ztC Endurance 3100","Intel Xeon Silver 4400
 Bronze 3400 (Sapphire-Rapids-SP) Series","ESXi 9.0","-","-",""
"Stratus Technologies","ztC Endurance 5100","Intel Xeon Silver 4400
 Bronze 3400 (Sapphire-Rapids-SP) Series","ESXi 9.0","-","-",""
"Stratus Technologies","ftServer 2920","Intel Xeon Silver 4200
 Bronze 3200 (Cascade-Lake-SP/Refresh) Series","ESXi 9.0","-","-",""
"Stratus Technologies","ftServer 6920","Intel Xeon Gold 6200/5200 (Cascade-Lake-SP/Refresh) Series","ESXi 9.0","-","-",""
"Stratus Technologies","ftServer 4910","Intel Xeon Silver 4200
 Bronze 3200 (Cascade-Lake-SP/Refresh) Series","ESXi 9.0","-","-",""
"Stratus Technologies","ztC Endurance 9110","Intel Xeon Gold 6500/5500 (Emerald Rapids-SP) Series","ESXi 9.0","-","-",""
"Stratus Technologies","ztC Endurance 7110","Intel Xeon Gold 6500/5500 (Emerald Rapids-SP) Series","ESXi 9.0","-","-",""
"Stratus Technologies","ztC Endurance 3110","Intel Xeon Silver 4500
 Bronze 3500 (Emerald Rapids-SP) Series","ESXi 9.0","-","-",""
"Stratus Technologies","ztC Endurance 5110","Intel Xeon Silver 4500
 Bronze 3500 (Emerald Rapids-SP) Series","ESXi 9.0","-","-",""
"Supermicro Computer
Inc","SYS-F629P3-RTBN","Intel Xeon Gold 6200/5200 (Cascade-Lake-SP/Refresh) Series","ESXi 9.0","-","-",""
"Supermicro Computer
Inc","SYS-111C-NR","Intel Xeon Silver 4500
 Bronze 3500 (Emerald Rapids-SP) Series","ESXi 9.0","-","-",""
"Supermicro Computer
Inc","SYS-221BT-DNTR","Intel Xeon Silver 4500
 Bronze 3500 (Emerald Rapids-SP) Series","ESXi 9.0","-","-",""
"Supermicro Computer
Inc","SYS-6019P-WTR","Intel Xeon Platinum 8200 (Cascade-Lake-SP) Series","ESXi 9.0","-","-",""
"Supermicro Computer
Inc","SYS-620BT-DNTR","Intel Xeon Platinum 8300 (Ice-Lake-SP) Series","ESXi 9.0","-","-",""
"Supermicro Computer
Inc","SYS-620BT-HNTR","Intel Xeon Platinum 8300 (Ice-Lake-SP) Series","ESXi 9.0","-","-",""
"Supermicro Computer
Inc","SYS-1029U-TR4T","Intel Xeon Platinum 8200 (Cascade-Lake-SP) Series","ESXi 9.0","-","-",""
"Supermicro Computer
Inc","AS-4125GS-TNRT2","AMD EPYC 9004 Series","ESXi 9.0","-","-",""
"Supermicro Computer
Inc","SYS-6029U-TRT","Intel Xeon Platinum 8200 (Cascade-Lake-SP) Series","ESXi 9.0","-","-",""
"Supermicro Computer
Inc","SYS-2029U-TN24R4T","Intel Xeon Gold 6200/5200 (Cascade-Lake-SP/Refresh) Series","ESXi 9.0","-","-",""
"Supermicro Computer
Inc","SYS-521GE-TNRT","Intel Xeon Platinum 8500 (Emerald Rapids-SP) Series","ESXi 9.0","-","-",""
"Supermicro Computer
Inc","SYS-6029BT-HNC0R","Intel Xeon Platinum 8200 (Cascade-Lake-SP) Series","ESXi 9.0","-","-",""
"Supermicro Computer
Inc","SSG-621E-ACR16H","Intel Xeon Platinum 8400 (Sapphire-Rapids-SP) Series","ESXi 9.0","-","-",""
"Supermicro Computer
Inc","SBI-420P-4T2N","Intel Xeon Gold 6300/5300 (Ice-Lake-SP) Series ","ESXi 9.0","-","-",""
"Supermicro Computer
Inc","SYS-821GE-TNHR","Intel Xeon Platinum 8400 (Sapphire-Rapids-SP) Series","ESXi 9.0","-","-",""
"Supermicro Computer
Inc","SYS-821GE-TNHR","Intel Xeon Platinum 8500 (Emerald Rapids-SP) Series","ESXi 9.0","-","-",""
"Supermicro Computer
Inc","SSG-621E-ACR16H","Intel Xeon Gold 6400/5400 (Sapphire-Rapids-SP) Series","ESXi 9.0","-","-",""
"Supermicro Computer
Inc","SSG-621E-ACR16H","Intel Xeon Silver 4400
 Bronze 3400 (Sapphire-Rapids-SP) Series","ESXi 9.0","-","-",""
"Supermicro Computer
Inc","SYS-2029U-TRT","Intel Xeon Platinum 8200 (Cascade-Lake-SP) Series","ESXi 9.0","-","-",""
"Supermicro Computer
Inc","SYS-6029BT-HNC0R","Intel Xeon Gold 6200/5200 (Cascade-Lake-SP/Refresh) Series","ESXi 9.0","-","-",""
"Supermicro Computer
Inc","SSG-621E-ACR16L","Intel Xeon Platinum 8400 (Sapphire-Rapids-SP) Series","ESXi 9.0","-","-",""
"Supermicro Computer
Inc","SSG-621E-ACR16L","Intel Xeon Gold 6400/5400 (Sapphire-Rapids-SP) Series","ESXi 9.0","-","-",""
"Supermicro Computer
Inc","SSG-621E-ACR16L","Intel Xeon Silver 4400
 Bronze 3400 (Sapphire-Rapids-SP) Series","ESXi 9.0","-","-",""
"Supermicro Computer
Inc","AS-2114S-WN24RT","AMD EPYC 7003/7003X Series","ESXi 9.0","-","-",""
"Supermicro Computer
Inc","SBI-621E-1NE38","Intel Xeon Gold 6500/5500 (Emerald Rapids-SP) Series","ESXi 9.0","-","-",""
"Supermicro Computer
Inc","SYS-211GT-HNTR","Intel Xeon Platinum 8500 (Emerald Rapids-SP) Series","ESXi 9.0","-","-",""
"Supermicro Computer
Inc","SYS-220GQ-TNAR+","Intel Xeon Platinum 8300 (Ice-Lake-SP) Series","ESXi 9.0","-","-",""
"Supermicro Computer
Inc","SYS-4029GP-TRT2","Intel Xeon Platinum 8200 (Cascade-Lake-SP) Series","ESXi 9.0","-","-",""
"Supermicro Computer
Inc","SYS-741GE-TNRT","Intel Xeon Platinum 8400 (Sapphire-Rapids-SP) Series","ESXi 9.0","-","-",""
"Supermicro Computer
Inc","SYS-120C-TN10R","Intel Xeon Gold 6300/5300 (Ice-Lake-SP) Series ","ESXi 9.0","-","-",""
"Supermicro Computer
Inc","SYS-521GE-TNRT","Intel Xeon Gold 6500/5500 (Emerald Rapids-SP) Series","ESXi 9.0","-","-",""
"Supermicro Computer
Inc","SYS-521GE-TNRT","Intel Xeon Silver 4500
 Bronze 3500 (Emerald Rapids-SP) Series","ESXi 9.0","-","-",""
"Supermicro Computer
Inc","SYS-4029GP-TRT2","Intel Xeon Gold 6200/5200 (Cascade-Lake-SP/Refresh) Series","ESXi 9.0","-","-",""
"Supermicro Computer
Inc","SBI-621E-1NE34","Intel Xeon Gold 6500/5500 (Emerald Rapids-SP) Series","ESXi 9.0","-","-",""
"Supermicro Computer
Inc","SYS-4029GP-TRT2","Intel Xeon Silver 4200
 Bronze 3200 (Cascade-Lake-SP/Refresh) Series","ESXi 9.0","-","-",""
"Supermicro Computer
Inc","SYS-211GT-HNTR","Intel Xeon Gold 6500/5500 (Emerald Rapids-SP) Series","ESXi 9.0","-","-",""
"Supermicro Computer
Inc","SYS-211GT-HNTR","Intel Xeon Silver 4500
 Bronze 3500 (Emerald Rapids-SP) Series","ESXi 9.0","-","-",""
"Supermicro Computer
Inc","SYS-621BT-DNTR","Intel Xeon Platinum 8500 (Emerald Rapids-SP) Series","ESXi 9.0","-","-",""
"Supermicro Computer
Inc","SYS-621BT-DNTR","Intel Xeon Gold 6500/5500 (Emerald Rapids-SP) Series","ESXi 9.0","-","-",""
"Supermicro Computer
Inc","SYS-1029U-TR-CTO","Intel Xeon Platinum 8200 (Cascade-Lake-SP) Series","ESXi 9.0","-","-",""
"Supermicro Computer
Inc","SYS-621BT-DNTR","Intel Xeon Silver 4500
 Bronze 3500 (Emerald Rapids-SP) Series","ESXi 9.0","-","-",""
"Supermicro Computer
Inc","SYS-1029U-TR-CTO","Intel Xeon Gold 6200/5200 (Cascade-Lake-SP/Refresh) Series","ESXi 9.0","-","-",""
"Supermicro Computer
Inc","AS-1114S-WN10RT","AMD EPYC 7002/7Fx2/7Hx2 Series","ESXi 9.0","-","-",""
"Supermicro Computer
Inc","SYS-1029U-TR-CTO","Intel Xeon Silver 4200
 Bronze 3200 (Cascade-Lake-SP/Refresh) Series","ESXi 9.0","-","-",""
"Supermicro Computer
Inc","SYS-620P-TRT","Intel Xeon Platinum 8300 (Ice-Lake-SP) Series","ESXi 9.0","-","-",""
"Supermicro Computer
Inc","SYS-1029U-TR4T","Intel Xeon Gold 6200/5200 (Cascade-Lake-SP/Refresh) Series","ESXi 9.0","-","-",""
"Supermicro Computer
Inc","SYS-F629P3-RTBN","Intel Xeon Platinum 8200 (Cascade-Lake-SP) Series","ESXi 9.0","-","-",""
"Supermicro Computer
Inc","SYS-221H-TN24R","Intel Xeon Silver 4500
 Bronze 3500 (Emerald Rapids-SP) Series","ESXi 9.0","-","-",""
"Supermicro Computer
Inc","SYS-221BT-HNC8R","Intel Xeon Silver 4500
 Bronze 3500 (Emerald Rapids-SP) Series","ESXi 9.0","-","-",""
"Supermicro Computer
Inc","SYS-121H-TNR","Intel Xeon Silver 4500
 Bronze 3500 (Emerald Rapids-SP) Series","ESXi 9.0","-","-",""
"Supermicro Computer
Inc","SYS-2049U-TR4","Intel Xeon Platinum 8200 (Cascade-Lake-SP) Series","ESXi 9.0","-","-",""
"Supermicro Computer
Inc","SYS-121H-TNR","Intel Xeon Gold 6500/5500 (Emerald Rapids-SP) Series","ESXi 9.0","-","-",""
"Supermicro Computer
Inc","SYS-621H-TN12R","Intel Xeon Platinum 8500 (Emerald Rapids-SP) Series","ESXi 9.0","-","-",""
"Supermicro Computer
Inc","SYS-620P-TR","Intel Xeon Platinum 8300 (Ice-Lake-SP) Series","ESXi 9.0","-","-",""
"Supermicro Computer
Inc","SYS-621BT-HNC8R","Intel Xeon Platinum 8500 (Emerald Rapids-SP) Series","ESXi 9.0","-","-",""
"Supermicro Computer
Inc","SYS-621BT-HNTR","Intel Xeon Platinum 8500 (Emerald Rapids-SP) Series","ESXi 9.0","-","-",""
"Supermicro Computer
Inc","SYS-621BT-HNTR","Intel Xeon Gold 6500/5500 (Emerald Rapids-SP) Series","ESXi 9.0","-","-",""
"Supermicro Computer
Inc","SYS-621BT-HNTR","Intel Xeon Silver 4500
 Bronze 3500 (Emerald Rapids-SP) Series","ESXi 9.0","-","-",""
"Supermicro Computer
Inc","SYS-621C-TN12R","Intel Xeon Platinum 8500 (Emerald Rapids-SP) Series","ESXi 9.0","-","-",""
"Supermicro Computer
Inc","SYS-2029BT-HNTR","Intel Xeon Gold 6200/5200 (Cascade-Lake-SP/Refresh) Series","ESXi 9.0","-","-",""
"Supermicro Computer
Inc","SYS-221GE-NR","Intel Xeon Platinum 8500 (Emerald Rapids-SP) Series","ESXi 9.0","-","-",""
"Supermicro Computer
Inc","SYS-621BT-HNC8R","Intel Xeon Gold 6500/5500 (Emerald Rapids-SP) Series","ESXi 9.0","-","-",""
"Supermicro Computer
Inc","SYS-621BT-HNC8R","Intel Xeon Silver 4500
 Bronze 3500 (Emerald Rapids-SP) Series","ESXi 9.0","-","-",""
"Supermicro Computer
Inc","SYS-621C-TN12R","Intel Xeon Gold 6500/5500 (Emerald Rapids-SP) Series","ESXi 9.0","-","-",""
"Supermicro Computer
Inc","SYS-621C-TN12R","Intel Xeon Silver 4500
 Bronze 3500 (Emerald Rapids-SP) Series","ESXi 9.0","-","-",""
"Supermicro Computer
Inc","SYS-1029P-WTR","Intel Xeon Silver 4200
 Bronze 3200 (Cascade-Lake-SP/Refresh) Series","ESXi 9.0","-","-",""
"Supermicro Computer
Inc","SYS-120TP-DC8TR","Intel Xeon Platinum 8300 (Ice-Lake-SP) Series","ESXi 9.0","-","-",""
"Supermicro Computer
Inc","SYS-421GE-TNRT","Intel Xeon Platinum 8500 (Emerald Rapids-SP) Series","ESXi 9.0","-","-",""
"Supermicro Computer
Inc","SYS-1029P-WTR","Intel Xeon Gold 6200/5200 (Cascade-Lake-SP/Refresh) Series","ESXi 9.0","-","-",""
"Supermicro Computer
Inc","SYS-F629P3-RTBN","Intel Xeon Silver 4200
 Bronze 3200 (Cascade-Lake-SP/Refresh) Series","ESXi 9.0","-","-",""
"Supermicro Computer
Inc","AS-1124US-TNRP","AMD EPYC 7002/7Fx2/7Hx2 Series","ESXi 9.0","-","-",""
"Supermicro Computer
Inc","SBA-4114S-T2N","AMD EPYC 7003/7003X Series","ESXi 9.0","-","-",""
"Supermicro Computer
Inc","SYS-621BT-DNC8R","Intel Xeon Platinum 8500 (Emerald Rapids-SP) Series","ESXi 9.0","-","-",""
"Supermicro Computer
Inc","SYS-621BT-DNC8R","Intel Xeon Gold 6500/5500 (Emerald Rapids-SP) Series","ESXi 9.0","-","-",""
"Supermicro Computer
Inc","SYS-420GP-TNAR+","Intel Xeon Platinum 8300 (Ice-Lake-SP) Series","ESXi 9.0","-","-",""
"Supermicro Computer
Inc","SYS-621BT-DNC8R","Intel Xeon Silver 4500
 Bronze 3500 (Emerald Rapids-SP) Series","ESXi 9.0","-","-",""
"Supermicro Computer
Inc","SYS-621H-TN12R","Intel Xeon Gold 6500/5500 (Emerald Rapids-SP) Series","ESXi 9.0","-","-",""
"Supermicro Computer
Inc","SYS-621H-TN12R","Intel Xeon Silver 4500
 Bronze 3500 (Emerald Rapids-SP) Series","ESXi 9.0","-","-",""
"Supermicro Computer
Inc","SYS-1029U-TN10RT","Intel Xeon Gold 6200/5200 (Cascade-Lake-SP/Refresh) Series","ESXi 9.0","-","-",""
"Supermicro Computer
Inc","SYS-421GE-TNRT","Intel Xeon Gold 6500/5500 (Emerald Rapids-SP) Series","ESXi 9.0","-","-",""
"Supermicro Computer
Inc","SYS-421GE-TNRT","Intel Xeon Silver 4500
 Bronze 3500 (Emerald Rapids-SP) Series","ESXi 9.0","-","-",""
"Supermicro Computer
Inc","SYS-1029U-TN10RT","Intel Xeon Silver 4200
 Bronze 3200 (Cascade-Lake-SP/Refresh) Series","ESXi 9.0","-","-",""
"Supermicro Computer
Inc","SYS-240P-TNRT","Intel Xeon Platinum 8300 (Cooper-Lake-SP) Series","ESXi 9.0","-","-",""
"Supermicro Computer
Inc","AS-2126HS-TN","AMD EPYC 9005 Series","ESXi 9.0","-","-",""
"Supermicro Computer
Inc","SYS-F610P2-RTN","Intel Xeon Platinum 8300 (Ice-Lake-SP) Series","ESXi 9.0","-","-",""
"Supermicro Computer
Inc","SBA-4114S-C2N","AMD EPYC 7003/7003X Series","ESXi 9.0","-","-",""
"Supermicro Computer
Inc","SYS-221GE-NR","Intel Xeon Gold 6500/5500 (Emerald Rapids-SP) Series","ESXi 9.0","-","-",""
"Supermicro Computer
Inc","AS-4124GO-NART+","AMD EPYC 7002/7Fx2/7Hx2 Series","ESXi 9.0","-","-",""
"Supermicro Computer
Inc","SBI-420P-1C2N","Intel Xeon Gold 6300/5300 (Ice-Lake-SP) Series ","ESXi 9.0","-","-",""
"Supermicro Computer
Inc","SBA-4119S-C2N","AMD EPYC 7003/7003X Series","ESXi 9.0","-","-",""
"Supermicro Computer
Inc","SYS-F619P2-RC1","Intel Xeon Gold 6200/5200 (Cascade-Lake-SP/Refresh) Series","ESXi 9.0","-","-",""
"Supermicro Computer
Inc","SYS-220H-TN24R","Intel Xeon Platinum 8300 (Ice-Lake-SP) Series","ESXi 9.0","-","-",""
"Supermicro Computer
Inc","SYS-420GP-TNAR","Intel Xeon Platinum 8300 (Ice-Lake-SP) Series","ESXi 9.0","-","-",""
"Supermicro Computer
Inc","SYS-220H-TN24R","Intel Xeon Gold 6300/5300 (Ice-Lake-SP) Series ","ESXi 9.0","-","-",""
"Supermicro Computer
Inc","SYS-220H-TN24R","Intel Xeon Silver 4300 (Ice-Lake-SP) Series","ESXi 9.0","-","-",""
"Supermicro Computer
Inc","AS-2126HS-TN","AMD EPYC 9004 Series","ESXi 9.0","-","-",""
"Supermicro Computer
Inc","SYS-220GP-TNR","Intel Xeon Gold 6300/5300 (Ice-Lake-SP) Series ","ESXi 9.0","-","-",""
"Supermicro Computer
Inc","SSG-641E-E1CR36H","Intel Xeon Platinum 8400 (Sapphire-Rapids-SP) Series","ESXi 9.0","-","-",""
"Supermicro Computer
Inc","SYS-6019U-TR25M","Intel Xeon Gold 6200/5200 (Cascade-Lake-SP/Refresh) Series","ESXi 9.0","-","-",""
"Supermicro Computer
Inc","SYS-1029U-E1CR25M","Intel Xeon Gold 6200/5200 (Cascade-Lake-SP/Refresh) Series","ESXi 9.0","-","-",""
"Supermicro Computer
Inc","SYS-2029U-TN24R4T","Intel Xeon Platinum 8200 (Cascade-Lake-SP) Series","ESXi 9.0","-","-",""
"Supermicro Computer
Inc","SYS-6019U-TN4R4T","Intel Xeon Silver 4200
 Bronze 3200 (Cascade-Lake-SP/Refresh) Series","ESXi 9.0","-","-",""
"Supermicro Computer
Inc","AS-1116CS-TN","AMD EPYC 9005 Series","ESXi 9.0","-","-",""
"Supermicro Computer
Inc","SYS-6029U-E1CR4T","Intel Xeon Silver 4200
 Bronze 3200 (Cascade-Lake-SP/Refresh) Series","ESXi 9.0","-","-",""
"Supermicro Computer
Inc","SYS-741P-TRT","Intel Xeon Platinum 8400 (Sapphire-Rapids-SP) Series","ESXi 9.0","-","-",""
"Supermicro Computer
Inc","SYS-421GE-TNHR2-LCC","Intel Xeon Platinum 8400 (Sapphire-Rapids-SP) Series","ESXi 9.0","-","-",""
"Supermicro Computer
Inc","AS-4124GS-TNR(+)","AMD EPYC 7002/7Fx2/7Hx2 Series","ESXi 9.0","-","-",""
"Supermicro Computer
Inc","SSG-641E-E1CR36H","Intel Xeon Gold 6400/5400 (Sapphire-Rapids-SP) Series","ESXi 9.0","-","-",""
"Supermicro Computer
Inc","SSG-641E-E1CR36L","Intel Xeon Platinum 8400 (Sapphire-Rapids-SP) Series","ESXi 9.0","-","-",""
"Supermicro Computer
Inc","SSG-641E-E1CR36L","Intel Xeon Gold 6400/5400 (Sapphire-Rapids-SP) Series","ESXi 9.0","-","-",""
"Supermicro Computer
Inc","SYS-120C-TR","Intel Xeon Gold 6300/5300 (Ice-Lake-SP) Series ","ESXi 9.0","-","-",""
"Supermicro Computer
Inc","SYS-121H-TNR","Intel Xeon Platinum 8400 (Sapphire-Rapids-SP) Series","ESXi 9.0","-","-",""
"Supermicro Computer
Inc","SYS-1029GP-TR","Intel Xeon Platinum 8200 (Cascade-Lake-SP) Series","ESXi 9.0","-","-",""
"Supermicro Computer
Inc","SYS-222BT-HER","Intel Xeon 6500P/6700P (Granite Rapids-SP) Series","ESXi 9.0","-","-",""
"Supermicro Computer
Inc","SYS-222H-TN","Intel Xeon 6500P/6700P (Granite Rapids-SP) Series","ESXi 9.0","-","-",""
"Supermicro Computer
Inc","SYS-122H-TN","Intel Xeon 6500P/6700P (Granite Rapids-SP) Series","ESXi 9.0","-","-",""
"Supermicro Computer
Inc","SYS-220BT-HNC9R	","Intel Xeon Gold 6300/5300 (Ice-Lake-SP) Series ","ESXi 9.0","-","-",""
"Supermicro Computer
Inc","SYS-6019U-TN4R4T","Intel Xeon Platinum 8200 (Cascade-Lake-SP) Series","ESXi 9.0","-","-",""
"Supermicro Computer
Inc","SYS-220BT-HNC9R	","Intel Xeon Silver 4300 (Ice-Lake-SP) Series","ESXi 9.0","-","-",""
"Supermicro Computer
Inc","AS-2025HS-TNR","AMD EPYC 9005 Series","ESXi 9.0","-","-",""
"Supermicro Computer
Inc","SYS-2029BT-HNC0R","Intel Xeon Gold 6200/5200 (Cascade-Lake-SP/Refresh) Series","ESXi 9.0","-","-",""
"Supermicro Computer
Inc","SYS-221BT-DNC8R","Intel Xeon Platinum 8400 (Sapphire-Rapids-SP) Series","ESXi 9.0","-","-",""
"Supermicro Computer
Inc","SYS-221BT-HNC8R","Intel Xeon Platinum 8400 (Sapphire-Rapids-SP) Series","ESXi 9.0","-","-",""
"Supermicro Computer
Inc","SYS-221BT-HNTR","Intel Xeon Platinum 8400 (Sapphire-Rapids-SP) Series","ESXi 9.0","-","-",""
"Supermicro Computer
Inc","SYS-221BT-HNTR","Intel Xeon Gold 6500/5500 (Emerald Rapids-SP) Series","ESXi 9.0","-","-",""
"Supermicro Computer
Inc","SYS-221H-TNR","Intel Xeon Platinum 8400 (Sapphire-Rapids-SP) Series","ESXi 9.0","-","-",""
"Supermicro Computer
Inc","SYS-221BT-DNTR","Intel Xeon Platinum 8400 (Sapphire-Rapids-SP) Series","ESXi 9.0","-","-",""
"Supermicro Computer
Inc","SYS-221H-TN24R","Intel Xeon Platinum 8400 (Sapphire-Rapids-SP) Series","ESXi 9.0","-","-",""
"Supermicro Computer
Inc","SYS-F610P2-RTN","Intel Xeon Gold 6300/5300 (Ice-Lake-SP) Series ","ESXi 9.0","-","-",""
"Supermicro Computer
Inc","SYS-112H-TN","Intel Xeon 6500P/6700P (Granite Rapids-SP) Series","ESXi 9.0","-","-",""
"Supermicro Computer
Inc","AS-8125GS-TNHR","AMD EPYC 9004 Series","ESXi 9.0","-","-",""
"Supermicro Computer
Inc","AS-2015CS-TNR","AMD EPYC 9004 Series","ESXi 9.0","-","-",""
"Supermicro Computer
Inc","SYS-112C-TN","Intel Xeon 6500P/6700P (Granite Rapids-SP) Series","ESXi 9.0","-","-",""
"Supermicro Computer
Inc","AS-2025HS-TNR","AMD EPYC 9004 Series","ESXi 9.0","-","-",""
"Supermicro Computer
Inc","SBI-612B-1C2N","Intel Xeon 6500P/6700P (Granite Rapids-SP) Series","ESXi 9.0","-","-",""
"Supermicro Computer
Inc","AS-1125HS-TNR","AMD EPYC 9004 Series","ESXi 9.0","-","-",""
"Supermicro Computer
Inc","AS-2125HS-TNR","AMD EPYC 9004 Series","ESXi 9.0","-","-",""
"Supermicro Computer
Inc","AS-1015CS-TNR","AMD EPYC 9004 Series","ESXi 9.0","-","-",""
"Supermicro Computer
Inc","AS-1115CS-TNR	","AMD EPYC 9004 Series","ESXi 9.0","-","-",""
"Supermicro Computer
Inc","SYS-512B-WR","Intel Xeon 6500P/6700P (Granite Rapids-SP) Series","ESXi 9.0","-","-",""
"Supermicro Computer
Inc","SYS-221H-TNR","Intel Xeon Gold 6400/5400 (Sapphire-Rapids-SP) Series","ESXi 9.0","-","-",""
"Supermicro Computer
Inc","SYS-122C-TN","Intel Xeon 6500P/6700P (Granite Rapids-SP) Series","ESXi 9.0","-","-",""
"Supermicro Computer
Inc","SYS-221H-TNR","Intel Xeon Silver 4400
 Bronze 3400 (Sapphire-Rapids-SP) Series","ESXi 9.0","-","-",""
"Supermicro Computer
Inc","SYS-221BT-HNC8R","Intel Xeon Gold 6400/5400 (Sapphire-Rapids-SP) Series","ESXi 9.0","-","-",""
"Supermicro Computer
Inc","SYS-221BT-HNC8R","Intel Xeon Silver 4400
 Bronze 3400 (Sapphire-Rapids-SP) Series","ESXi 9.0","-","-",""
"Supermicro Computer
Inc","SYS-121C-TN10R","Intel Xeon Platinum 8400 (Sapphire-Rapids-SP) Series","ESXi 9.0","-","-",""
"Supermicro Computer
Inc","SYS-221BT-DNTR","Intel Xeon Gold 6400/5400 (Sapphire-Rapids-SP) Series","ESXi 9.0","-","-",""
"Supermicro Computer
Inc","SYS-221BT-DNTR","Intel Xeon Silver 4400
 Bronze 3400 (Sapphire-Rapids-SP) Series","ESXi 9.0","-","-",""
"Supermicro Computer
Inc","SYS-111C-NR","Intel Xeon Platinum 8400 (Sapphire-Rapids-SP) Series","ESXi 9.0","-","-",""
"Supermicro Computer
Inc","SYS-121H-TNR","Intel Xeon Gold 6400/5400 (Sapphire-Rapids-SP) Series","ESXi 9.0","-","-",""
"Supermicro Computer
Inc","AS-2015HS-TNR","AMD EPYC 9005 Series","ESXi 9.0","-","-",""
"Supermicro Computer
Inc","SYS-121H-TNR","Intel Xeon Silver 4400
 Bronze 3400 (Sapphire-Rapids-SP) Series","ESXi 9.0","-","-",""
"Supermicro Computer
Inc","SYS-221BT-HNTR","Intel Xeon Gold 6400/5400 (Sapphire-Rapids-SP) Series","ESXi 9.0","-","-",""
"Supermicro Computer
Inc","SYS-222C-TN","Intel Xeon 6500P/6700P (Granite Rapids-SP) Series","ESXi 9.0","-","-",""
"Supermicro Computer
Inc","SYS-221BT-HNTR","Intel Xeon Silver 4400
 Bronze 3400 (Sapphire-Rapids-SP) Series","ESXi 9.0","-","-",""
"Supermicro Computer
Inc","AS-F1114S-RNTR","AMD EPYC 7003/7003X Series","ESXi 9.0","-","-",""
"Supermicro Computer
Inc","SYS-121C-TN2R","Intel Xeon Platinum 8400 (Sapphire-Rapids-SP) Series","ESXi 9.0","-","-",""
"Supermicro Computer
Inc","SYS-221BT-HNC9R","Intel Xeon Platinum 8400 (Sapphire-Rapids-SP) Series","ESXi 9.0","-","-",""
"Supermicro Computer
Inc","SYS-A21GE-NBRT","Intel Xeon Platinum 8500 (Emerald Rapids-SP) Series","ESXi 9.0","-","-",""
"Supermicro Computer
Inc","SYS-121C-TN10R","Intel Xeon Gold 6400/5400 (Sapphire-Rapids-SP) Series","ESXi 9.0","-","-",""
"Supermicro Computer
Inc","SYS-121C-TN10R","Intel Xeon Silver 4400
 Bronze 3400 (Sapphire-Rapids-SP) Series","ESXi 9.0","-","-",""
"Supermicro Computer
Inc","SYS-111C-NR","Intel Xeon Gold 6400/5400 (Sapphire-Rapids-SP) Series","ESXi 9.0","-","-",""
"Supermicro Computer
Inc","SYS-111C-NR","Intel Xeon Silver 4400
 Bronze 3400 (Sapphire-Rapids-SP) Series","ESXi 9.0","-","-",""
"Supermicro Computer
Inc","SBI-611E-1C2N","Intel Xeon Platinum 8400 (Sapphire-Rapids-SP) Series","ESXi 9.0","-","-",""
"Supermicro Computer
Inc","SYS-121C-TN2R","Intel Xeon Gold 6400/5400 (Sapphire-Rapids-SP) Series","ESXi 9.0","-","-",""
"Supermicro Computer
Inc","SYS-121C-TN2R","Intel Xeon Silver 4400
 Bronze 3400 (Sapphire-Rapids-SP) Series","ESXi 9.0","-","-",""
"Supermicro Computer
Inc","SYS-221BT-HNC9R","Intel Xeon Gold 6400/5400 (Sapphire-Rapids-SP) Series","ESXi 9.0","-","-",""
"Supermicro Computer
Inc","SYS-221BT-HNC9R","Intel Xeon Silver 4400
 Bronze 3400 (Sapphire-Rapids-SP) Series","ESXi 9.0","-","-",""
"Supermicro Computer
Inc","SYS-1029U-TRT","Intel Xeon Platinum 8200 (Cascade-Lake-SP) Series","ESXi 9.0","-","-",""
"Supermicro Computer
Inc","SYS-621BT-DNTR","Intel Xeon Platinum 8400 (Sapphire-Rapids-SP) Series","ESXi 9.0","-","-",""
"Supermicro Computer
Inc","SYS-112B-WR","Intel Xeon 6500P/6700P (Granite Rapids-SP) Series","ESXi 9.0","-","-",""
"Supermicro Computer
Inc","SYS-621BT-HNC8R","Intel Xeon Platinum 8400 (Sapphire-Rapids-SP) Series","ESXi 9.0","-","-",""
"Supermicro Computer
Inc","SYS-540A-TR","Intel Xeon Platinum 8300 (Ice-Lake-SP) Series","ESXi 9.0","-","-",""
"Supermicro Computer
Inc","AS-1115HS-TNR","AMD EPYC 9005 Series","ESXi 9.0","-","-",""
"Supermicro Computer
Inc","SYS-221H-TN24R","Intel Xeon Gold 6400/5400 (Sapphire-Rapids-SP) Series","ESXi 9.0","-","-",""
"Supermicro Computer
Inc","AS-2115HS-TNR","AMD EPYC 9005 Series","ESXi 9.0","-","-",""
"Supermicro Computer
Inc","SYS-222BT-DNR","Intel Xeon 6500P/6700P (Granite Rapids-SP) Series","ESXi 9.0","-","-",""
"Supermicro Computer
Inc","SYS-540A-TR","Intel Xeon Gold 6300/5300 (Ice-Lake-SP) Series ","ESXi 9.0","-","-",""
"Supermicro Computer
Inc","SYS-540A-TR","Intel Xeon Silver 4300 (Ice-Lake-SP) Series","ESXi 9.0","-","-",""
"Supermicro Computer
Inc","SYS-621BT-DNTR","Intel Xeon Gold 6400/5400 (Sapphire-Rapids-SP) Series","ESXi 9.0","-","-",""
"Supermicro Computer
Inc","SYS-621BT-DNTR","Intel Xeon Silver 4400
 Bronze 3400 (Sapphire-Rapids-SP) Series","ESXi 9.0","-","-",""
"Supermicro Computer
Inc","SYS-110D-20C-FRAN8TP","Intel Xeon D-2700 (Ice-Lake-D) Series ","ESXi 9.0","-","-",""
"Supermicro Computer
Inc","SYS-621BT-HNC8R","Intel Xeon Gold 6400/5400 (Sapphire-Rapids-SP) Series","ESXi 9.0","-","-",""
"Supermicro Computer
Inc","SYS-621BT-HNC8R","Intel Xeon Silver 4400
 Bronze 3400 (Sapphire-Rapids-SP) Series","ESXi 9.0","-","-",""
"Supermicro Computer
Inc","SYS-621BT-HNTR","Intel Xeon Platinum 8400 (Sapphire-Rapids-SP) Series","ESXi 9.0","-","-",""
"Supermicro Computer
Inc","SYS-621BT-HNTR","Intel Xeon Gold 6400/5400 (Sapphire-Rapids-SP) Series","ESXi 9.0","-","-",""
"Supermicro Computer
Inc","SYS-621BT-HNTR","Intel Xeon Silver 4400
 Bronze 3400 (Sapphire-Rapids-SP) Series","ESXi 9.0","-","-",""
"Supermicro Computer
Inc","SYS-621BT-DNC8R","Intel Xeon Platinum 8400 (Sapphire-Rapids-SP) Series","ESXi 9.0","-","-",""
"Supermicro Computer
Inc","SYS-621BT-DNC8R","Intel Xeon Gold 6400/5400 (Sapphire-Rapids-SP) Series","ESXi 9.0","-","-",""
"Supermicro Computer
Inc","SYS-621BT-DNC8R","Intel Xeon Silver 4400
 Bronze 3400 (Sapphire-Rapids-SP) Series","ESXi 9.0","-","-",""
"Supermicro Computer
Inc","SYS-622BT-HNC8R","Intel Xeon 6500P/6700P (Granite Rapids-SP) Series","ESXi 9.0","-","-",""
"Supermicro Computer
Inc","AS-8125GS-TNMR2","AMD EPYC 9004 Series","ESXi 9.0","-","-",""
"Supermicro Computer
Inc","AS-1126HS-TN","AMD EPYC 9005 Series","ESXi 9.0","-","-",""
"Supermicro Computer
Inc","SYS-110P-WR","Intel Xeon Platinum 8300 (Ice-Lake-SP) Series","ESXi 9.0","-","-",""
"Supermicro Computer
Inc","SYS-222BT-HNR","Intel Xeon 6500P/6700P (Granite Rapids-SP) Series","ESXi 9.0","-","-",""
"Supermicro Computer
Inc","SYS-622BT-DNC8R","Intel Xeon 6500P/6700P (Granite Rapids-SP) Series","ESXi 9.0","-","-",""
"Supermicro Computer
Inc","AS-4124GO-NART","AMD EPYC 7002/7Fx2/7Hx2 Series","ESXi 9.0","-","-",""
"Supermicro Computer
Inc","SYS-621C-TN12R","Intel Xeon Gold 6400/5400 (Sapphire-Rapids-SP) Series","ESXi 9.0","-","-",""
"Supermicro Computer
Inc","SBI-611E-1C2N","Intel Xeon Gold 6400/5400 (Sapphire-Rapids-SP) Series","ESXi 9.0","-","-",""
"Supermicro Computer
Inc","SYS-621C-TN12R","Intel Xeon Silver 4400
 Bronze 3400 (Sapphire-Rapids-SP) Series","ESXi 9.0","-","-",""
"Supermicro Computer
Inc","SYS-621C-TN12R","Intel Xeon Platinum 8400 (Sapphire-Rapids-SP) Series","ESXi 9.0","-","-",""
"Supermicro Computer
Inc","SYS-611C-TN4R","Intel Xeon Platinum 8400 (Sapphire-Rapids-SP) Series","ESXi 9.0","-","-",""
"Supermicro Computer
Inc","SYS-120TP-DTTR","Intel Xeon Platinum 8300 (Ice-Lake-SP) Series","ESXi 9.0","-","-",""
"Supermicro Computer
Inc","SYS-120TP-DC9TR","Intel Xeon Platinum 8300 (Ice-Lake-SP) Series","ESXi 9.0","-","-",""
"Supermicro Computer
Inc","SYS-222BT-HNC8R","Intel Xeon 6500P/6700P (Granite Rapids-SP) Series","ESXi 9.0","-","-",""
"Supermicro Computer
Inc","SYS-222BT-HNC9R","Intel Xeon 6500P/6700P (Granite Rapids-SP) Series","ESXi 9.0","-","-",""
"Supermicro Computer
Inc","SYS-120U-TNR","Intel Xeon Platinum 8300 (Ice-Lake-SP) Series","ESXi 9.0","-","-",""
"Supermicro Computer
Inc","SYS-110P-WR","Intel Xeon Gold 6300/5300 (Ice-Lake-SP) Series ","ESXi 9.0","-","-",""
"Supermicro Computer
Inc","SYS-110P-WR","Intel Xeon Silver 4300 (Ice-Lake-SP) Series","ESXi 9.0","-","-",""
"Supermicro Computer
Inc","SYS-222BT-HNR-LCC","Intel Xeon 6500P/6700P (Granite Rapids-SP) Series","ESXi 9.0","-","-",""
"Supermicro Computer
Inc","SYS-220BT-HNC8R","Intel Xeon Platinum 8300 (Ice-Lake-SP) Series","ESXi 9.0","-","-",""
"Supermicro Computer
Inc","SYS-822GS-NB3RT","Intel Xeon 6500P/6700P (Granite Rapids-SP) Series","ESXi 9.0","-","-",""
"Supermicro Computer
Inc","SYS-212H-TN","Intel Xeon 6500P/6700P (Granite Rapids-SP) Series","ESXi 9.0","-","-",""
"Supermicro Computer
Inc","AS-4126GS-NBR-LCC","AMD EPYC 9005 Series","ESXi 9.0","-","-",""
"Supermicro Computer
Inc","SYS-522B-WR","Intel Xeon 6500P/6700P (Granite Rapids-SP) Series","ESXi 9.0","-","-",""
"Supermicro Computer
Inc","SYS-6029U-TRT","Intel Xeon Silver 4200
 Bronze 3200 (Cascade-Lake-SP/Refresh) Series","ESXi 9.0","-","-",""
"Supermicro Computer
Inc","SYS-421GE-NBRT-LCC","Intel Xeon Platinum 8500 (Emerald Rapids-SP) Series","ESXi 9.0","-","-",""
"Supermicro Computer
Inc","SSG-121E-NE316R","Intel Xeon Gold 6500/5500 (Emerald Rapids-SP) Series","ESXi 9.0","-","-",""
"Supermicro Computer
Inc","SYS-120C-TR","Intel Xeon Silver 4300 (Ice-Lake-SP) Series","ESXi 9.0","-","-",""
"Supermicro Computer
Inc","SYS-2029BT-HNC0R","Intel Xeon Platinum 8200 (Cascade-Lake-SP) Series","ESXi 9.0","-","-",""
"Supermicro Computer
Inc","AS-5126GS-TNRT2","AMD EPYC 9005 Series","ESXi 9.0","-","-",""
"Supermicro Computer
Inc","AS-1115S-FWTRT","AMD EPYC 8004 Series","ESXi 9.0","-","-",""
"Supermicro Computer
Inc","SBI-612B-1NE34","Intel Xeon 6500P/6700P (Granite Rapids-SP) Series","ESXi 9.0","-","-",""
"Supermicro Computer
Inc","SYS-521E-WR","Intel Xeon Platinum 8400 (Sapphire-Rapids-SP) Series","ESXi 9.0","-","-",""
"Supermicro Computer
Inc","SYS-111E-WR","Intel Xeon Platinum 8400 (Sapphire-Rapids-SP) Series","ESXi 9.0","-","-",""
"Supermicro Computer
Inc","SYS-220BT-HNTR","Intel Xeon Platinum 8300 (Ice-Lake-SP) Series","ESXi 9.0","-","-",""
"Supermicro Computer
Inc","SYS-511E-WR","Intel Xeon Platinum 8400 (Sapphire-Rapids-SP) Series","ESXi 9.0","-","-",""
"Supermicro Computer
Inc","AS-4126GS-NB3RT-LCC","AMD EPYC 9005 Series","ESXi 9.0","-","-",""
"Supermicro Computer
Inc","ASG-1115S-NE316R","AMD EPYC 9004 Series","ESXi 9.0","-","-",""
"Supermicro Computer
Inc","AS-8126GS-NB3RT","AMD EPYC 9005 Series","ESXi 9.0","-","-",""
"Supermicro Computer
Inc","AS-1124US-TNRP","AMD EPYC 7003/7003X Series","ESXi 9.0","-","-",""
"Supermicro Computer
Inc","AS-1114S-WN10RT","AMD EPYC 7003/7003X Series","ESXi 9.0","-","-",""
"Supermicro Computer
Inc","SYS-6029U-TRT","Intel Xeon Gold 6200/5200 (Cascade-Lake-SP/Refresh) Series","ESXi 9.0","-","-",""
"Supermicro Computer
Inc","SYS-620U-TNR","Intel Xeon Platinum 8300 (Ice-Lake-SP) Series","ESXi 9.0","-","-",""
"Supermicro Computer
Inc","SBI-422B-1NE14","Intel Xeon 6500P/6700P (Granite Rapids-SP) Series","ESXi 9.0","-","-",""
"Supermicro Computer
Inc","SBI-422B-5NE14","Intel Xeon 6500P/6700P (Granite Rapids-SP) Series","ESXi 9.0","-","-",""
"Supermicro Computer
Inc","SYS-2029U-TRT","Intel Xeon Gold 6200/5200 (Cascade-Lake-SP/Refresh) Series","ESXi 9.0","-","-",""
"Supermicro Computer
Inc","AS-4125GS-TNRT","AMD EPYC 9004 Series","ESXi 9.0","-","-",""
"Supermicro Computer
Inc","SYS-621H-TN12R","Intel Xeon Platinum 8400 (Sapphire-Rapids-SP) Series","ESXi 9.0","-","-",""
"Supermicro Computer
Inc","SSG-621E-ACR12H","Intel Xeon Platinum 8500 (Emerald Rapids-SP) Series","ESXi 9.0","-","-",""
"Supermicro Computer
Inc","SYS-620P-TR","Intel Xeon Gold 6300/5300 (Ice-Lake-SP) Series ","ESXi 9.0","-","-",""
"Supermicro Computer
Inc","SYS-111E-WR","Intel Xeon Gold 6400/5400 (Sapphire-Rapids-SP) Series","ESXi 9.0","-","-",""
"Supermicro Computer
Inc","AS-8126GS-TNMR","AMD EPYC 9005 Series","ESXi 9.0","-","-",""
"Supermicro Computer
Inc","SYS-241H-TNRTTP","Intel Xeon Platinum 8400 (Sapphire-Rapids-SP) Series","ESXi 9.0","-","-",""
"Supermicro Computer
Inc","SYS-622B-TRT","Intel Xeon 6500P/6700P (Granite Rapids-SP) Series","ESXi 9.0","-","-",""
"Supermicro Computer
Inc","SYS-521E-WR","Intel Xeon Gold 6400/5400 (Sapphire-Rapids-SP) Series","ESXi 9.0","-","-",""
"Supermicro Computer
Inc","SYS-521C-NR","Intel Xeon Platinum 8400 (Sapphire-Rapids-SP) Series","ESXi 9.0","-","-",""
"Supermicro Computer
Inc","SYS-220BT-HNC9R	","Intel Xeon Platinum 8300 (Ice-Lake-SP) Series","ESXi 9.0","-","-",""
"Supermicro Computer
Inc","SYS-241E-TNRTTP","Intel Xeon Platinum 8400 (Sapphire-Rapids-SP) Series","ESXi 9.0","-","-",""
"Supermicro Computer
Inc","SYS-120C-TN10R","Intel Xeon Platinum 8300 (Ice-Lake-SP) Series","ESXi 9.0","-","-",""
"Supermicro Computer
Inc","AS-1114CS-TNR","AMD EPYC 7002/7Fx2/7Hx2 Series","ESXi 9.0","-","-",""
"Supermicro Computer
Inc","AS-1114CS-TNR","AMD EPYC 7003/7003X Series","ESXi 9.0","-","-",""
"Supermicro Computer
Inc","AS-2014CS-TR","AMD EPYC 7003/7003X Series","ESXi 9.0","-","-",""
"Supermicro Computer
Inc","SYS-1029U-TN10RT","Intel Xeon Platinum 8200 (Cascade-Lake-SP) Series","ESXi 9.0","-","-",""
"Supermicro Computer
Inc","SYS-521C-NR","Intel Xeon Gold 6400/5400 (Sapphire-Rapids-SP) Series","ESXi 9.0","-","-",""
"Supermicro Computer
Inc","AS-2124BT-HTR","AMD EPYC 7003/7003X Series","ESXi 9.0","-","-",""
"Supermicro Computer
Inc","SYS-511E-WR","Intel Xeon Gold 6400/5400 (Sapphire-Rapids-SP) Series","ESXi 9.0","-","-",""
"Supermicro Computer
Inc","SYS-621H-TN12R","Intel Xeon Gold 6400/5400 (Sapphire-Rapids-SP) Series","ESXi 9.0","-","-",""
"Supermicro Computer
Inc","SYS-621H-TN12R","Intel Xeon Silver 4400
 Bronze 3400 (Sapphire-Rapids-SP) Series","ESXi 9.0","-","-",""
"Supermicro Computer
Inc","AS-2015HS-TNR","AMD EPYC 9004 Series","ESXi 9.0","-","-",""
"Supermicro Computer
Inc","SYS-620BT-HNC8R","Intel Xeon Platinum 8300 (Ice-Lake-SP) Series","ESXi 9.0","-","-",""
"Supermicro Computer
Inc","SYS-6029U-E1CR4T","Intel Xeon Platinum 8200 (Cascade-Lake-SP) Series","ESXi 9.0","-","-",""
"Supermicro Computer
Inc","SYS-220U-TNR","Intel Xeon Platinum 8300 (Ice-Lake-SP) Series","ESXi 9.0","-","-",""
"Supermicro Computer
Inc","SYS-440P-TNRT","Intel Xeon Platinum 8300 (Cooper-Lake-SP) Series","ESXi 9.0","-","-",""
"Supermicro Computer
Inc","SYS-1029U-TR4","Intel Xeon Platinum 8200 (Cascade-Lake-SP) Series","ESXi 9.0","-","-",""
"Supermicro Computer
Inc","PIO-1019P-FDN2T-5W-DN008","Intel Xeon Gold 6200/5200 (Cascade-Lake-SP/Refresh) Series","ESXi 9.0","-","-",""
"Supermicro Computer
Inc","AS-1024US-TRT","AMD EPYC 7003/7003X Series","ESXi 9.0","-","-",""
"Supermicro Computer
Inc","SYS-241E-TNRTTP","Intel Xeon Gold 6400/5400 (Sapphire-Rapids-SP) Series","ESXi 9.0","-","-",""
"Supermicro Computer
Inc","SYS-2029BT-HNC0R","Intel Xeon Silver 4200
 Bronze 3200 (Cascade-Lake-SP/Refresh) Series","ESXi 9.0","-","-",""
"Supermicro Computer
Inc","AS-1115HS-TNR","AMD EPYC 9004 Series","ESXi 9.0","-","-",""
"Supermicro Computer
Inc","SYS-6029BT-DNC0R","Intel Xeon Silver 4200
 Bronze 3200 (Cascade-Lake-SP/Refresh) Series","ESXi 9.0","-","-",""
"Supermicro Computer
Inc","SYS-241H-TNRTTP","Intel Xeon Gold 6400/5400 (Sapphire-Rapids-SP) Series","ESXi 9.0","-","-",""
"Supermicro Computer
Inc","SYS-2029BT-HNTR","Intel Xeon Platinum 8200 (Cascade-Lake-SP) Series","ESXi 9.0","-","-",""
"Supermicro Computer
Inc","SYS-6029BT-DNC0R","Intel Xeon Gold 6200/5200 (Cascade-Lake-SP/Refresh) Series","ESXi 9.0","-","-",""
"Supermicro Computer
Inc","PIO-1019P-FDN2T-7W-DN008","Intel Xeon Gold 6200/5200 (Cascade-Lake-SP/Refresh) Series","ESXi 9.0","-","-",""
"Supermicro Computer
Inc","SBI-621E-1C3N","Intel Xeon Platinum 8400 (Sapphire-Rapids-SP) Series","ESXi 9.0","-","-",""
"Supermicro Computer
Inc","SBI-611E-1T2N","Intel Xeon Platinum 8400 (Sapphire-Rapids-SP) Series","ESXi 9.0","-","-",""
"Supermicro Computer
Inc","SBI-611E-1T2N","Intel Xeon Gold 6400/5400 (Sapphire-Rapids-SP) Series","ESXi 9.0","-","-",""
"Supermicro Computer
Inc","SYS-221H-TN24R","Intel Xeon Silver 4400
 Bronze 3400 (Sapphire-Rapids-SP) Series","ESXi 9.0","-","-",""
"Supermicro Computer
Inc","SYS-620U-TNR","Intel Xeon Gold 6300/5300 (Ice-Lake-SP) Series ","ESXi 9.0","-","-",""
"Supermicro Computer
Inc","SYS-220BT-HNC8R","Intel Xeon Gold 6300/5300 (Ice-Lake-SP) Series ","ESXi 9.0","-","-",""
"Supermicro Computer
Inc","SYS-511E-WR","Intel Xeon Silver 4400
 Bronze 3400 (Sapphire-Rapids-SP) Series","ESXi 9.0","-","-",""
"Supermicro Computer
Inc","SYS-120U-TNR","Intel Xeon Gold 6300/5300 (Ice-Lake-SP) Series ","ESXi 9.0","-","-",""
"Supermicro Computer
Inc","SYS-620BT-HNC8R","Intel Xeon Gold 6300/5300 (Ice-Lake-SP) Series ","ESXi 9.0","-","-",""
"Supermicro Computer
Inc","SBI-621E-1T3N","Intel Xeon Platinum 8400 (Sapphire-Rapids-SP) Series","ESXi 9.0","-","-",""
"Supermicro Computer
Inc","SBI-621E-1T3N","Intel Xeon Gold 6400/5400 (Sapphire-Rapids-SP) Series","ESXi 9.0","-","-",""
"Supermicro Computer
Inc","SYS-621P-TRT","Intel Xeon Platinum 8400 (Sapphire-Rapids-SP) Series","ESXi 9.0","-","-",""
"Supermicro Computer
Inc","AS-2115HS-TNR","AMD EPYC 9004 Series","ESXi 9.0","-","-",""
"Supermicro Computer
Inc","SSG-110P-NTR10","Intel Xeon Silver 4300 (Ice-Lake-SP) Series","ESXi 9.0","-","-",""
"Supermicro Computer
Inc","SSG-110P-NTR10","Intel Xeon Gold 6300/5300 (Ice-Lake-SP) Series ","ESXi 9.0","-","-",""
"Supermicro Computer
Inc","SYS-221BT-DNC8R","Intel Xeon Silver 4400
 Bronze 3400 (Sapphire-Rapids-SP) Series","ESXi 9.0","-","-",""
"Supermicro Computer
Inc","SYS-6029BT-HNC0R","Intel Xeon Silver 4200
 Bronze 3200 (Cascade-Lake-SP/Refresh) Series","ESXi 9.0","-","-",""
"Supermicro Computer
Inc","SYS-221BT-DNC8R","Intel Xeon Gold 6400/5400 (Sapphire-Rapids-SP) Series","ESXi 9.0","-","-",""
"Supermicro Computer
Inc","SYS-1029U-TN12RV","Intel Xeon Gold 6200/5200 (Cascade-Lake-SP/Refresh) Series","ESXi 9.0","-","-",""
"Supermicro Computer
Inc","SYS-220U-TNR","Intel Xeon Gold 6300/5300 (Ice-Lake-SP) Series ","ESXi 9.0","-","-",""
"Supermicro Computer
Inc","SYS-1029U-TN12RV","Intel Xeon Platinum 8200 (Cascade-Lake-SP) Series","ESXi 9.0","-","-",""
"Supermicro Computer
Inc","SYS-421GU-TNXR","Intel Xeon Platinum 8400 (Sapphire-Rapids-SP) Series","ESXi 9.0","-","-",""
"Supermicro Computer
Inc","SYS-220U-TNR","Intel Xeon Silver 4300 (Ice-Lake-SP) Series","ESXi 9.0","-","-",""
"Supermicro Computer
Inc","SYS-1029U-TR4","Intel Xeon Gold 6200/5200 (Cascade-Lake-SP/Refresh) Series","ESXi 9.0","-","-",""
"Supermicro Computer
Inc","SYS-2029U-E1CR4T","Intel Xeon Platinum 8200 (Cascade-Lake-SP) Series","ESXi 9.0","-","-",""
"Supermicro Computer
Inc","SBI-411E-1G","Intel Xeon Platinum 8400 (Sapphire-Rapids-SP) Series","ESXi 9.0","-","-",""
"Supermicro Computer
Inc","SYS-110P-WTR","Intel Xeon Platinum 8300 (Ice-Lake-SP) Series","ESXi 9.0","-","-",""
"Supermicro Computer
Inc","SYS-2029U-TR4","Intel Xeon Platinum 8200 (Cascade-Lake-SP) Series","ESXi 9.0","-","-",""
"Supermicro Computer
Inc","AS-2115GT-HNTF","AMD EPYC 9004 Series","ESXi 9.0","-","-",""
"Supermicro Computer
Inc","SYS-6019U-TR4","Intel Xeon Platinum 8200 (Cascade-Lake-SP) Series","ESXi 9.0","-","-",""
"Supermicro Computer
Inc","SYS-421GE-TNRT","Intel Xeon Platinum 8400 (Sapphire-Rapids-SP) Series","ESXi 9.0","-","-",""
"Supermicro Computer
Inc","SYS-621P-TR","Intel Xeon Platinum 8400 (Sapphire-Rapids-SP) Series","ESXi 9.0","-","-",""
"Supermicro Computer
Inc","SYS-620U-TNR","Intel Xeon Silver 4300 (Ice-Lake-SP) Series","ESXi 9.0","-","-",""
"Supermicro Computer
Inc","PIO-1029U-TN12R+-TS29T","Intel Xeon Gold 6200/5200 (Cascade-Lake-SP/Refresh) Series","ESXi 9.0","-","-",""
"Supermicro Computer
Inc","SYS-1029U-E1CR4T","Intel Xeon Platinum 8200 (Cascade-Lake-SP) Series","ESXi 9.0","-","-",""
"Supermicro Computer
Inc","SYS-6019U-TR4","Intel Xeon Gold 6200/5200 (Cascade-Lake-SP/Refresh) Series","ESXi 9.0","-","-",""
"Supermicro Computer
Inc","SYS-120U-TNR","Intel Xeon Silver 4300 (Ice-Lake-SP) Series","ESXi 9.0","-","-",""
"Supermicro Computer
Inc","SYS-6029U-E1CR4T","Intel Xeon Gold 6200/5200 (Cascade-Lake-SP/Refresh) Series","ESXi 9.0","-","-",""
"Supermicro Computer
Inc","SYS-620BT-HNC8R","Intel Xeon Silver 4300 (Ice-Lake-SP) Series","ESXi 9.0","-","-",""
"Supermicro Computer
Inc","SYS-211SE-31A","Intel Xeon Platinum 8400 (Sapphire-Rapids-SP) Series","ESXi 9.0","-","-",""
"Supermicro Computer
Inc","SYS-211SE-31AS","Intel Xeon Platinum 8400 (Sapphire-Rapids-SP) Series","ESXi 9.0","-","-",""
"Supermicro Computer
Inc","SYS-220BT-HNC8R","Intel Xeon Silver 4300 (Ice-Lake-SP) Series","ESXi 9.0","-","-",""
"Supermicro Computer
Inc","SYS-1029U-TR4","Intel Xeon Silver 4200
 Bronze 3200 (Cascade-Lake-SP/Refresh) Series","ESXi 9.0","-","-",""
"Supermicro Computer
Inc","SBI-411E-1G","Intel Xeon Gold 6400/5400 (Sapphire-Rapids-SP) Series","ESXi 9.0","-","-",""
"Supermicro Computer
Inc","SYS-421GE-TNRT","Intel Xeon Gold 6400/5400 (Sapphire-Rapids-SP) Series","ESXi 9.0","-","-",""
"Supermicro Computer
Inc","SYS-1029P-WTR","Intel Xeon Platinum 8200 (Cascade-Lake-SP) Series","ESXi 9.0","-","-",""
"Supermicro Computer
Inc","AS-4124GS-TNR(+)","AMD EPYC 7003/7003X Series","ESXi 9.0","-","-",""
"Supermicro Computer
Inc","SYS-620BT-DNC8R","Intel Xeon Silver 4300 (Ice-Lake-SP) Series","ESXi 9.0","-","-",""
"Supermicro Computer
Inc","SYS-620BT-DNC8R","Intel Xeon Gold 6300/5300 (Ice-Lake-SP) Series ","ESXi 9.0","-","-",""
"Supermicro Computer
Inc","SYS-620BT-DNC8R","Intel Xeon Platinum 8300 (Ice-Lake-SP) Series","ESXi 9.0","-","-",""
"Supermicro Computer
Inc","SYS-510P-WTR","Intel Xeon Platinum 8300 (Ice-Lake-SP) Series","ESXi 9.0","-","-",""
"Supermicro Computer
Inc","SYS-221BT-HNR","Intel Xeon Gold 6400/5400 (Sapphire-Rapids-SP) Series","ESXi 9.0","-","-",""
"Supermicro Computer
Inc","SYS-220BT-DNTR","Intel Xeon Platinum 8300 (Ice-Lake-SP) Series","ESXi 9.0","-","-",""
"Supermicro Computer
Inc","AS-2024US-TRT","AMD EPYC 7003/7003X Series","ESXi 9.0","-","-",""
"Supermicro Computer
Inc","AS-1015SV-WTNRT","AMD EPYC 8004 Series","ESXi 9.0","-","-",""
"Supermicro Computer
Inc","SYS-110P-WTR","Intel Xeon Gold 6300/5300 (Ice-Lake-SP) Series ","ESXi 9.0","-","-",""
"Supermicro Computer
Inc","AS-2015SV-WTNRT","AMD EPYC 8004 Series","ESXi 9.0","-","-",""
"Supermicro Computer
Inc","SYS-110P-WTR","Intel Xeon Silver 4300 (Ice-Lake-SP) Series","ESXi 9.0","-","-",""
"Supermicro Computer
Inc","SBI-420P-1C2N","Intel Xeon Platinum 8300 (Ice-Lake-SP) Series","ESXi 9.0","-","-",""
"Supermicro Computer
Inc","SYS-1019P-WTR","Intel Xeon Platinum 8200 (Cascade-Lake-SP) Series","ESXi 9.0","-","-",""
"Supermicro Computer
Inc","SYS-610C-TR","Intel Xeon Platinum 8300 (Ice-Lake-SP) Series","ESXi 9.0","-","-",""
"Supermicro Computer
Inc","SYS-510P-WTR","Intel Xeon Gold 6300/5300 (Ice-Lake-SP) Series ","ESXi 9.0","-","-",""
"Supermicro Computer
Inc","AS-4023S-TRT","AMD EPYC 7002/7Fx2/7Hx2 Series","ESXi 9.0","-","-",""
"Supermicro Computer
Inc","SYS-510P-WTR","Intel Xeon Silver 4300 (Ice-Lake-SP) Series","ESXi 9.0","-","-",""
"Supermicro Computer
Inc","SYS-1029GP-TR","Intel Xeon Gold 6200/5200 (Cascade-Lake-SP/Refresh) Series","ESXi 9.0","-","-",""
"Supermicro Computer
Inc","SYS-1029GP-TR","Intel Xeon Silver 4200
 Bronze 3200 (Cascade-Lake-SP/Refresh) Series","ESXi 9.0","-","-",""
"Supermicro Computer
Inc","SYS-220BT-HNTR","Intel Xeon Silver 4300 (Ice-Lake-SP) Series","ESXi 9.0","-","-",""
"Supermicro Computer
Inc","SYS-220BT-HNTR","Intel Xeon Gold 6300/5300 (Ice-Lake-SP) Series ","ESXi 9.0","-","-",""
"Supermicro Computer
Inc","SYS-610U-TNR","Intel Xeon Platinum 8300 (Ice-Lake-SP) Series","ESXi 9.0","-","-",""
"Supermicro Computer
Inc","SYS-610C-TR","Intel Xeon Gold 6300/5300 (Ice-Lake-SP) Series ","ESXi 9.0","-","-",""
"Supermicro Computer
Inc","SYS-610C-TR","Intel Xeon Silver 4300 (Ice-Lake-SP) Series","ESXi 9.0","-","-",""
"Supermicro Computer
Inc","PIO-2049U-TR4-02-ST031","Intel Xeon Platinum 8200 (Cascade-Lake-SP) Series","ESXi 9.0","-","-",""
"Supermicro Computer
Inc","SYS-620C-TN12R","Intel Xeon Platinum 8300 (Ice-Lake-SP) Series","ESXi 9.0","-","-",""
"Supermicro Computer
Inc","SYS-610U-TNR","Intel Xeon Gold 6300/5300 (Ice-Lake-SP) Series ","ESXi 9.0","-","-",""
"Supermicro Computer
Inc","SYS-610U-TNR","Intel Xeon Silver 4300 (Ice-Lake-SP) Series","ESXi 9.0","-","-",""
"Supermicro Computer
Inc","SYS-620C-TN12R","Intel Xeon Gold 6300/5300 (Ice-Lake-SP) Series ","ESXi 9.0","-","-",""
"Supermicro Computer
Inc","SYS-2049U-TR4","Intel Xeon Gold 6200/5200 (Cascade-Lake-SP/Refresh) Series","ESXi 9.0","-","-",""
"Supermicro Computer
Inc","SYS-620C-TN12R","Intel Xeon Silver 4300 (Ice-Lake-SP) Series","ESXi 9.0","-","-",""
"Supermicro Computer
Inc","PIO-2049U-TR4-02-ST031","Intel Xeon Gold 6200/5200 (Cascade-Lake-SP/Refresh) Series","ESXi 9.0","-","-",""
"Supermicro Computer
Inc","SYS-421GU-TNXR","Intel Xeon Gold 6400/5400 (Sapphire-Rapids-SP) Series","ESXi 9.0","-","-",""
"Supermicro Computer
Inc"," AS-1115SV-WTNRT","AMD EPYC 8004 Series","ESXi 9.0","-","-",""
"Supermicro Computer
Inc","SYS-521GE-TNRT","Intel Xeon Platinum 8400 (Sapphire-Rapids-SP) Series","ESXi 9.0","-","-",""
"Supermicro Computer
Inc","SYS-521GE-TNRT","Intel Xeon Gold 6400/5400 (Sapphire-Rapids-SP) Series","ESXi 9.0","-","-",""
"Supermicro Computer
Inc","AS-1014S-WTRT","AMD EPYC 7002/7Fx2/7Hx2 Series","ESXi 9.0","-","-",""
"Supermicro Computer
Inc","SYS-2029BT-HNR","Intel Xeon Gold 6200/5200 (Cascade-Lake-SP/Refresh) Series","ESXi 9.0","-","-",""
"Supermicro Computer
Inc","SYS-1029U-TRT","Intel Xeon Gold 6200/5200 (Cascade-Lake-SP/Refresh) Series","ESXi 9.0","-","-",""
"Supermicro Computer
Inc","SYS-510P-WT","Intel Xeon Platinum 8300 (Ice-Lake-SP) Series","ESXi 9.0","-","-",""
"Supermicro Computer
Inc","SYS-510P-WT","Intel Xeon Silver 4300 (Ice-Lake-SP) Series","ESXi 9.0","-","-",""
"Supermicro Computer
Inc","SYS-510P-WT","Intel Xeon Gold 6300/5300 (Ice-Lake-SP) Series ","ESXi 9.0","-","-",""
"Supermicro Computer
Inc","SYS-681E-TR (8S SPR)","Intel Xeon Platinum 8400 (Sapphire-Rapids-SP) Series","ESXi 9.0","-","-",""
"Supermicro Computer
Inc","SYS-2029BT-HNR","Intel Xeon Platinum 8200 (Cascade-Lake-SP) Series","ESXi 9.0","-","-",""
"Supermicro Computer
Inc","SYS-6029P-TRT","Intel Xeon Platinum 8200 (Cascade-Lake-SP) Series","ESXi 9.0","-","-",""
"Supermicro Computer
Inc","SYS-221H-TN24R","Intel Xeon Platinum 8500 (Emerald Rapids-SP) Series","ESXi 9.0","-","-",""
"Supermicro Computer
Inc","SYS-221BT-HNC8R","Intel Xeon Platinum 8500 (Emerald Rapids-SP) Series","ESXi 9.0","-","-",""
"Supermicro Computer
Inc","SYS-120C-TR","Intel Xeon Platinum 8300 (Ice-Lake-SP) Series","ESXi 9.0","-","-",""
"Supermicro Computer
Inc","SYS-111C-NR","Intel Xeon Platinum 8500 (Emerald Rapids-SP) Series","ESXi 9.0","-","-",""
"Supermicro Computer
Inc","SYS-120H-TNR","Intel Xeon Platinum 8300 (Ice-Lake-SP) Series","ESXi 9.0","-","-",""
"Supermicro Computer
Inc","AS-1113S-WN10RT","AMD EPYC 7002/7Fx2/7Hx2 Series","ESXi 9.0","-","-",""
"Supermicro Computer
Inc","SYS-1029TP-DTR","Intel Xeon Platinum 8200 (Cascade-Lake-SP) Series","ESXi 9.0","-","-",""
"Supermicro Computer
Inc","SYS-221BT-DNTR","Intel Xeon Platinum 8500 (Emerald Rapids-SP) Series","ESXi 9.0","-","-",""
"Supermicro Computer
Inc","AS-2024S-TR","AMD EPYC 7003/7003X Series","ESXi 9.0","-","-",""
"Supermicro Computer
Inc","SYS-6019U-TN4R4T","Intel Xeon Gold 6200/5200 (Cascade-Lake-SP/Refresh) Series","ESXi 9.0","-","-",""
"Supermicro Computer
Inc","ASG-2115S-NE332R","AMD EPYC 9004 Series","ESXi 9.0","-","-",""
"Supermicro Computer
Inc","SYS-220BT-DNTR","Intel Xeon Gold 6300/5300 (Ice-Lake-SP) Series ","ESXi 9.0","-","-",""
"Supermicro Computer
Inc","SYS-221H-TN24R","Intel Xeon Gold 6500/5500 (Emerald Rapids-SP) Series","ESXi 9.0","-","-",""
"Supermicro Computer
Inc","SYS-1029TP-DTR","Intel Xeon Gold 6200/5200 (Cascade-Lake-SP/Refresh) Series","ESXi 9.0","-","-",""
"Supermicro Computer
Inc","SYS-221BT-HNC9R","Intel Xeon Platinum 8500 (Emerald Rapids-SP) Series","ESXi 9.0","-","-",""
"Supermicro Computer
Inc","SYS-1029TP-DTR","Intel Xeon Silver 4200
 Bronze 3200 (Cascade-Lake-SP/Refresh) Series","ESXi 9.0","-","-",""
"Supermicro Computer
Inc","SSG-110P-NTR10","Intel Xeon Platinum 8300 (Ice-Lake-SP) Series","ESXi 9.0","-","-",""
"Supermicro Computer
Inc","SBI-421E-5T3N","Intel Xeon Platinum 8500 (Emerald Rapids-SP) Series","ESXi 9.0","-","-",""
"Supermicro Computer
Inc","SYS-221BT-HNC8R","Intel Xeon Gold 6500/5500 (Emerald Rapids-SP) Series","ESXi 9.0","-","-",""
"Supermicro Computer
Inc","SYS-221BT-DNTR","Intel Xeon Gold 6500/5500 (Emerald Rapids-SP) Series","ESXi 9.0","-","-",""
"Supermicro Computer
Inc","SYS-221H-TNR","Intel Xeon Platinum 8500 (Emerald Rapids-SP) Series","ESXi 9.0","-","-",""
"Supermicro Computer
Inc","SYS-111C-NR","Intel Xeon Gold 6500/5500 (Emerald Rapids-SP) Series","ESXi 9.0","-","-",""
"Supermicro Computer
Inc","SYS-220GP-TNR","Intel Xeon Platinum 8300 (Ice-Lake-SP) Series","ESXi 9.0","-","-",""
"Supermicro Computer
Inc","SYS-221H-TNR","Intel Xeon Gold 6500/5500 (Emerald Rapids-SP) Series","ESXi 9.0","NVIDIA","L40S",""
"Supermicro Computer
Inc","SYS-121H-TNR","Intel Xeon Platinum 8500 (Emerald Rapids-SP) Series","ESXi 9.0","-","-",""
"Supermicro Computer
Inc","SBI-421E-1T3N","Intel Xeon Platinum 8500 (Emerald Rapids-SP) Series","ESXi 9.0","-","-",""
"Supermicro Computer
Inc","AS-1123US-TN10RT","AMD EPYC 7002/7Fx2/7Hx2 Series","ESXi 9.0","-","-",""
"Supermicro Computer
Inc","SYS-2029P-C1RT","Intel Xeon Platinum 8200 (Cascade-Lake-SP) Series","ESXi 9.0","-","-",""
"Supermicro Computer
Inc","SBI-421E-5T3N","Intel Xeon Gold 6500/5500 (Emerald Rapids-SP) Series","ESXi 9.0","-","-",""
"Supermicro Computer
Inc","SYS-511E-WR","Intel Xeon Platinum 8500 (Emerald Rapids-SP) Series","ESXi 9.0","-","-",""
"Supermicro Computer
Inc","SYS-F619P2-RC1","Intel Xeon Platinum 8200 (Cascade-Lake-SP) Series","ESXi 9.0","-","-",""
"Supermicro Computer
Inc","SBI-421E-1T3N","Intel Xeon Gold 6500/5500 (Emerald Rapids-SP) Series","ESXi 9.0","-","-",""
"Supermicro Computer
Inc","SYS-2029GP-TR","Intel Xeon Platinum 8200 (Cascade-Lake-SP) Series","ESXi 9.0","-","-",""
"TAEJIN T&S","TNS-2400","Intel Xeon Gold 6300/5300 (Ice-Lake-SP) Series ","ESXi 9.0","-","-",""
"TAEJIN T&S","TR2270 H4","Intel Xeon Gold 6500/5500 (Emerald Rapids-SP) Series","ESXi 9.0","-","-",""
"TAEJIN T&S","TR2210 H4","Intel Xeon Gold 6500/5500 (Emerald Rapids-SP) Series","ESXi 9.0","-","-",""
"TAEJIN T&S","TNS-2100","Intel Xeon Gold 6300/5300 (Ice-Lake-SP) Series ","ESXi 9.0","-","-",""
"TAEJIN T&S","TR2210 H6","Intel Xeon 6500P/6700P (Granite Rapids-SP) Series","ESXi 9.0","-","-",""
"TAEJIN T&S","TR2210 H4","Intel Xeon Gold 6400/5400 (Sapphire-Rapids-SP) Series","ESXi 9.0","-","-",""
"TAROX AG","Tarox ParX R2XXXi G8 Series","Intel Xeon Silver 4300 (Ice-Lake-SP) Series","ESXi 9.0","-","-",""
"TAROX AG","ParX R208s H12","AMD EPYC 7003/7003X Series","ESXi 9.0","-","-",""
"TAROX AG","ParX R2123a G9-I","Intel Xeon Gold 6400/5400 (Sapphire-Rapids-SP) Series","ESXi 9.0","-","-",""
"TAROX AG","ParX R212s H12","AMD EPYC 7003/7003X Series","ESXi 9.0","-","-",""
"TAROX AG","ParX R216s H12","AMD EPYC 7003/7003X Series","ESXi 9.0","-","-",""
"TAROX AG","ParX R2123a G9-I","Intel Xeon Silver 4400
 Bronze 3400 (Sapphire-Rapids-SP) Series","ESXi 9.0","-","-",""
"Teracom Telematica S.A.","DM-SV04","AMD EPYC 7002/7Fx2/7Hx2 Series","ESXi 9.0","-","-",""
"Teracom Telematica S.A.","DM-SV01","AMD EPYC 7002/7Fx2/7Hx2 Series","ESXi 9.0","-","-",""
"Thomas-Krenn.AG","2HE Intel Dual-CPU RI2224-SMXS Server [Ver.1.0] [10Gbit]","Intel Xeon Platinum 8300 (Ice-Lake-SP) Series","ESXi 9.0","-","-",""
"Thomas-Krenn.AG","2HE Intel Dual-CPU RI2208-G4S Server [Ver.1.0]","Intel Xeon Platinum 8200 (Cascade-Lake-SP) Series","ESXi 9.0","-","-",""
"Thomas-Krenn.AG","2HE Intel Dual-CPU RI2224-SMXS Server [Ver.1.0] [10Gbit]","Intel Xeon Gold 6300/5300 (Ice-Lake-SP) Series ","ESXi 9.0","-","-",""
"Thomas-Krenn.AG","2HE AMD Dual-CPU RA2208-E Server [Ver.1.0]","AMD EPYC 7002/7Fx2/7Hx2 Series","ESXi 9.0","-","-",""
"Thomas-Krenn.AG","Server-Tower Intel Dual-CPU TI208 [Ver.1.0] [1 Gbit]","Intel Xeon Gold 6200/5200 (Cascade-Lake-SP/Refresh) Series","ESXi 9.0","-","-",""
"Thomas-Krenn.AG","2HE Intel Dual-CPU RI2224-SMXS Server [Ver.1.0] [10Gbit]","Intel Xeon Silver 4300 (Ice-Lake-SP) Series","ESXi 9.0","-","-",""
"Thomas-Krenn.AG","4HE Intel Dual-CPU RI2436 Server Scalable [Ver.3.0] [1 Gbit]","Intel Xeon Gold 6200/5200 (Cascade-Lake-SP/Refresh) Series","ESXi 9.0","-","-",""
"Thomas-Krenn.AG","4HE Intel Dual-CPU RI2424 Server Scalable [Ver.3.0] [1 Gbit]","Intel Xeon Gold 6200/5200 (Cascade-Lake-SP/Refresh) Series","ESXi 9.0","-","-",""
"Thomas-Krenn.AG","3HE Intel Dual-CPU RI2316 Server Scalable [Ver.3.0] [1 Gbit]","Intel Xeon Gold 6200/5200 (Cascade-Lake-SP/Refresh) Series","ESXi 9.0","-","-",""
"Thomas-Krenn.AG","2HE Intel Dual-CPU RI2224 Server Scalable [Ver.3.0] [1 Gbit]","Intel Xeon Gold 6200/5200 (Cascade-Lake-SP/Refresh) Series","ESXi 9.0","-","-",""
"Thomas-Krenn.AG","2HE Intel Dual-CPU RI2212 Server Scalable [Ver.3.0] [1 Gbit]","Intel Xeon Gold 6200/5200 (Cascade-Lake-SP/Refresh) Series","ESXi 9.0","-","-",""
"Thomas-Krenn.AG"," 2HE Intel Dual-CPU RI2212-E Server Scalable [Ver.2.0] [1 Gbit]","Intel Xeon Gold 6200/5200 (Cascade-Lake-SP/Refresh) Series","ESXi 9.0","-","-",""
"Thomas-Krenn.AG","1HE Intel Dual-CPU RI2104 Server Scalable [Ver.3.0] [1 Gbit]","Intel Xeon Gold 6200/5200 (Cascade-Lake-SP/Refresh) Series","ESXi 9.0","-","-",""
"Thomas-Krenn.AG","2HE Intel Single-CPU RI1208-SMXS Server [Ver.1.0] [10Gbit]","Intel Xeon Gold 6300/5300 (Ice-Lake-SP) Series ","ESXi 9.0","-","-",""
"Thomas-Krenn.AG","2HE Intel Dual-CPU RI2208-SMXS Server [Ver.2.0] [10Gbit]","Intel Xeon Silver 4400
 Bronze 3400 (Sapphire-Rapids-SP) Series","ESXi 9.0","-","-",""
"Thomas-Krenn.AG","2HE Intel Single-CPU RI1208-SMXS Server [Ver.1.0] [10Gbit]","Intel Xeon Silver 4300 (Ice-Lake-SP) Series","ESXi 9.0","-","-",""
"Thomas-Krenn.AG","2HE AMD Dual-CPU RA2212-AIEPN Server [Ver.1.0] [10Gbit]","AMD EPYC 7003/7003X Series","ESXi 9.0","-","-",""
"Thomas-Krenn.AG","2HE AMD Single-CPU RA1208-AIEPN Server [Ver.2.1]","AMD EPYC 9004 Series","ESXi 9.0","-","-",""
"Thomas-Krenn.AG","2HE Intel Dual-CPU RI2212-AIXSN Server [Ver.1.1] [10Gbit]","Intel Xeon Platinum 8300 (Ice-Lake-SP) Series","ESXi 9.0","-","-",""
"Thomas-Krenn.AG","Server-Tower Intel Dual-CPU TI2508-CHXS [Ver.1.0] [10Gbit]","Intel Xeon Gold 6300/5300 (Ice-Lake-SP) Series ","ESXi 9.0","-","-",""
"Thomas-Krenn.AG","2HE Intel Dual-CPU RI2212-AIXSN Server [Ver.1.1] [10Gbit]","Intel Xeon Gold 6300/5300 (Ice-Lake-SP) Series ","ESXi 9.0","-","-",""
"Thomas-Krenn.AG","2HE Intel Dual-CPU RI2212-AIXSN Server [Ver.1.1] [10Gbit]","Intel Xeon Silver 4300 (Ice-Lake-SP) Series","ESXi 9.0","-","-",""
"Thomas-Krenn.AG","Server-Tower Intel Dual-CPU TI2508-CHXS [Ver.1.0] [10Gbit]","Intel Xeon Silver 4300 (Ice-Lake-SP) Series","ESXi 9.0","-","-",""
"Thomas-Krenn.AG","2HE Intel Dual-CPU RI2208-ASXSGN Server [Ver.1.0] [1Gbit]","Intel Xeon Gold 6300/5300 (Ice-Lake-SP) Series ","ESXi 9.0","-","-",""
"Thomas-Krenn.AG","2HE Intel Single-CPU RI1208-AIXSN Server [Ver.2.1] [10Gbit]","Intel Xeon Gold 6400/5400 (Sapphire-Rapids-SP) Series","ESXi 9.0","-","-",""
"Thomas-Krenn.AG","2HE Intel Dual-CPU RI2208-ASXSGN Server [Ver.1.0] [1Gbit]","Intel Xeon Silver 4300 (Ice-Lake-SP) Series","ESXi 9.0","-","-",""
"Thomas-Krenn.AG","2HE Intel Single-CPU RI1208-AIXSN Server [Ver.2.1] [10Gbit]","Intel Xeon Silver 4400
 Bronze 3400 (Sapphire-Rapids-SP) Series","ESXi 9.0","-","-",""
"Thomas-Krenn.AG","2HE AMD Single-CPU RA1212-AIEPN Server [Ver.2.1]","AMD EPYC 9004 Series","ESXi 9.0","-","-",""
"Thomas-Krenn.AG","2HE Intel Dual-CPU RI2224-SMXS Server [Ver.1.0] [1Gbit]","Intel Xeon Gold 6300/5300 (Ice-Lake-SP) Series ","ESXi 9.0","-","-",""
"Thomas-Krenn.AG","2HE Intel Dual-CPU RI2224-SMXS Server [Ver.1.0] [1Gbit]","Intel Xeon Silver 4300 (Ice-Lake-SP) Series","ESXi 9.0","-","-",""
"Thomas-Krenn.AG","2HE Intel Dual-CPU RI2224-ASXSN Server [Ver.1.0] [10Gbit]","Intel Xeon Gold 6300/5300 (Ice-Lake-SP) Series ","ESXi 9.0","-","-",""
"Thomas-Krenn.AG","2HE Intel Single-CPU RI1212-AIXSN Server [V2.1]","Intel Xeon Gold 6400/5400 (Sapphire-Rapids-SP) Series","ESXi 9.0","-","-",""
"Thomas-Krenn.AG","2HE Intel Dual-CPU RI2224-ASXSN Server [Ver.1.0] [10Gbit]","Intel Xeon Silver 4300 (Ice-Lake-SP) Series","ESXi 9.0","-","-",""
"Thomas-Krenn.AG","2HE Intel Single-CPU RI1212-AIXSN Server [V2.1]","Intel Xeon Silver 4400
 Bronze 3400 (Sapphire-Rapids-SP) Series","ESXi 9.0","-","-",""
"Thomas-Krenn.AG","1HE Intel Single-CPU RI1104-SMXSH Server [Ver.1.0] [10Gbit]","Intel Xeon Gold 6300/5300 (Ice-Lake-SP) Series ","ESXi 9.0","-","-",""
"Thomas-Krenn.AG","Server-Tower AMD Dual-CPU TA208 [Ver.1.0]","AMD EPYC 7002/7Fx2/7Hx2 Series","ESXi 9.0","-","-",""
"Thomas-Krenn.AG","2HE AMD Dual-CPU RA2212-TKEPN Server [V1.0]","AMD EPYC 9004 Series","ESXi 9.0","-","-",""
"Thomas-Krenn.AG","2HE Intel Dual-CPU RI2208-E Server [Ver.1.0] [1Gbit]","Intel Xeon Gold 6200/5200 (Cascade-Lake-SP/Refresh) Series","ESXi 9.0","-","-",""
"Thomas-Krenn.AG","1HE Intel Single-CPU RI1104-SMXSH Server [Ver.1.0] [10Gbit]","Intel Xeon Silver 4300 (Ice-Lake-SP) Series","ESXi 9.0","-","-",""
"Thomas-Krenn.AG","2HE AMD Dual-CPU RA2224Server [Ver.1.1]","AMD EPYC 7002/7Fx2/7Hx2 Series","ESXi 9.0","-","-",""
"Thomas-Krenn.AG","2HE Intel Dual-CPU RI2208-SMXS Server [Ver.1.0] [10Gbit]","Intel Xeon Platinum 8300 (Ice-Lake-SP) Series","ESXi 9.0","-","-",""
"Thomas-Krenn.AG","2HE Intel Single-CPU RI1208-SMXS Server [Ver.1.0] [10Gbit]","Intel Xeon Platinum 8300 (Ice-Lake-SP) Series","ESXi 9.0","-","-",""
"Thomas-Krenn.AG","2HE AMD Single-CPU RA1212-AIEPN Server [Ver.1.0] [10Gbit]","AMD EPYC 7003/7003X Series","ESXi 9.0","-","-",""
"Thomas-Krenn.AG","2HE AMD Single-CPU RA1208-SMEP Server [Ver.1.0] [10Gbit]","AMD EPYC 7003/7003X Series","ESXi 9.0","-","-",""
"Thomas-Krenn.AG","2HE AMD Single-CPU RA1224-GIEPN Server [Ver.1.0] [1Gbit]","AMD EPYC 7003/7003X Series","ESXi 9.0","-","-",""
"Thomas-Krenn.AG","2HE Intel Dual-CPU RI2212-AIXSN Server [Ver.1.0] [10Gbit]","Intel Xeon Platinum 8300 (Ice-Lake-SP) Series","ESXi 9.0","-","-",""
"Thomas-Krenn.AG","1HE Intel Dual-CPU RI2112-ASXSN Server [Ver.1.0] [10Gbit]	","Intel Xeon Platinum 8300 (Ice-Lake-SP) Series","ESXi 9.0","-","-",""
"Thomas-Krenn.AG","2HE AMD Single-CPU RA1212-AIEPN+ (ESXi) [V 1.0]","AMD EPYC 9005 Series","ESXi 9.0","-","-",""
"Thomas-Krenn.AG","1HE Intel Dual-CPU RI2112-ASXSN Server [Ver.1.0] [10Gbit]	","Intel Xeon Gold 6300/5300 (Ice-Lake-SP) Series ","ESXi 9.0","-","-",""
"Thomas-Krenn.AG","1HE Intel Dual-CPU RI2112-ASXSN Server [Ver.1.0] [10Gbit]	","Intel Xeon Silver 4300 (Ice-Lake-SP) Series","ESXi 9.0","-","-",""
"Thomas-Krenn.AG","4HE Intel Dual-CPU RI2424 Server Scalable [Ver.3.1] [1Gbit]","Intel Xeon Gold 6200/5200 (Cascade-Lake-SP/Refresh) Series","ESXi 9.0","-","-",""
"Thomas-Krenn.AG","Server-Tower AMD Single-CPU TA1508-CHEP [Ver.1.0] [10Gbit]","AMD EPYC 7003/7003X Series","ESXi 9.0","-","-",""
"Thomas-Krenn.AG","Server-Tower Intel Dual-CPU TI2508-CHXS [Ver.1.0] [10Gbit]","Intel Xeon Platinum 8300 (Ice-Lake-SP) Series","ESXi 9.0","-","-",""
"Thomas-Krenn.AG","2HE AMD Single-CPU RA1208-AIEPN Server [Ver.2.0] [10Gbit]","AMD EPYC 9004 Series","ESXi 9.0","-","-",""
"Thomas-Krenn.AG","4HE Intel Dual-CPU RI2436-SMXS Server [Ver.1.0] [10Gbit]","Intel Xeon Platinum 8300 (Ice-Lake-SP) Series","ESXi 9.0","-","-",""
"Thomas-Krenn.AG","4HE Intel Dual-CPU RI2436-SMXS Server [Ver.1.0] [10Gbit]","Intel Xeon Gold 6300/5300 (Ice-Lake-SP) Series ","ESXi 9.0","-","-",""
"Thomas-Krenn.AG","2HE Intel Dual-CPU RI2212-E Server Scalable [Ver.2.1] [1Gbit]","Intel Xeon Gold 6200/5200 (Cascade-Lake-SP/Refresh) Series","ESXi 9.0","-","-",""
"Thomas-Krenn.AG","4HE Intel Dual-CPU RI2436 Server Scalable [Ver.3.1] [1 Gbit]","Intel Xeon Gold 6200/5200 (Cascade-Lake-SP/Refresh) Series","ESXi 9.0","-","-",""
"Thomas-Krenn.AG","2HE Intel Dual-CPU RI2208-E Server [Ver.1.1] [1Gbit]","Intel Xeon Gold 6200/5200 (Cascade-Lake-SP/Refresh) Series","ESXi 9.0","-","-",""
"Thomas-Krenn.AG","2HE Intel Dual-CPU RI2224-ASXSN Server [Ver.1.0] [10Gbit]","Intel Xeon Platinum 8300 (Ice-Lake-SP) Series","ESXi 9.0","-","-",""
"Thomas-Krenn.AG","2HE Intel Single-CPU RI1208-AIXSN Server [Ver.2.0] [10Gbit]","Intel Xeon Platinum 8400 (Sapphire-Rapids-SP) Series","ESXi 9.0","-","-",""
"Thomas-Krenn.AG","RI2208 Cascade Lake","Intel Xeon Gold 6200/5200 (Cascade-Lake-SP/Refresh) Series","ESXi 9.0","-","-",""
"Thomas-Krenn.AG","2HE AMD Dual-CPU RA2208-GIEPGN Server [Ver.1.0] [10Gbit]","AMD EPYC 7003/7003X Series","ESXi 9.0","-","-",""
"Thomas-Krenn.AG","2HE AMD Dual-CPU RA2208-E Server [Ver.1.1][10Gbit]","AMD EPYC 7002/7Fx2/7Hx2 Series","ESXi 9.0","-","-",""
"Thomas-Krenn.AG","2HE Intel Dual-CPU RI2208-SMXS Server [Ver.1.0] [1Gbit]","Intel Xeon Gold 6300/5300 (Ice-Lake-SP) Series ","ESXi 9.0","-","-",""
"Thomas-Krenn.AG","2HE AMD Dual-CPU RA2208 Server","AMD EPYC 7002/7Fx2/7Hx2 Series","ESXi 9.0","-","-",""
"Thomas-Krenn.AG","2HE AMD Dual-CPU RA2212-E Server","AMD EPYC 7002/7Fx2/7Hx2 Series","ESXi 9.0","-","-",""
"Thomas-Krenn.AG","2HE AMD Dual-CPU RA2212 Server","AMD EPYC 7002/7Fx2/7Hx2 Series","ESXi 9.0","-","-",""
"Thomas-Krenn.AG","2HE AMD Single-CPU RA1212-AIEPN Server [Ver.2.0] [10Gbit]","AMD EPYC 9004 Series","ESXi 9.0","-","-",""
"Thomas-Krenn.AG","2HE Intel Dual-CPU RI2208-SMXS Server [Ver.1.0] [1Gbit]","Intel Xeon Silver 4300 (Ice-Lake-SP) Series","ESXi 9.0","-","-",""
"Thomas-Krenn.AG","2HE Intel Single-CPU RI1208-AIXSN Server [Ver.2.0] [10Gbit]","Intel Xeon Gold 6400/5400 (Sapphire-Rapids-SP) Series","ESXi 9.0","-","-",""
"Thomas-Krenn.AG","2HE Intel Dual-CPU RI2212-AIXSN Server [Ver.1.0] [1Gbit]","Intel Xeon Gold 6300/5300 (Ice-Lake-SP) Series ","ESXi 9.0","-","-",""
"Thomas-Krenn.AG","2HE Intel Dual-CPU RI2212-AIXSN Server [Ver.1.0] [1Gbit]","Intel Xeon Silver 4300 (Ice-Lake-SP) Series","ESXi 9.0","-","-",""
"Thomas-Krenn.AG","2HE Intel Single-CPU RI1208-AIXSN Server [Ver.2.0] [10Gbit]","Intel Xeon Silver 4400
 Bronze 3400 (Sapphire-Rapids-SP) Series","ESXi 9.0","-","-",""
"Thomas-Krenn.AG","2HE Intel Dual-CPU RI2212-AIXSN Server [Ver.1.0] [10Gbit]","Intel Xeon Gold 6300/5300 (Ice-Lake-SP) Series ","ESXi 9.0","-","-",""
"Thomas-Krenn.AG","2HE Intel Dual-CPU RI2208-SMXS Server [Ver.2.0] [10Gbit]","Intel Xeon Gold 6400/5400 (Sapphire-Rapids-SP) Series","ESXi 9.0","-","-",""
"Thomas-Krenn.AG","2HE Intel Dual-CPU RI2212-AIXSN Server [Ver.1.0] [10Gbit]","Intel Xeon Silver 4300 (Ice-Lake-SP) Series","ESXi 9.0","-","-",""
"Thomas-Krenn.AG","2HE Intel Dual-CPU RI2208-SMXS Server [Ver.1.0] [10Gbit]","Intel Xeon Gold 6300/5300 (Ice-Lake-SP) Series ","ESXi 9.0","-","-",""
"Thomas-Krenn.AG","RI1208v","Intel Xeon Gold 6200/5200 (Cascade-Lake-SP/Refresh) Series","ESXi 9.0","-","-",""
"Thomas-Krenn.AG","1HE Intel Single-CPU RI1104-SMXSH Server [Ver.2.0] [10Gbit]","Intel Xeon Gold 6400/5400 (Sapphire-Rapids-SP) Series","ESXi 9.0","-","-",""
"Thomas-Krenn.AG","2HE Intel Dual-CPU RI2208 Scalable [Ver.3.0] [1 Gbit]","Intel Xeon Gold 6200/5200 (Cascade-Lake-SP/Refresh) Series","ESXi 9.0","-","-",""
"Thomas-Krenn.AG","1HE Intel Single-CPU RI1104Hv Server","Intel Xeon Gold 6200/5200 (Cascade-Lake-SP/Refresh) Series","ESXi 9.0","-","-",""
"Thomas-Krenn.AG","1HE Intel Single-CPU RI1104-SMXSH Server [Ver.2.0] [10Gbit]","Intel Xeon Silver 4400
 Bronze 3400 (Sapphire-Rapids-SP) Series","ESXi 9.0","-","-",""
"Thomas-Krenn.AG","2HE Intel Dual-CPU RI2208-SMXS Server [Ver.1.0] [10Gbit]","Intel Xeon Silver 4300 (Ice-Lake-SP) Series","ESXi 9.0","-","-",""
"TKMS ATLAS ELEKTRONIK GmbH","VS9103G271","Intel Xeon Gold 6300/5300 (Ice-Lake-SP) Series ","ESXi 9.0","-","-",""
"TKMS ATLAS ELEKTRONIK GmbH","VS9103G261","Intel Xeon Gold 6400/5400 (Sapphire-Rapids-SP) Series","ESXi 9.0","-","-",""
"TKMS ATLAS ELEKTRONIK GmbH","VS9830G200","Intel Xeon Gold 6500/5500 (Emerald Rapids-SP) Series","ESXi 9.0","-","-",""
"Tyan Computer","B7132T75E8HR-2T","Intel Xeon Platinum 8500 (Emerald Rapids-SP) Series","ESXi 9.0","-","-",""
"Tyan Computer","B7132T75E8HR-2T","Intel Xeon Gold 6500/5500 (Emerald Rapids-SP) Series","ESXi 9.0","-","-",""
"Tyan Computer","B7132G79AE12HR-2T","Intel Xeon Gold 6400/5400 (Sapphire-Rapids-SP) Series","ESXi 9.0","-","-",""
"Tyan Computer","B5652F65TV6E2H-2T-N","Intel Xeon Gold 6400/5400 (Sapphire-Rapids-SP) Series","ESXi 9.0","-","-",""
"Tyan Computer","B8056G68AE12HR-2T","AMD EPYC 9004 Series","ESXi 9.0","-","-",""
"Tyan Computer","B8056T70AE26HR-2T","AMD EPYC 9004 Series","ESXi 9.0","-","-",""
"Tyan Computer","B8050F65TV8E2H-2T-N","AMD EPYC 9004 Series","ESXi 9.0","-","-",""
"Tyan Computer","B8036G68AE12HR","AMD EPYC 7003/7003X Series","ESXi 9.0","-","-",""
"Tyan Computer","B8251T83E8HR-2T-N","AMD EPYC 7003/7003X Series","ESXi 9.0","-","-",""
"Tyan Computer","S8056GM2NE-2T","AMD EPYC 9004 Series","ESXi 9.0","-","-",""
"UNIWIDE Inc.","RC228P","Intel Xeon Gold 6200/5200 (Cascade-Lake-SP/Refresh) Series","ESXi 9.0","-","-",""
"UNIWIDE Inc.","RE2212","Intel Xeon Gold 6400/5400 (Sapphire-Rapids-SP) Series","ESXi 9.0","-","-",""
"Vantageo Private Limited","VANTAGEO 2240-RE","Intel Xeon Gold 6400/5400 (Sapphire-Rapids-SP) Series","ESXi 9.0","-","-",""
"Vantageo Private Limited","2240-RE","Intel Xeon Platinum 8500 (Emerald Rapids-SP) Series","ESXi 9.0","-","-",""
"Vantageo Private Limited","22G1-RG","AMD EPYC 9004 Series","ESXi 9.0","-","-",""
"Vantageo Private Limited","Vantageo 2230-RT","Intel Xeon Gold 6300/5300 (Cooper-Lake-SP) Series","ESXi 9.0","-","-",""
"Vantageo Private Limited","2240-RG","Intel Xeon Platinum 8500 (Emerald Rapids-SP) Series","ESXi 9.0","-","-",""
"Viking Enterprise Solutions","VSS2249PQ","AMD EPYC 7003/7003X Series","ESXi 9.0","-","-",""
"Vvdn Technologies","HPC Server ORV3 2OU","AMD EPYC 9005 Series","ESXi 9.0","-","-",""
"Wortmann AG","TERRA SERVER 7230 G3","Intel Xeon Platinum 8200 (Cascade-Lake-SP) Series","ESXi 9.0","-","-",""
"Wortmann AG","TERRA SERVER 7230 G3","Intel Xeon Gold 6200/5200 (Cascade-Lake-SP/Refresh) Series","ESXi 9.0","-","-",""
"Wortmann AG","TERRA SERVER 7230 G3","Intel Xeon Silver 4200
 Bronze 3200 (Cascade-Lake-SP/Refresh) Series","ESXi 9.0","-","-",""
"xFusion Digital Technologies Co.
Ltd","1288H V6","Intel Xeon Platinum 8300 (Ice-Lake-SP) Series","ESXi 9.0","-","-",""
"xFusion Digital Technologies Co.
Ltd","1288H V5","Intel Xeon Platinum 8200 (Cascade-Lake-SP) Series","ESXi 9.0","-","-",""
"xFusion Digital Technologies Co.
Ltd","1288H V5","Intel Xeon Silver 4200
 Bronze 3200 (Cascade-Lake-SP/Refresh) Series","ESXi 9.0","-","-",""
"xFusion Digital Technologies Co.
Ltd","1288H V5","Intel Xeon Gold 6200/5200 (Cascade-Lake-SP/Refresh) Series","ESXi 9.0","-","-",""
"xFusion Digital Technologies Co.
Ltd","5288 V5","Intel Xeon Silver 4200
 Bronze 3200 (Cascade-Lake-SP/Refresh) Series","ESXi 9.0","-","-",""
"xFusion Digital Technologies Co.
Ltd","5288 V5","Intel Xeon Gold 6200/5200 (Cascade-Lake-SP/Refresh) Series","ESXi 9.0","-","-",""
"xFusion Digital Technologies Co.
Ltd","5288 V5","Intel Xeon Platinum 8200 (Cascade-Lake-SP) Series","ESXi 9.0","-","-",""
"xFusion Digital Technologies Co.
Ltd","1288H V6","Intel Xeon Silver 4300 (Ice-Lake-SP) Series","ESXi 9.0","-","-",""
"xFusion Digital Technologies Co.
Ltd","5288 V6","Intel Xeon Silver 4300 (Ice-Lake-SP) Series","ESXi 9.0","-","-",""
"xFusion Digital Technologies Co.
Ltd","5288 V6","Intel Xeon Gold 6300/5300 (Ice-Lake-SP) Series ","ESXi 9.0","-","-",""
"xFusion Digital Technologies Co.
Ltd","5288 V6","Intel Xeon Platinum 8300 (Ice-Lake-SP) Series","ESXi 9.0","-","-",""
"xFusion Digital Technologies Co.
Ltd","5885H V5","Intel Xeon Platinum 8200 (Cascade-Lake-SP) Series","ESXi 9.0","-","-",""
"xFusion Digital Technologies Co.
Ltd","5885H V5","Intel Xeon Gold 6200/5200 (Cascade-Lake-SP/Refresh) Series","ESXi 9.0","-","-",""
"xFusion Digital Technologies Co.
Ltd","2488H V6","Intel Xeon Gold 6300/5300 (Cooper-Lake-SP) Series","ESXi 9.0","-","-",""
"xFusion Digital Technologies Co.
Ltd","2288H V7","Intel Xeon Platinum 8500 (Emerald Rapids-SP) Series","ESXi 9.0","-","-",""
"xFusion Digital Technologies Co.
Ltd","G5500 V7","Intel Xeon Platinum 8500 (Emerald Rapids-SP) Series","ESXi 9.0","-","-",""
"xFusion Digital Technologies Co.
Ltd","2288H V7","Intel Xeon Gold 6500/5500 (Emerald Rapids-SP) Series","ESXi 9.0","-","-",""
"xFusion Digital Technologies Co.
Ltd","1288H V7","Intel Xeon Platinum 8500 (Emerald Rapids-SP) Series","ESXi 9.0","-","-",""
"xFusion Digital Technologies Co.
Ltd","1288H V7","Intel Xeon Gold 6500/5500 (Emerald Rapids-SP) Series","ESXi 9.0","-","-",""
"xFusion Digital Technologies Co.
Ltd","1158H V7","AMD EPYC 9004 Series","ESXi 9.0","-","-",""
"xFusion Digital Technologies Co.
Ltd","2288 V7","Intel Xeon Silver 4500
 Bronze 3500 (Emerald Rapids-SP) Series","ESXi 9.0","-","-",""
"xFusion Digital Technologies Co.
Ltd","XH321 V6","Intel Xeon Platinum 8300 (Ice-Lake-SP) Series","ESXi 9.0","-","-",""
"xFusion Digital Technologies Co.
Ltd","5885H V6","Intel Xeon Gold 6300/5300 (Cooper-Lake-SP) Series","ESXi 9.0","-","-",""
"xFusion Digital Technologies Co.
Ltd","5885H V7","Intel Xeon Platinum 8400 (Sapphire-Rapids-SP) Series","ESXi 9.0","-","-",""
"xFusion Digital Technologies Co.
Ltd","1288H V7","Intel Xeon Silver 4500
 Bronze 3500 (Emerald Rapids-SP) Series","ESXi 9.0","-","-",""
"xFusion Digital Technologies Co.
Ltd","2288 V7","Intel Xeon Gold 6400/5400 (Sapphire-Rapids-SP) Series","ESXi 9.0","-","-",""
"xFusion Digital Technologies Co.
Ltd","2288H V7","Intel Xeon Platinum 8400 (Sapphire-Rapids-SP) Series","ESXi 9.0","-","-",""
"xFusion Digital Technologies Co.
Ltd","1288H V7","Intel Xeon Platinum 8400 (Sapphire-Rapids-SP) Series","ESXi 9.0","-","-",""
"xFusion Digital Technologies Co.
Ltd","XH321 V6","Intel Xeon Gold 6300/5300 (Ice-Lake-SP) Series ","ESXi 9.0","-","-",""
"xFusion Digital Technologies Co.
Ltd","2158H V8","AMD EPYC 9005 Series","ESXi 9.0","-","-",""
"xFusion Digital Technologies Co.
Ltd","2288H V7","Intel Xeon Silver 4400
 Bronze 3400 (Sapphire-Rapids-SP) Series","ESXi 9.0","-","-",""
"xFusion Digital Technologies Co.
Ltd","2288H V7","Intel Xeon Gold 6400/5400 (Sapphire-Rapids-SP) Series","ESXi 9.0","-","-",""
"xFusion Digital Technologies Co.
Ltd","5885H V7","Intel Xeon Gold 6400/5400 (Sapphire-Rapids-SP) Series","ESXi 9.0","-","-",""
"xFusion Digital Technologies Co.
Ltd","2288H V7","Intel Xeon Silver 4500
 Bronze 3500 (Emerald Rapids-SP) Series","ESXi 9.0","-","-",""
"xFusion Digital Technologies Co.
Ltd","5298 V7","Intel Xeon Gold 6400/5400 (Sapphire-Rapids-SP) Series","ESXi 9.0","-","-",""
"xFusion Digital Technologies Co.
Ltd","5288 V7","Intel Xeon Silver 4400
 Bronze 3400 (Sapphire-Rapids-SP) Series","ESXi 9.0","-","-",""
"xFusion Digital Technologies Co.
Ltd","5298 V7","Intel Xeon Gold 6500/5500 (Emerald Rapids-SP) Series","ESXi 9.0","-","-",""
"xFusion Digital Technologies Co.
Ltd","2288 V8","Intel Xeon 6500P/6700P (Granite Rapids-SP) Series","ESXi 9.0","-","-",""
"xFusion Digital Technologies Co.
Ltd","1288H V7","Intel Xeon Gold 6400/5400 (Sapphire-Rapids-SP) Series","ESXi 9.0","-","-",""
"xFusion Digital Technologies Co.
Ltd","2258H V8","AMD EPYC 9005 Series","ESXi 9.0","-","-",""
"xFusion Digital Technologies Co.
Ltd","1288H V7","Intel Xeon Silver 4400
 Bronze 3400 (Sapphire-Rapids-SP) Series","ESXi 9.0","-","-",""
"xFusion Digital Technologies Co.
Ltd","1288 V8","Intel Xeon 6500P/6700P (Granite Rapids-SP) Series","ESXi 9.0","-","-",""
"xFusion Digital Technologies Co.
Ltd","2488H V7","Intel Xeon Platinum 8400 (Sapphire-Rapids-SP) Series","ESXi 9.0","-","-",""
"xFusion Digital Technologies Co.
Ltd","5885H V6","Intel Xeon Platinum 8300 (Cooper-Lake-SP) Series","ESXi 9.0","-","-",""
"xFusion Digital Technologies Co.
Ltd","1258H V7","AMD EPYC 9004 Series","ESXi 9.0","-","-",""
"xFusion Digital Technologies Co.
Ltd","G5500 V7","Intel Xeon Platinum 8400 (Sapphire-Rapids-SP) Series","ESXi 9.0","-","-",""
"xFusion Digital Technologies Co.
Ltd","G8600 V7","Intel Xeon Platinum 8400 (Sapphire-Rapids-SP) Series","ESXi 9.0","-","-",""
"xFusion Digital Technologies Co.
Ltd","2258 V7","AMD EPYC 9004 Series","ESXi 9.0","-","-",""
"xFusion Digital Technologies Co.
Ltd","G5500 V6","Intel Xeon Platinum 8300 (Ice-Lake-SP) Series","ESXi 9.0","-","-",""
"xFusion Digital Technologies Co.
Ltd","G5500 V6","Intel Xeon Gold 6300/5300 (Ice-Lake-SP) Series ","ESXi 9.0","-","-",""
"xFusion Digital Technologies Co.
Ltd","G8600 V7","Intel Xeon Gold 6400/5400 (Sapphire-Rapids-SP) Series","ESXi 9.0","-","-",""
"xFusion Digital Technologies Co.
Ltd","G5500 V7","Intel Xeon Gold 6400/5400 (Sapphire-Rapids-SP) Series","ESXi 9.0","-","-",""
"xFusion Digital Technologies Co.
Ltd"," G5200 V7","Intel Xeon Gold 6400/5400 (Sapphire-Rapids-SP) Series","ESXi 9.0","-","-",""
"xFusion Digital Technologies Co.
Ltd","5288 V7","Intel Xeon Gold 6400/5400 (Sapphire-Rapids-SP) Series","ESXi 9.0","-","-",""
"xFusion Digital Technologies Co.
Ltd","2488H V7","Intel Xeon Gold 6400/5400 (Sapphire-Rapids-SP) Series","ESXi 9.0","-","-",""
"xFusion Digital Technologies Co.
Ltd","G5500 V7","Intel Xeon Silver 4400
 Bronze 3400 (Sapphire-Rapids-SP) Series","ESXi 9.0","-","-",""
"xFusion Digital Technologies Co.
Ltd","2288H V6","Intel Xeon Silver 4300 (Ice-Lake-SP) Series","ESXi 9.0","-","-",""
"xFusion Digital Technologies Co.
Ltd","2488H V5","Intel Xeon Platinum 8200 (Cascade-Lake-SP) Series","ESXi 9.0","-","-",""
"xFusion Digital Technologies Co.
Ltd","2488H V6","Intel Xeon Platinum 8300 (Cooper-Lake-SP) Series","ESXi 9.0","-","-",""
"xFusion Digital Technologies Co.
Ltd"," 2288H V5","Intel Xeon Platinum 8200 (Cascade-Lake-SP) Series","ESXi 9.0","-","-",""
"xFusion Digital Technologies Co.
Ltd"," 2288H V5","Intel Xeon Silver 4200
 Bronze 3200 (Cascade-Lake-SP/Refresh) Series","ESXi 9.0","-","-",""
"xFusion Digital Technologies Co.
Ltd","2488H V5","Intel Xeon Gold 6200/5200 (Cascade-Lake-SP/Refresh) Series","ESXi 9.0","-","-",""
"xFusion Digital Technologies Co.
Ltd"," 2288H V5","Intel Xeon Gold 6200/5200 (Cascade-Lake-SP/Refresh) Series","ESXi 9.0","-","-",""
"xFusion Digital Technologies Co.
Ltd","2288H V6","Intel Xeon Gold 6300/5300 (Ice-Lake-SP) Series ","ESXi 9.0","-","-",""
"xFusion Digital Technologies Co.
Ltd","2288H V6","Intel Xeon Platinum 8300 (Ice-Lake-SP) Series","ESXi 9.0","-","-",""
"xFusion Digital Technologies Co.
Ltd","1288H V6","Intel Xeon Gold 6300/5300 (Ice-Lake-SP) Series ","ESXi 9.0","-","-",""
"ZTE Corporation","R5300 G5","Intel Xeon Gold 6500/5500 (Emerald Rapids-SP) Series","ESXi 9.0","-","-",""
"ZTE Corporation","ZXCLOUD R8500 G4","Intel Xeon Gold 6200/5200 (Cascade-Lake-SP/Refresh) Series","ESXi 9.0","-","-",""
"ZTE Corporation","ZXCLOUD R5300 G4","Intel Xeon Gold 6200/5200 (Cascade-Lake-SP/Refresh) Series","ESXi 9.0","-","-",""
"ZTE Corporation","R5300 G5","Intel Xeon Platinum 8500 (Emerald Rapids-SP) Series","ESXi 9.0","-","-",""
"ZTE Corporation","R5300 G5","Intel Xeon Silver 4500
 Bronze 3500 (Emerald Rapids-SP) Series","ESXi 9.0","-","-",""
"ZTE Corporation","R5200 G5","Intel Xeon Silver 4500
 Bronze 3500 (Emerald Rapids-SP) Series","ESXi 9.0","-","-",""
"ZTE Corporation","R5200 G5","Intel Xeon Gold 6500/5500 (Emerald Rapids-SP) Series","ESXi 9.0","-","-",""
"ZTE Corporation","R5200 G5","Intel Xeon Platinum 8500 (Emerald Rapids-SP) Series","ESXi 9.0","-","-",""
"ZTE Corporation","R5500 G5","Intel Xeon Platinum 8500 (Emerald Rapids-SP) Series","ESXi 9.0","-","-",""
"ZTE Corporation","R5500 G5","Intel Xeon Gold 6500/5500 (Emerald Rapids-SP) Series","ESXi 9.0","-","-",""
"ZTE Corporation","R5500 G5","Intel Xeon Silver 4500
 Bronze 3500 (Emerald Rapids-SP) Series","ESXi 9.0","-","-",""
"ZTE Corporation","R6500 G5","Intel Xeon Platinum 8500 (Emerald Rapids-SP) Series","ESXi 9.0","-","-",""
"ZTE Corporation","R2350 G6","AMD EPYC 9005 Series","ESXi 9.0","-","-",""
"ZTE Corporation","R5300 G6","Intel Xeon 6500P/6700P (Granite Rapids-SP) Series","ESXi 9.0","-","-",""
"ZTE Corporation","R5200 G6","Intel Xeon 6500P/6700P (Granite Rapids-SP) Series","ESXi 9.0","-","-",""
"ZTE Corporation","R5500 G6","Intel Xeon 6500P/6700P (Granite Rapids-SP) Series","ESXi 9.0","-","-",""
"ZTE Corporation","R5300 G5","Intel Xeon Platinum 8400 (Sapphire-Rapids-SP) Series","ESXi 9.0","-","-",""
"ZTE Corporation","R5300 G4X","Intel Xeon Gold 6300/5300 (Ice-Lake-SP) Series ","ESXi 9.0","-","-",""
"ZTE Corporation","R5300 G5","Intel Xeon Gold 6400/5400 (Sapphire-Rapids-SP) Series","ESXi 9.0","-","-",""
"ZTE Corporation","R5300 G5","Intel Xeon Silver 4400
 Bronze 3400 (Sapphire-Rapids-SP) Series","ESXi 9.0","-","-",""
"ZTE Corporation","R5350 G5","AMD EPYC 9004 Series","ESXi 9.0","-","-",""
"ZTE Corporation","R5200 G5","Intel Xeon Platinum 8400 (Sapphire-Rapids-SP) Series","ESXi 9.0","-","-",""
"ZTE Corporation","R5200 G5","Intel Xeon Silver 4400
 Bronze 3400 (Sapphire-Rapids-SP) Series","ESXi 9.0","-","-",""
"ZTE Corporation","R5200 G5","Intel Xeon Gold 6400/5400 (Sapphire-Rapids-SP) Series","ESXi 9.0","-","-",""
"ZTE Corporation","R8500 G5","Intel Xeon Gold 6400/5400 (Sapphire-Rapids-SP) Series","ESXi 9.0","-","-",""
"ZTE Corporation","R8500 G5","Intel Xeon Platinum 8400 (Sapphire-Rapids-SP) Series","ESXi 9.0","-","-",""
"ZTE Corporation","R5500 G5","Intel Xeon Platinum 8400 (Sapphire-Rapids-SP) Series","ESXi 9.0","-","-",""
"ZTE Corporation","R5500 G5","Intel Xeon Silver 4400
 Bronze 3400 (Sapphire-Rapids-SP) Series","ESXi 9.0","-","-",""
"ZTE Corporation","R5300 G4X","Intel Xeon Silver 4300 (Ice-Lake-SP) Series","ESXi 9.0","-","-",""
"ZTE Corporation","R5500 G5","Intel Xeon Gold 6400/5400 (Sapphire-Rapids-SP) Series","ESXi 9.0","-","-",""
"ZTE Corporation","R6500 G5","Intel Xeon Silver 4400
 Bronze 3400 (Sapphire-Rapids-SP) Series","ESXi 9.0","-","-",""
"ZTE Corporation","R5300 G4X","Intel Xeon Platinum 8300 (Ice-Lake-SP) Series","ESXi 9.0","-","-",""
"ZTE Corporation","R8500 G4X","Intel Xeon Gold 6300/5300 (Cooper-Lake-SP) Series","ESXi 9.0","-","-",""
"ZTE Corporation","R6500 G5","Intel Xeon Platinum 8400 (Sapphire-Rapids-SP) Series","ESXi 9.0","-","-",""
"ZTE Corporation","R6500 G5","Intel Xeon Gold 6400/5400 (Sapphire-Rapids-SP) Series","ESXi 9.0","-","-",""