Brand Name,Model,Device Type,Supported Releases,_
"Adaptec","SmartRAID P7608-16e","SAS/SATA-RAID","ESXi 9.1"," "
"Adaptec","SmartHBA P6600-8i","SAS/SATA-RAID","ESXi 9.1"," "
"Adaptec","Adaptec SmartRAID 3200p Ultra","SAS-SATA-NVME Tri-mode RAID","ESXi 9.1"," "
"Adaptec","Adaptec SmartRAID Ultra 3258p-16i /e","SAS-SATA-NVME Tri-mode RAID","ESXi 9.1"," "
"Adaptec","Adaptec SmartRAID 3154-8i8e","SAS-RAID","ESXi 9.1"," "
"Adaptec","Adaptec SmartRAID 3284-16io /e/uC","SAS-SATA-NVME Tri-mode RAID","ESXi 9.1"," "
"Adaptec","Adaptec SmartRAID Ultra 3258p-32i /e","SAS-SATA-NVME Tri-mode RAID","ESXi 9.1"," "
"Adaptec","Adaptec HBA 1100-8i","SAS","ESXi 9.1"," "
"Adaptec","Adaptec SmartRAID 3204-8i /e","SAS-SATA-NVME Tri-mode RAID","ESXi 9.1"," "
"Adaptec","Adaptec HBA 1100-8i8e","SAS","ESXi 9.1"," "
"Adaptec","Adaptec SmartRAID 3200","SAS-SATA-NVME Tri-mode RAID","ESXi 9.1"," "
"Adaptec","Adaptec HBA 1100-16e","SAS","ESXi 9.1"," "
"Adaptec","Adaptec SmartRAID 3254-8i /e","SAS-SATA-NVME Tri-mode RAID","ESXi 9.1"," "
"Adaptec","Adaptec HBA 1200-16e","SAS-SATA-NVME Tri-mode","ESXi 9.1"," "
"Adaptec","Adaptec SmartHBA 2100-16i","SAS-RAID","ESXi 9.1"," "
"Adaptec","Adaptec SmartHBA 2100-8e","SAS-RAID","ESXi 9.1"," "
"Adaptec","Adaptec SmartRAID 3258-16i /e","SAS-SATA-NVME Tri-mode RAID","ESXi 9.1"," "
"Adaptec","Adaptec SmartHBA 2200-8io /e","SAS-SATA-NVME Tri-mode RAID","ESXi 9.1"," "
"Adaptec","Adaptec HBA 1100","SAS","ESXi 9.1"," "
"Adaptec","Adaptec SmartRAID 3252-8i /e","SAS-SATA-NVME Tri-mode RAID","ESXi 9.1"," "
"Adaptec","Adaptec HBA 1200","SAS-SATA-NVME Tri-mode","ESXi 9.1"," "
"Adaptec","Adaptec SmartRAID 3254-16io /e","SAS-SATA-NVME Tri-mode RAID","ESXi 9.1"," "
"Adaptec","Adaptec HBA 1100-8e","SAS","ESXi 9.1"," "
"Adaptec","Adaptec SmartHBA 2100-4i4e","SAS-RAID","ESXi 9.1"," "
"Adaptec","Adaptec HBA Ultra 1200P-16i","SAS-SATA-NVME Tri-mode","ESXi 9.1"," "
"Adaptec","Adaptec SmartRAID 3154-24i","SAS","ESXi 9.1"," "
"Adaptec","Adaptec SmartRAID 3252-8i","SAS-SATA-NVME Tri-mode RAID","ESXi 9.1"," "
"Adaptec","Adaptec SmartIOC PM8275","SAS-SATA-NVME Tri-mode RAID","ESXi 9.1"," "
"Adaptec","Adaptec HBA 1200p Ultra","SAS-SATA-NVME Tri-mode","ESXi 9.1"," "
"Adaptec","Adaptec HBA 1100-4i","SAS","ESXi 9.1"," "
"Adaptec","Adaptec SmartRAID 3151-4i","SAS-RAID","ESXi 9.1"," "
"Adaptec","Adaptec SmartHBA 2100-8i8e","SAS-RAID","ESXi 9.1"," "
"Adaptec","Adaptec SmartRAID 3258-16i","SAS-SATA-NVME Tri-mode RAID","ESXi 9.1"," "
"Adaptec","Adaptec SmartHBA 2200-16i","SAS-SATA-NVME Tri-mode RAID","ESXi 9.1"," "
"Adaptec","Adaptec SmartRAID 3162-8i /e /d","SAS-RAID","ESXi 9.1"," "
"Adaptec","Adaptec SmartHBA 2100-24i","SAS","ESXi 9.1"," "
"Adaptec","Adaptec HBA 1200-16i","SAS-SATA-NVME Tri-mode","ESXi 9.1"," "
"Adaptec","Adaptec HBA 1200-8e","SAS-SATA-NVME Tri-mode","ESXi 9.1"," "
"Adaptec","Adaptec SmartHBA 2200-16io /e","SAS-SATA-NVME Tri-mode RAID","ESXi 9.1"," "
"Adaptec","Adaptec HBA Ultra 1200p-32i","SAS-SATA-NVME Tri-mode","ESXi 9.1"," "
"Adaptec","Adaptec SmartRAID 3102-8i","SAS-RAID","ESXi 9.1"," "
"Adaptec","Adaptec SmartRAID Ultra 3254-16e","SAS-SATA-NVME Tri-mode RAID","ESXi 9.1"," "
"Adaptec","SmartHBA P6600-8i8e","SAS/SATA-RAID","ESXi 9.1"," "
"Adaptec","Adaptec SmartHBA 2100-4i","SAS-RAID","ESXi 9.1"," "
"Adaptec","Adaptec SmartHBA 2200","SAS-SATA-NVME Tri-mode RAID","ESXi 9.1"," "
"Adaptec","Adaptec SmartRAID 3154-8e","SAS-RAID","ESXi 9.1"," "
"Adaptec","Adaptec SmartRAID 3200 Ultra","SAS-SATA-NVME Tri-mode RAID","ESXi 9.1"," "
"Adaptec","Adaptec SmartIOC PM8271","SAS-SATA-NVME Tri-mode RAID","ESXi 9.1"," "
"Adaptec","Adaptec SmartRAID 3101E-4i","SAS-RAID","ESXi 9.1"," "
"Adaptec","Adaptec SmartHBA 2200p Ultra","SAS-SATA-NVME Tri-mode RAID","ESXi 9.1"," "
"Adaptec","Adaptec SmartRAID 3254-16i /e","SAS-SATA-NVME Tri-mode RAID","ESXi 9.1"," "
"Adaptec","Adaptec SmartRAID 3154-8i","SAS-RAID","ESXi 9.1"," "
"Adaptec","Adaptec SmartHBA 2100A-8i","SAS-RAID","ESXi 9.1"," "
"Adaptec","Adaptec SmartRAID 3204-8i","SAS-SATA-NVME Tri-mode RAID","ESXi 9.1"," "
"Adaptec","Adaptec SmartRAID 3254-16i","SAS-SATA-NVME Tri-mode RAID","ESXi 9.1"," "
"Adaptec","Adaptec SmartRAID 3152-8i","SAS-RAID","ESXi 9.1"," "
"Adaptec","Adaptec SmartRAID Ultra 3254-16e /e","SAS-SATA-NVME Tri-mode RAID","ESXi 9.1"," "
"Adaptec","Adaptec SmartHBA 2100-8i","SAS-RAID","ESXi 9.1"," "
"Adaptec","Adaptec SmartRAID 3154-16i","SAS-RAID","ESXi 9.1"," "
"Adaptec","Adaptec HBA Ultra 1200-16e","SAS-SATA-NVME Tri-mode","ESXi 9.1"," "
"Adaptec","SmartHBA P6600-16e","SAS/SATA-RAID","ESXi 9.1"," "
"Adaptec","Adaptec HBA 1200-8i","SAS-SATA-NVME Tri-mode","ESXi 9.1"," "
"Adaptec","Adaptec HBA 1200 Ultra","SAS-SATA-NVME Tri-mode","ESXi 9.1"," "
"Adaptec","Adaptec SmartRAID 3154-8i16e","SAS-RAID","ESXi 9.1"," "
"Adaptec","Adaptec SmartRAID 3254-8i","SAS-SATA-NVME Tri-mode RAID","ESXi 9.1"," "
"Adaptec","Adaptec SmartHBA 2100","SAS-RAID","ESXi 9.1"," "
"Adaptec","Adaptec SmartRAID Ultra 3258p-32i","SAS-SATA-NVME Tri-mode RAID","ESXi 9.1"," "
"Adaptec","Adaptec HBA 1100-16i","SAS","ESXi 9.1"," "
"Adaptec","SmartRAID P7608-16i","SAS/SATA-RAID","ESXi 9.1"," "
"Adaptec","Adaptec SmartRAID 3254-16e /e","SAS-SATA-NVME Tri-mode RAID","ESXi 9.1"," "
"Adaptec","Adaptec SmartRAID Ultra 3258P-16i","SAS-SATA-NVME Tri-mode RAID","ESXi 9.1"," "
"Adaptec","SmartRAID P7604-8e","SAS/SATA-RAID","ESXi 9.1"," "
"Adaptec","SmartRAID P7608-8i8e","SAS/SATA-RAID","ESXi 9.1"," "
"Adaptec","Adaptec SmartRAID 3152-8i/N","SAS-RAID","ESXi 9.1"," "
"Adaptec","SmartHBA P6600-8e","SAS/SATA-RAID","ESXi 9.1"," "
"Adaptec","Adaptec SmartRAID 3101-4i","SAS-RAID","ESXi 9.1"," "
"Adaptec","Adaptec SmartRAID 3162-8i","SAS-RAID","ESXi 9.1"," "
"Adaptec","Adaptec HBA 1100-24i","SAS","ESXi 9.1"," "
"Adaptec","SmartHBA P6600-16i","SAS/SATA-RAID","ESXi 9.1"," "
"Adaptec","Adaptec SmartHBA 2200 Ultra","SAS-SATA-NVME Tri-mode RAID","ESXi 9.1"," "
"Adaptec","SmartRAID P7604-8i","SAS/SATA-RAID","ESXi 9.1"," "
"Adaptec","Adaptec SmartRAID 3100","SAS-RAID","ESXi 9.1"," "
"Adaptec","Adaptec SmartHBA 2100C8iOXS","SAS-RAID","ESXi 9.1"," "
"Adaptec","Adaptec SmartRAID 3102E-8i","SAS-RAID","ESXi 9.1"," "
"Advanced Micro Devices
Inc.","AMD Hudson SATA Controller [AHCI Mode]","SATA","ESXi 9.1"," "
"Advanced Micro Devices
Inc.","SB700 SATA Controller [Non-RAID5 Mode]","SATA","ESXi 9.1"," "
"Advanced Micro Devices
Inc.","AMD Hudson SATA Controller [IDE Mode]","SATA","ESXi 9.1"," "
"Advanced Micro Devices
Inc.","SB700 SATA Controller [AHCI Mode]","SATA","ESXi 9.1"," "
"Advanced Micro Devices
Inc.","SB700 SATA Controller [IDE Mode]","SATA","ESXi 9.1"," "
"Advanced Micro Devices
Inc.","SB700 SATA Controller [RAID Mode]","SATA","ESXi 9.1"," "
"Advanced Micro Devices
Inc.","AMD FCH SATA Controller [IDE Mode]","SATA","ESXi 9.1"," "
"Advanced Micro Devices
Inc.","AMD FCH SATA Controller [AHCI Mode]","SATA","ESXi 9.1"," "
"Advanced Micro Devices
Inc.","SB700 SATA Controller [SATA and FC Enabled]","SATA","ESXi 9.1"," "
"Advanced Micro Devices
Inc.","AMD FCH SATA Controller [AHCI Mode]","SATA","ESXi 9.1"," "
"Advanced Micro Devices
Inc.","AMD Hudson SATA Controller [AHCI Mode]","SATA","ESXi 9.1"," "
"Advantech Corporation","Advantech SKY-9200 MIC-8312BridgeB","SAS","ESXi 9.1"," "
"Amazon Web Services","Amazon EC2 NVMe Instance Storage","NVMe","ESXi 9.1"," "
"Amazon Web Services","Amazon EC2 NVMe Instance Storage(i7i.metal-24xl)","NVMe","ESXi 9.1"," "
"Amazon Web Services","Amazon
 Inc.Elastic Network Adapter","Network","ESXi 9.1"," "
"Areca Technology","ARC-1886-8I","SAS-SATA-NVME Tri-mode RAID","ESXi 9.1"," "
"Areca Technology","ARC-1886-2NOD","SAS-SATA-NVME Tri-mode RAID","ESXi 9.1"," "
"Areca Technology","ARC-1886-4X24I","SAS-SATA-NVME Tri-mode RAID","ESXi 9.1"," "
"Areca Technology","ARC-1886-4X4I","SAS-SATA-NVME Tri-mode RAID","ESXi 9.1"," "
"Areca Technology","ARC-1883-8I","SAS-SATA-NVME Tri-mode RAID","ESXi 9.1"," "
"Areca Technology","ARC-1886-8X","SAS-SATA-NVME Tri-mode RAID","ESXi 9.1"," "
"Areca Technology","ARC-1686-2NOD","SAS-SATA-NVME Tri-mode RAID","ESXi 9.1"," "
"Areca Technology","ARC-1886-4N8I","SAS-SATA-NVME Tri-mode RAID","ESXi 9.1"," "
"Areca Technology","ARC-1686-4NOD","SAS-SATA-NVME Tri-mode RAID","ESXi 9.1"," "
"Areca Technology","ARC-1886-4N8X","SAS-SATA-NVME Tri-mode RAID","ESXi 9.1"," "
"Areca Technology","ARC-1886-4NOD","SAS-SATA-NVME Tri-mode RAID","ESXi 9.1"," "
"Areca Technology","ARC-1886-6NOD","SAS-SATA-NVME Tri-mode RAID","ESXi 9.1"," "
"Areca Technology","ARC-1886-16I","SAS-SATA-NVME Tri-mode RAID","ESXi 9.1"," "
"Areca Technology","ARC-1886-6N2I","SAS-SATA-NVME Tri-mode RAID","ESXi 9.1"," "
"Areca Technology","ARC-1686-6NOD","SAS-SATA-NVME Tri-mode RAID","ESXi 9.1"," "
"Areca Technology","ARC-1886-8X8I","SAS-SATA-NVME Tri-mode RAID","ESXi 9.1"," "
"ASRock Rack Incorporation","ASRock Rack M3008","SAS","ESXi 9.1"," "
"ASUSTek Computer Inc.","PIKE II 3008-8e","SAS","ESXi 9.1"," "
"ASUSTek Computer Inc.","PIKE II 3108-8i/240PD/2G","SAS-RAID","ESXi 9.1"," "
"ASUSTek Computer Inc.","PIKE II 3008-8i","SAS","ESXi 9.1"," "
"ATTO Technology
Inc.","Celerity FC-641E","FC","ESXi 9.1"," "
"ATTO Technology
Inc.","Celerity FC-644E","FC","ESXi 9.1"," "
"ATTO Technology
Inc.","ExpressSAS H1244 GT","SAS","ESXi 9.1"," "
"ATTO Technology
Inc.","Celerity FC-642E","FC","ESXi 9.1"," "
"ATTO Technology
Inc.","ATTO Celerity FC-161P Host Bus Adapter","FC","ESXi 9.1"," "
"ATTO Technology
Inc.","ExpressSAS H120F GT","SAS","ESXi 9.1"," "
"ATTO Technology
Inc.","Celerity FC-324P Host Bus Adapter","FC","ESXi 9.1"," "
"ATTO Technology
Inc.","Celerity FC-321P Host Bus Adapter","FC","ESXi 9.1"," "
"ATTO Technology
Inc.","ExpressSAS H1208 GT","SAS","ESXi 9.1"," "
"ATTO Technology
Inc.","Celerity FC-322P Host Bus Adapter","FC","ESXi 9.1"," "
"ATTO Technology
Inc.","ExpressSAS H12F0 GT","SAS","ESXi 9.1"," "
"ATTO Technology
Inc.","ATTO Celerity FC-321E Host Bus Adapter","FC","ESXi 9.1"," "
"ATTO Technology
Inc.","ThunderLink TL-3162","FC","ESXi 9.1"," "
"ATTO Technology
Inc.","ExpressSAS H1280 GT","SAS","ESXi 9.1"," "
"ATTO Technology
Inc.","ATTO Celerity FC-162P Host Bus Adapter","FC","ESXi 9.1"," "
"ATTO Technology
Inc.","Celerity FC-324E","FC","ESXi 9.1"," "
"ATTO Technology
Inc.","ThunderLink TL-3322","FC","ESXi 9.1"," "
"ATTO Technology
Inc.","ATTO Celerity FC-322E Host Bus Adapter","FC","ESXi 9.1"," "
"ATTO Technology
Inc.","ATTO Celerity FC-164P Host Bus Adapter","FC","ESXi 9.1"," "
"Beijing Memblaze Technology Co. Ltd.","MEMBLAZE P7946CH0640Y00","NVMe","ESXi 9.1"," "
"Beijing Memblaze Technology Co. Ltd.","MEMBLAZE P7940CL0768Y00","NVMe","ESXi 9.1"," "
"Beijing Memblaze Technology Co. Ltd.","MEMBLAZE P7940DT0384M00","NVMe","ESXi 9.1"," "
"Beijing Memblaze Technology Co. Ltd.","MEMBLAZE P6531DT0384Y00","NVMe","ESXi 9.1"," "
"Beijing Memblaze Technology Co. Ltd.","MEMBLAZE P6531DT0192Y00","NVMe","ESXi 9.1"," "
"Beijing Memblaze Technology Co. Ltd.","MEMBLAZE P6536DT0160M00","NVMe","ESXi 9.1"," "
"Beijing Memblaze Technology Co. Ltd.","MEMBLAZE P7940CL0384Y00","NVMe","ESXi 9.1"," "
"Beijing Memblaze Technology Co. Ltd.","MEMBLAZE P6530CH0192M00","NVMe","ESXi 9.1"," "
"Beijing Memblaze Technology Co. Ltd.","MEMBLAZE P7946CL1280Y00","NVMe","ESXi 9.1"," "
"Beijing Memblaze Technology Co. Ltd.","MEMBLAZE P7946CL0320Y00","NVMe","ESXi 9.1"," "
"Beijing Memblaze Technology Co. Ltd.","MEMBLAZE P6536CH0160M00","NVMe","ESXi 9.1"," "
"Beijing Memblaze Technology Co. Ltd.","MEMBLAZE P6530CL0768M00","NVMe","ESXi 9.1"," "
"Beijing Memblaze Technology Co. Ltd.","MEMBLAZE P6537CH0160Y00	","NVMe","ESXi 9.1"," "
"Beijing Memblaze Technology Co. Ltd.","MEMBLAZE P7946DT1280Y00","NVMe","ESXi 9.1"," "
"Beijing Memblaze Technology Co. Ltd.","MEMBLAZE P7940CH0768Y00","NVMe","ESXi 9.1"," "
"Beijing Memblaze Technology Co. Ltd.","MEMBLAZE P6530CL0384M00","NVMe","ESXi 9.1"," "
"Beijing Memblaze Technology Co. Ltd.","MEMBLAZE P6537DT0160Y00","NVMe","ESXi 9.1"," "
"Beijing Memblaze Technology Co. Ltd.","MEMBLAZE P7946DT0320Y00","NVMe","ESXi 9.1"," "
"Beijing Memblaze Technology Co. Ltd.","MEMBLAZE P7940DT0768Y00","NVMe","ESXi 9.1"," "
"Beijing Memblaze Technology Co. Ltd.","MEMBLAZE P6531CH0768Y00","NVMe","ESXi 9.1"," "
"Beijing Memblaze Technology Co. Ltd.","MEMBLAZE P7946DT0640M00","NVMe","ESXi 9.1"," "
"Beijing Memblaze Technology Co. Ltd.","MEMBLAZE P7940CH1536Y00","NVMe","ESXi 9.1"," "
"Beijing Memblaze Technology Co. Ltd.","MEMBLAZE P6530CL0192M00","NVMe","ESXi 9.1"," "
"Beijing Memblaze Technology Co. Ltd.","MEMBLAZE P6530CH0768M00","NVMe","ESXi 9.1"," "
"Beijing Memblaze Technology Co. Ltd.","MEMBLAZE P7940DT0384Y00","NVMe","ESXi 9.1"," "
"Beijing Memblaze Technology Co. Ltd.","MEMBLAZE P6536DT0320M00","NVMe","ESXi 9.1"," "
"Beijing Memblaze Technology Co. Ltd.","MEMBLAZE P6536CH0320M00","NVMe","ESXi 9.1"," "
"Beijing Memblaze Technology Co. Ltd.","MEMBLAZE P7940DT1536M00","NVMe","ESXi 9.1"," "
"Beijing Memblaze Technology Co. Ltd.","MEMBLAZE P7940DT0768M00","NVMe","ESXi 9.1"," "
"Beijing Memblaze Technology Co. Ltd.","MEMBLAZE P7946DT0640Y00","NVMe","ESXi 9.1"," "
"Beijing Memblaze Technology Co. Ltd.","MEMBLAZE P7946RT0320Y00","NVMe","ESXi 9.1"," "
"Beijing Memblaze Technology Co. Ltd.","MEMBLAZE P7946DT1280M00","NVMe","ESXi 9.1"," "
"Beijing Memblaze Technology Co. Ltd.","MEMBLAZE P7946CH0320Y00","NVMe","ESXi 9.1"," "
"Beijing Memblaze Technology Co. Ltd.","MEMBLAZE P6537DT0320Y00","NVMe","ESXi 9.1"," "
"Beijing Memblaze Technology Co. Ltd.","MEMBLAZE P6530CH0384M00","NVMe","ESXi 9.1"," "
"Beijing Memblaze Technology Co. Ltd.","MEMBLAZE P7946RT0640Y00","NVMe","ESXi 9.1"," "
"Beijing Memblaze Technology Co. Ltd.","MEMBLAZE P7940CL1536Y00","NVMe","ESXi 9.1"," "
"Beijing Memblaze Technology Co. Ltd.","MEMBLAZE P6536CL0160M00","NVMe","ESXi 9.1"," "
"Beijing Memblaze Technology Co. Ltd.","MEMBLAZE P7940DT1536Y00","NVMe","ESXi 9.1"," "
"Beijing Memblaze Technology Co. Ltd.","MEMBLAZE P7946CL0640Y00","NVMe","ESXi 9.1"," "
"Beijing Memblaze Technology Co. Ltd.","MEMBLAZE P6531CH0192Y00","NVMe","ESXi 9.1"," "
"Beijing Memblaze Technology Co. Ltd.","MEMBLAZE P7946DT0320M00","NVMe","ESXi 9.1"," "
"Beijing Memblaze Technology Co. Ltd.","MEMBLAZE P6536CL0640M00","NVMe","ESXi 9.1"," "
"Beijing Memblaze Technology Co. Ltd.","MEMBLAZE P6536DT0640M00","NVMe","ESXi 9.1"," "
"Beijing Memblaze Technology Co. Ltd.","MEMBLAZE P6537CH0320Y00","NVMe","ESXi 9.1"," "
"Beijing Memblaze Technology Co. Ltd.","MEMBLAZE P6536CL0320M00","NVMe","ESXi 9.1"," "
"Beijing Memblaze Technology Co. Ltd.","MEMBLAZE P7940RT0768M00","NVMe","ESXi 9.1"," "
"Beijing Memblaze Technology Co. Ltd.","MEMBLAZE P7940RT0384M00","NVMe","ESXi 9.1"," "
"Beijing Memblaze Technology Co. Ltd.","MEMBLAZE P6530DT0768M00","NVMe","ESXi 9.1"," "
"Beijing Memblaze Technology Co. Ltd.","MEMBLAZE P6536CH0640M00","NVMe","ESXi 9.1"," "
"Beijing Memblaze Technology Co. Ltd.","MEMBLAZE P7940RT0768Y00","NVMe","ESXi 9.1"," "
"Beijing Memblaze Technology Co. Ltd.","MEMBLAZE P6537CH0640Y00","NVMe","ESXi 9.1"," "
"Beijing Memblaze Technology Co. Ltd.","MEMBLAZE P7946RT0320M00","NVMe","ESXi 9.1"," "
"Beijing Memblaze Technology Co. Ltd.","MEMBLAZE P7940RT0384Y00","NVMe","ESXi 9.1"," "
"Beijing Memblaze Technology Co. Ltd.","MEMBLAZE P6531DT0768Y00","NVMe","ESXi 9.1"," "
"Beijing Memblaze Technology Co. Ltd.","MEMBLAZE P7940CH0384Y00","NVMe","ESXi 9.1"," "
"Beijing Memblaze Technology Co. Ltd.","MEMBLAZE P6531CH0384Y00","NVMe","ESXi 9.1"," "
"Beijing Memblaze Technology Co. Ltd.","MEMBLAZE P6530DT0192M00","NVMe","ESXi 9.1"," "
"Beijing Memblaze Technology Co. Ltd.","MEMBLAZE P7946CH1280Y00","NVMe","ESXi 9.1"," "
"Beijing Memblaze Technology Co. Ltd.","MEMBLAZE P6530DT0384M00","NVMe","ESXi 9.1"," "
"Beijing Memblaze Technology Co. Ltd.","MEMBLAZE P7946RT0640M00","NVMe","ESXi 9.1"," "
"Beijing Memblaze Technology Co. Ltd.","MEMBLAZE P6537DT0640Y00","NVMe","ESXi 9.1"," "
"Beijing Wangxun Technology Co.,Ltd.","L56001P60T","NVMe","ESXi 9.1"," "
"Beijing Wangxun Technology Co.,Ltd.","FF5040-DDBTAIXX","Network","ESXi 9.1"," "
"Beijing Wangxun Technology Co.,Ltd.","L56003P84T","NVMe","ESXi 9.1"," "
"Beijing Wangxun Technology Co.,Ltd.","FF5025-DDATAIXX","Network","ESXi 9.1"," "
"Beijing Wangxun Technology Co.,Ltd.","FF5040-DDBTACXX","Network","ESXi 9.1"," "
"Beijing Wangxun Technology Co.,Ltd.","WX1860A4S","Network","ESXi 9.1"," "
"Beijing Wangxun Technology Co.,Ltd.","L56003P20T","NVMe","ESXi 9.1"," "
"Beijing Wangxun Technology Co.,Ltd.","WX1860A2","Network","ESXi 9.1"," "
"Beijing Wangxun Technology Co.,Ltd.","WX1860AL2","Network","ESXi 9.1"," "
"Beijing Wangxun Technology Co.,Ltd.","RP1000 series","Network","ESXi 9.1"," "
"Beijing Wangxun Technology Co.,Ltd.","RP2000 series","Network","ESXi 9.1"," "
"Beijing Wangxun Technology Co.,Ltd.","FF5025-DDATACXX","Network","ESXi 9.1"," "
"Beijing Wangxun Technology Co.,Ltd.","L56006P40T","NVMe","ESXi 9.1"," "
"Beijing Wangxun Technology Co.,Ltd.","L56007P68T","NVMe","ESXi 9.1"," "
"Beijing Wangxun Technology Co.,Ltd.","WX1860A4","Network","ESXi 9.1"," "
"Beijing Wangxun Technology Co.,Ltd.","WX1860AL2S","Network","ESXi 9.1"," "
"Beijing Wangxun Technology Co.,Ltd.","L56001P92T","NVMe","ESXi 9.1"," "
"Beijing Wangxun Technology Co.,Ltd.","WX1860AL4S","Network","ESXi 9.1"," "
"Beijing Wangxun Technology Co.,Ltd.","WX1860AL4","Network","ESXi 9.1"," "
"Broadcom","BCM57414","Network","ESXi 9.1"," "
"Broadcom","NetXtreme BCM5764M Gigabit Ethernet","Network","ESXi 9.1"," "
"Broadcom","NetXtreme E-Series Quad-port 10Gb SFP+ OCP 3.0 Ethernet Adapter","Network","ESXi 9.1"," "
"Broadcom","BCM57454","Network","ESXi 9.1"," "
"Broadcom","57454 NetXtreme-E Quad-port 25Gb Ethernet OCP Adapter","Network","ESXi 9.1"," "
"Broadcom","SAS 9500-8e","SAS-SATA-NVME Tri-mode","ESXi 9.1"," "
"Broadcom","Broadcom BCM57608 1x400G QSFP-DD OCP Ethernet NIC","Network","ESXi 9.1"," "
"Broadcom","NetXtreme E-Series Single Port 100Gb OCP Ethernet Adapter","Network","ESXi 9.1"," "
"Broadcom","BCM57504","Network","ESXi 9.1"," "
"Broadcom","NetXtreme-S Ethernet Virtual Function","Network","ESXi 9.1","Restricted"
"Broadcom","BCM57412","Network","ESXi 9.1"," "
"Broadcom","SAS 9405W-16i","SAS-SATA-NVME Tri-mode","ESXi 9.1"," "
"Broadcom","eHBA 9600-16i Tri-Mode Storage Adapter","SAS-SATA-NVME Tri-mode","ESXi 9.1"," "
"Broadcom","BCM57417 NetXtreme-E 10GBASE-T RDMA Ethernet Controller","Network","ESXi 9.1","Restricted"
"Broadcom","Megaraid SAS 9440-8i","SAS/SATA-RAID","ESXi 9.1"," "
"Broadcom","BCM57508","Network","ESXi 9.1"," "
"Broadcom","eHBA 9600-8i8e Tri-Mode Storage Adapter","SAS-SATA-NVME Tri-mode RAID","ESXi 9.1"," "
"Broadcom","BCM57301","Network","ESXi 9.1"," "
"Broadcom","Megaraid 9540-8i","SAS-SATA-NVME Tri-mode","ESXi 9.1"," "
"Broadcom","NetXtreme-E N410TDE BCM57416 4x10G BT OCP3.0 Ethernet","Network","ESXi 9.1"," "
"Broadcom","MegaRAID SAS 9480-8i8e","SAS-SATA-NVME Tri-mode RAID","ESXi 9.1"," "
"Broadcom","BCM57304","Network","ESXi 9.1"," "
"Broadcom","BCM57416","Network","ESXi 9.1"," "
"Broadcom","BCM57412","Network","ESXi 9.1"," "
"Broadcom","BCM57416 NetXtreme-E Partition","Network","ESXi 9.1","Restricted"
"Broadcom","BCM57412","Network","ESXi 9.1"," "
"Broadcom","NetXtreme E-Series Quad-port 25Gb Ethernet LOM RDMA Partition","Network","ESXi 9.1"," "
"Broadcom","BCM57414","Network","ESXi 9.1"," "
"Broadcom","NetXtreme E-Series Quad-port 25Gb SFP28 OCP 3.0 Ethernet Adapter","Network","ESXi 9.1"," "
"Broadcom","NetXtreme-E N425DE BCM57504 4x25G SFP28 OCP3.0 Ethernet","Network","ESXi 9.1"," "
"Broadcom","MegaRAID SAS 9480-8i8e /w JBOD Mode","SAS-SATA-NVME Tri-mode","ESXi 9.1"," "
"Broadcom","BCM57416 NetXtreme-E 10Gb RDMA Ethernet Controller","Network","ESXi 9.1","Restricted"
"Broadcom","BCM57416","Network","ESXi 9.1"," "
"Broadcom","Ethernet NIC 10GBASE-T OCP3.0","Network","ESXi 9.1","Restricted"
"Broadcom","NetXtreme-E N2100DE BCM57508 2x100G QSFP56 OCP3.0 Ethernet","Network","ESXi 9.1"," "
"Broadcom","SAS 9400-8i","SAS-SATA-NVME Tri-mode","ESXi 9.1"," "
"Broadcom","NetXtreme BCM5717 Gigabit Ethernet","Network","ESXi 9.1"," "
"Broadcom","MegaRaid 9560-16i","SAS-SATA-NVME Tri-mode","ESXi 9.1"," "
"Broadcom","BCM57504","Network","ESXi 9.1"," "
"Broadcom","SAS3716 Fusion-MPT Tri-Mode RAID Controller Chip (ROC)","SAS","ESXi 9.1"," "
"Broadcom","Fusion-MPT 12G SAS/PCIe USAS38xx","SAS","ESXi 9.1"," "
"Broadcom","BCM57414","Network","ESXi 9.1"," "
"Broadcom","NetXtreme E-Series Single Port 100Gb OCP 3.0  Ethernet Adapter","Network","ESXi 9.1"," "
"Broadcom","NetXtreme E-Series Quad-port 25Gb Ethernet LOM","Network","ESXi 9.1"," "
"Broadcom","BCM57412","Network","ESXi 9.1"," "
"Broadcom","Megaraid 9540-2M2","SAS-SATA-NVME Tri-mode","ESXi 9.1"," "
"Broadcom","BCM57454 NetXtreme-E RDMA Partition","Network","ESXi 9.1","Restricted"
"Broadcom","BCM57412","Network","ESXi 9.1"," "
"Broadcom","BCM57412 NetXtreme-E 10Gb RDMA Ethernet Controller","Network","ESXi 9.1","Restricted"
"Broadcom","BCM57412","Network","ESXi 9.1"," "
"Broadcom","NetXtreme-E-Series Dual-port 100Gb Ethernet PCIe RDMA Virtual Function","Network","ESXi 9.1"," "
"Broadcom","Megaraid 9660-16i","SAS-SATA-NVME Tri-mode","ESXi 9.1"," "
"Broadcom","BCM57414 NetXtreme-E Partition","Network","ESXi 9.1","Restricted"
"Broadcom","eHBA 9600-16e","SAS-SATA-NVME Tri-mode","ESXi 9.1"," "
"Broadcom","NetXtreme E-Series Quad-port 25Gb Ethernet LOM Ethernet Partition","Network","ESXi 9.1"," "
"Broadcom","BCM57412","Network","ESXi 9.1"," "
"Broadcom","SAS3508 Fusion-MPT Tri-Mode RAID On Chip (ROC)","SAS","ESXi 9.1"," "
"Broadcom","MegaRAID 9760W-32i Tri-Mode Storage Adapter","SAS-SATA-NVME Tri-mode RAID","ESXi 9.1"," "
"Broadcom","BCM57414","Network","ESXi 9.1"," "
"Broadcom","Broadcom BCM57608 2x200G PCIe Ethernet NIC","Network","ESXi 9.1"," "
"Broadcom","eHBA 9600-24i","SAS-SATA-NVME Tri-mode","ESXi 9.1"," "
"Broadcom","NetXtreme BCM5727 Gigabit Ethernet","Network","ESXi 9.1"," "
"Broadcom","Fusion-MPT 12G SAS/PCIe SAS38xx","SAS-SATA-NVME Tri-mode","ESXi 9.1"," "
"Broadcom","Broadcom BCM57608 2x200G PCIe Ethernet NIC","Network","ESXi 9.1"," "
"Broadcom","NetXtreme E-Series Dual-port 100Gb OCP 3.0 RDMA Virtual Function","Network","ESXi 9.1"," "
"Broadcom","NetXtreme BCM5718 Gigabit Ethernet","Network","ESXi 9.1"," "
"Broadcom","eHBA 9700W-32i 24G SAS/PCIe Storage Adapter","SAS-SATA-NVME Tri-mode RAID","ESXi 9.1"," "
"Broadcom","Broadcom BCM57608 1x400G QSFP-DD PCIe Ethernet NIC","Network","ESXi 9.1"," "
"Broadcom","BCM57414","Network","ESXi 9.1"," "
"Broadcom","NetXtreme E-Series Quad-Port 25Gb Ethernet Network Daughter Card","Network","ESXi 9.1"," "
"Broadcom","Fusion-MPT 12G SAS/PCIe Secure SAS38xx","SAS","ESXi 9.1"," "
"Broadcom","MegaRAID SAS 9460-8i","SAS/SATA-RAID","ESXi 9.1"," "
"Broadcom","SAS3616 Fusion-MPT Tri-Mode I/O Controller Chip (IOC)","SAS","ESXi 9.1"," "
"Broadcom","Broadcom BCM57608  2x200G OCP Ethernet NIC","Network","ESXi 9.1"," "
"Broadcom","BCM57317 NetXtreme-C 25Gb RDMA Ethernet Controller","Network","ESXi 9.1","Restricted"
"Broadcom","MegaRaid 9560-8i","SAS-SATA-NVME Tri-mode","ESXi 9.1"," "
"Broadcom","NetXtreme E-Series Quad-port 25Gb SFP28 PCIe Ethernet Virtual Function","Network","ESXi 9.1"," "
"Broadcom","SAS 9400-16i","SAS-SATA-NVME Tri-mode","ESXi 9.1"," "
"Broadcom","MegaRAID SAS 9450-8i","SAS-SATA-NVME Tri-mode RAID","ESXi 9.1"," "
"Broadcom","BCM57314 NetXtreme-C Ethernet Virtual Function","Network","ESXi 9.1","Restricted"
"Broadcom","NetXtreme BCM5719 Gigabit Ethernet","Network","ESXi 9.1"," "
"Broadcom","MegaRAID SAS 9460-8i /w JBOD Mode","SAS-SATA-NVME Tri-mode","ESXi 9.1"," "
"Broadcom","NetXtreme-E-Series Dual-port 100Gb Ethernet PCIe Adapter","Network","ESXi 9.1"," "
"Broadcom","Megaraid 9540-16i","SAS-SATA-NVME Tri-mode","ESXi 9.1"," "
"Broadcom","BCM57412","Network","ESXi 9.1"," "
"Broadcom","BCM57414","Network","ESXi 9.1"," "
"Broadcom","MegaRAID 9620-16i","SAS-SATA-NVME Tri-mode RAID","ESXi 9.1"," "
"Broadcom","BCM57502","Network","ESXi 9.1"," "
"Broadcom","BCM57311 NetXtreme-C 10Gb RDMA Ethernet Controller","Network","ESXi 9.1","Restricted"
"Broadcom","BCM57414","Network","ESXi 9.1"," "
"Broadcom","NetXtreme E-Series Dual-port 100Gb OCP 3.0 RDMA Partition","Network","ESXi 9.1"," "
"Broadcom","NetXtreme BCM5717 Gigabit Ethernet","Network","ESXi 9.1"," "
"Broadcom","NetXtreme E-Series Quad-port 25Gb Ethernet LOM RDMA Virtual Function","Network","ESXi 9.1"," "
"Broadcom","NetXtreme-E NGM2100D BCM57508 2x100G KR Mezz RDMA Virtual Function","Network","ESXi 9.1","Restricted"
"Broadcom","NetXtreme BCM57766 Gigabit Ethernet","Network","ESXi 9.1"," "
"Broadcom","NetXtreme E-Series Quad-port 25Gb SFP28 OCP 3.0 Ethernet Virtual Function","Network","ESXi 9.1"," "
"Broadcom","NetXtreme-E NGM2100D BCM57508 2x100G KR Mezz Ethernet Virtual Function","Network","ESXi 9.1","Restricted"
"Broadcom","NetXtreme-E N425DE BCM57504 4x25G SFP28 OCP3.0 RDMA Partition","Network","ESXi 9.1"," "
"Broadcom","BCM57416","Network","ESXi 9.1"," "
"Broadcom","BCM57454 NetXtreme-E RDMA Virtual Function","Network","ESXi 9.1","Restricted"
"Broadcom","NetXtreme-C RDMA Virtual Function","Network","ESXi 9.1","Restricted"
"Broadcom","BCM57416","Network","ESXi 9.1"," "
"Broadcom","BCM57416","Network","ESXi 9.1"," "
"Broadcom","SAS 9400-8i8e","SAS-SATA-NVME Tri-mode","ESXi 9.1"," "
"Broadcom","BCM57414 NetXtreme-E Ethernet Virtual Function","Network","ESXi 9.1","Restricted"
"Broadcom","BCM57412 Broadcom NetXtreme-E Partition","Network","ESXi 9.1","Restricted"
"Broadcom","NetXtreme E-Series Dual-port 100Gb OCP 3.0 Ethernet Adapter","Network","ESXi 9.1"," "
"Broadcom","BCM57416","Network","ESXi 9.1"," "
"Broadcom","NetXtreme E-Series Quad-port 25Gb SFP28 OCP 3.0 RDMA Partition","Network","ESXi 9.1"," "
"Broadcom","MegaRAID 9520-2M2","SAS-SATA-NVME Tri-mode RAID","ESXi 9.1"," "
"Broadcom","BCM57414 NetXtreme-E 10Gb/25Gb RDMA Ethernet Controller","Network","ESXi 9.1","Restricted"
"Broadcom","BCM57406","Network","ESXi 9.1"," "
"Broadcom","BCM57412","Network","ESXi 9.1"," "
"Broadcom","Broadcom BCM57608 4x25G OCP Ethernet NIC","Network","ESXi 9.1"," "
"Broadcom","BCM57417 BCM57417 NetXtreme-E 10Gb/25Gb RDMA Ethernet Controller","Network","ESXi 9.1","Restricted"
"Broadcom","Megaraid SAS 9460-16i /w JBOD Mode","SAS-SATA-NVME Tri-mode","ESXi 9.1"," "
"Broadcom","BCM57417","Network","ESXi 9.1"," "
"Broadcom","Broadcom BCM57608 2x100G OCP Ethernet NIC","Network","ESXi 9.1"," "
"Broadcom","BCM57302","Network","ESXi 9.1"," "
"Broadcom","BCM57417 NetXtreme-E Ethernet Partition","Network","ESXi 9.1","Restricted"
"Broadcom","Megaraid 9580-8i8e","SAS-SATA-NVME Tri-mode","ESXi 9.1"," "
"Broadcom","BCM57416 NetXtreme-E RDMA Partition","Network","ESXi 9.1","Restricted"
"Broadcom","Fusion-MPT 12G SAS/PCIe Secure SAS39xx","SAS","ESXi 9.1"," "
"Broadcom","BCM57416","Network","ESXi 9.1"," "
"Broadcom","BCM57508","Network","ESXi 9.1"," "
"Broadcom","BCM57502","Network","ESXi 9.1"," "
"Broadcom","BCM57508","Network","ESXi 9.1"," "
"Broadcom","BCM57414","Network","ESXi 9.1"," "
"Broadcom","NetXtreme BCM5725 Gigabit Ethernet","Network","ESXi 9.1"," "
"Broadcom","NetXtreme BCM5723 Gigabit Ethernet PCI Express","Network","ESXi 9.1"," "
"Broadcom","BCM57412","Network","ESXi 9.1"," "
"Broadcom","SAS 9500-8i","SAS-SATA-NVME Tri-mode","ESXi 9.1"," "
"Broadcom","Megaraid 9670-24i","SAS-SATA-NVME Tri-mode RAID","ESXi 9.1"," "
"Broadcom","BCM57504","Network","ESXi 9.1"," "
"Broadcom","BCM57454 NetXtreme-E Partition","Network","ESXi 9.1","Restricted"
"Broadcom","BCM57414","Network","ESXi 9.1"," "
"Broadcom","NetXtreme-E Dual-port 100Gb Ethernet","Network","ESXi 9.1"," "
"Broadcom","SAS 9405W-16e","SAS-SATA-NVME Tri-mode","ESXi 9.1"," "
"Broadcom","BCM57414","Network","ESXi 9.1"," "
"Broadcom","BCM57504","Network","ESXi 9.1"," "
"Broadcom","BCM57504","Network","ESXi 9.1"," "
"Broadcom","BCM57412","Network","ESXi 9.1"," "
"Broadcom","MegaRAID SAS 9460-16i","SAS-SATA-NVME Tri-mode","ESXi 9.1"," "
"Broadcom","BCM57407 NetXtreme-E 25Gb Ethernet Controller","Network","ESXi 9.1","Restricted"
"Broadcom","BCM57412","Network","ESXi 9.1"," "
"Broadcom","BCM57412","Network","ESXi 9.1"," "
"Broadcom","NetXtreme-E-Series Dual-port 100Gb Ethernet PCIe Virtual Function","Network","ESXi 9.1"," "
"Broadcom","NetXtreme BCM5720 Gigabit Ethernet","Network","ESXi 9.1"," "
"Broadcom","BCM57414","Network","ESXi 9.1"," "
"Broadcom","MegaRAID SAS 9461-16i","SAS-SATA-NVME Tri-mode","ESXi 9.1"," "
"Broadcom","NetLink BCM5784M Gigabit Ethernet","Network","ESXi 9.1"," "
"Broadcom","BCM57412","Network","ESXi 9.1"," "
"Broadcom","MegaRAID 9660 -16i","SAS-SATA-NVME Tri-mode RAID","ESXi 9.1"," "
"Broadcom","BCM57404","Network","ESXi 9.1"," "
"Broadcom","eHBA 9600W-16e","SAS-SATA-NVME Tri-mode","ESXi 9.1"," "
"Broadcom","BCM57414","Network","ESXi 9.1"," "
"Broadcom","Fusion-MPT 12G SAS/PCIe SAS39xx","SAS","ESXi 9.1"," "
"Broadcom","Megaraid 9562-8i","SAS-SATA-NVME Tri-mode","ESXi 9.1"," "
"Broadcom","BCM57504","Network","ESXi 9.1"," "
"Broadcom","BCM57312 NetXtreme-C 10Gb/25Gb RDMA Ethernet Controller","Network","ESXi 9.1","Restricted"
"Broadcom","NetXtreme E-Series Quad-port 25Gb SFP28 PCIe RDMA Partition","Network","ESXi 9.1"," "
"Broadcom","BCM57412","Network","ESXi 9.1"," "
"Broadcom","eHBA 9600-16i","SAS-SATA-NVME Tri-mode","ESXi 9.1"," "
"Broadcom","BCM57416 NetXtreme-E 10GBASE-T RDMA Ethernet Controller","Network","ESXi 9.1","Restricted"
"Broadcom","BCM57314 NetXtreme-C 10Gb/25Gb/40Gb/50Gb RDMA Ethernet Controller","Network","ESXi 9.1","Restricted"
"Broadcom","NetXtreme E-Series Quad-port 25Gb Ethernet LOM Ethernet Virtual Function","Network","ESXi 9.1"," "
"Broadcom","NetXtreme-E-Series Dual-port 100Gb Ethernet PCIe RDMA Partition","Network","ESXi 9.1"," "
"Broadcom","BCM57317 NetXtreme-C 10GBase-T RDMA Ethernet Controller","Network","ESXi 9.1","Restricted"
"Broadcom","MegaRAID 9670w-16i","SAS-RAID","ESXi 9.1"," "
"Broadcom","Broadcom BCM57608 1x400G PCIe Ethernet NIC","Network","ESXi 9.1"," "
"Broadcom","MegaRAID 9524-8i","SAS-SATA-NVME Tri-mode RAID","ESXi 9.1"," "
"Broadcom","BCM57412","Network","ESXi 9.1"," "
"Broadcom","SAS 9400-16e","SAS-SATA-NVME Tri-mode","ESXi 9.1"," "
"Broadcom","NetXtreme E-Series Dual-port 100Gb OCP 3.0 Ethernet Virtual Function","Network","ESXi 9.1"," "
"Broadcom","Fusion-MPT 12G SAS/PCIe SAS39xx","SAS","ESXi 9.1"," "
"Broadcom","BCM57412","Network","ESXi 9.1"," "
"Broadcom","BCM57412","Network","ESXi 9.1"," "
"Broadcom","BCM57417 NetXtreme-E RDMA Partition","Network","ESXi 9.1","Restricted"
"Broadcom","BCM57504","Network","ESXi 9.1"," "
"Broadcom","BCM57416","Network","ESXi 9.1"," "
"Broadcom","BCM57412 NetXtreme-E RDMA Partition","Network","ESXi 9.1","Restricted"
"Broadcom","NetXtreme E-Series Quad-port 25Gb SFP28 PCIe Ethernet Adapter","Network","ESXi 9.1"," "
"Broadcom","BCM57412","Network","ESXi 9.1"," "
"Broadcom","Broadcom BCM57608 2x100G PCIe Ethernet NIC","Network","ESXi 9.1"," "
"Broadcom","BCM5717","Network","ESXi 9.1"," "
"Broadcom","NetXtreme-E RDMA Virtual Function","Network","ESXi 9.1","Restricted"
"Broadcom","NetXtreme E-Series Quad-port 25Gb SFP28 OCP 3.0 Ethernet Partition","Network","ESXi 9.1"," "
"Broadcom","NetXtreme E-Series Quad-port 25Gb SFP28 PCIe Ethernet Partition","Network","ESXi 9.1"," "
"Broadcom","SAS 9400-8e","SAS-SATA-NVME Tri-mode","ESXi 9.1"," "
"Broadcom","BCM57402","Network","ESXi 9.1"," "
"Broadcom","BCM57414 NetXtreme-E RDMA Partition","Network","ESXi 9.1","Restricted"
"Broadcom","NetXtreme-E-Series Dual-port 100Gb Ethernet PCIe Partition","Network","ESXi 9.1"," "
"Broadcom","BCM57412","Network","ESXi 9.1"," "
"Broadcom","NetXtreme-E N2100DE BCM57508 2x100G QSFP56 OCP3.0 Ethernet Partition","Network","ESXi 9.1"," "
"Broadcom","Fusion-MPT 12G SAS/PCIe SAS38xx","SAS","ESXi 9.1"," "
"Broadcom","SAS3416 Fusion-MPT Tri-Mode I/O Controller Chip (IOC)","SAS","ESXi 9.1"," "
"Broadcom","Broadcom BCM57608 2x200G OCP Ethernet NIC","Network","ESXi 9.1"," "
"Broadcom","NetXtreme E-Series Dual-port 100Gb OCP 3.0 Ethernet Partition","Network","ESXi 9.1"," "
"Broadcom","BCM57504","Network","ESXi 9.1"," "
"Broadcom","NetXtreme-E N2100DE BCM57508 2x100G QSFP56 OCP3.0 RDMA Partition","Network","ESXi 9.1"," "
"Broadcom","MegaRAID 9520-8i","SAS-SATA-NVME Tri-mode RAID","ESXi 9.1"," "
"Broadcom","NetXtreme E-Series Quad-port 25Gb SFP28 PCIe RDMA Virtual Function","Network","ESXi 9.1"," "
"Broadcom","BCM57417","Network","ESXi 9.1"," "
"Broadcom","SAS 9500-16e","SAS/SATA-RAID","ESXi 9.1"," "
"Broadcom","NetXtreme E-Series Quad-port 25Gb SFP28 OCP 3.0 RDMA Virtual Function","Network","ESXi 9.1"," "
"Broadcom","SAS 9500-16i","SAS-SATA-NVME Tri-mode","ESXi 9.1"," "
"Broadcom","NetXtreme-E N425DE BCM57504 4x25G SFP28 OCP3.0 Ethernet Partition","Network","ESXi 9.1"," "
"Broadcom","NetXtreme E-Series Quad-port 25Gb SFP28 PCIe Ethernet Adapter","Network","ESXi 9.1"," "
"Cisco","Cisco(R) X710T2LG 2x10 GbE RJ45 PCIe NIC","Network","ESXi 9.1"," "
"Cisco","Cisco SSD DC P5500 Series SSDPF2KX038T9K (3.84TB
 2.5" U.2
 PN: UCS-NVMEI4-I3840)","NVMe","ESXi 9.1"," "
"Cisco","UCS VIC1467","Network","ESXi 9.1"," "
"Cisco","UCSX-NVMEM6-W6400","NVMe","ESXi 9.1"," "
"Cisco","UCSC-F-H16003","NVMe","ESXi 9.1"," "
"Cisco","UCSX-NVMEM6-W15300","NVMe","ESXi 9.1"," "
"Cisco","UCS-NVMEG4-M960-D","NVMe","ESXi 9.1"," "
"Cisco","UCSX-NVB6T4M2PM6","NVMe","ESXi 9.1"," "
"Cisco","Cisco SSD DC P4610 Series SSDPE2KE016T8K (1.6 TB
 2.5" U.2
 PN: UCSC-NVME2H-I1600)","NVMe","ESXi 9.1"," "
"Cisco","UCS-S3260-NVM48","NVMe","ESXi 9.1"," "
"Cisco","UCS-S3260-NVMM76T","NVMe","ESXi 9.1"," "
"Cisco","VIC-1285","FCoE CNAs","ESXi 9.1","Restricted"
"Cisco","Cisco SSD DC P5600 Series SSDPF2KE032T9K (3.2TB
 2.5" U.2
 PN: UCS-NVMEI4-I3200)","NVMe","ESXi 9.1"," "
"Cisco","UCSB-F-H5607 (30-1554-01)","NVMe","ESXi 9.1"," "
"Cisco","UCSC-P-M5S100GF","Network","ESXi 9.1"," "
"Cisco","Ethernet Connection E823-L for SFP","Network","ESXi 9.1"," "
"Cisco","UCS-NVMEG4-M1920","NVMe","ESXi 9.1"," "
"Cisco","Cisco SSD DC P5620 Series SSDPF2KE064T10 (6.4TB
 2.5" U.2
 PN: UCS-NVB6T4O1P
 UCS-NVB6T4O1P)","NVMe","ESXi 9.1"," "
"Cisco","Cisco VIC Ethernet NIC Dynamic","Network","ESXi 9.1"," "
"Cisco","UCSC-P-M5D100GF","Network","ESXi 9.1"," "
"Cisco","UCSC-NVME-H64003","NVMe","ESXi 9.1"," "
"Cisco","VIC-1385","Network","ESXi 9.1","Restricted"
"Cisco","Cisco SSD DC P4500 Series SSDPE2KX020T7K (2.0 TB
 2.5" U.2
 PN: UCSB-NVMEHW-I2TBV)","NVMe","ESXi 9.1"," "
"Cisco","UCSC-F-I80010","NVMe","ESXi 9.1"," "
"Cisco","UCS-NVE115T3K2V9","NVMe","ESXi 9.1"," "
"Cisco","UCS-M2-NVRAID","SAS-SATA-NVME Tri-mode","ESXi 9.1"," "
"Cisco","Cisco SSD DC P5520 Series SSDPF2KX076T10 (7.62TB
 2.5" U.2
 PN: UCS-NVB7T6O1V
 UCSX-NVB7T6O1V)","NVMe","ESXi 9.1"," "
"Cisco","UCSC-SAS9300-8E","SAS","ESXi 9.1"," "
"Cisco","UCS VIC 15427","FCoE CNAs","ESXi 9.1"," "
"Cisco","UCS-NVE17T6K2V9","NVMe","ESXi 9.1"," "
"Cisco","UCS-NVMEG4-M6400","NVMe","ESXi 9.1"," "
"Cisco","UCS-NVE13T8K1V","NVMe","ESXi 9.1"," "
"Cisco","Cisco 1GigE I350 LOM","Network","ESXi 9.1"," "
"Cisco","UCSB-NVMEM6-M7600","NVMe","ESXi 9.1"," "
"Cisco","UCSC-RAID-M6T","SAS/SATA-RAID","ESXi 9.1"," "
"Cisco","UCSX-NVB7T6M2V9","NVMe","ESXi 9.1"," "
"Cisco","Cisco(R) E810XXVDA2 2x25/10 GbE SFP28 PCIe NIC ","Network","ESXi 9.1"," "
"Cisco","UCSB-RAID12G-M6","SAS-RAID","ESXi 9.1"," "
"Cisco","UCSX-NVB15T3M2V ","NVMe","ESXi 9.1"," "
"Cisco","Cisco SSD DC P5620 Series SSDPF2KE064T10 (6.4TB
 2.5" U.2
 PN: UCS-NVB6T4O1P
 UCS-NVB6T4O1P)","NVMe","ESXi 9.1"," "
"Cisco","UCSC-NVMEHW-H1600","NVMe","ESXi 9.1"," "
"Cisco","Cisco-NVDA MCX755106AS-HEAT 2x200GbE QSFP112 Gen5 x16 PCIe NIC","Network","ESXi 9.1"," "
"Cisco","UCSX-NVB7T6M2VM6","NVMe","ESXi 9.1"," "
"Cisco","Cisco SSD DC P4501 Series SSDPE7KX500G7K (500 GB
 2.5” U.2
 PN: HX-NVMELW-I500)","NVMe","ESXi 9.1"," "
"Cisco","UCS VIC1340","Network","ESXi 9.1","Restricted"
"Cisco","UCS VIC1240","FCoE CNAs","ESXi 9.1","Restricted"
"Cisco","UCSC-F-I12003","NVMe","ESXi 9.1"," "
"Cisco","Cisco(R) Ethernet Converged NIC XL710-QDA2","Network","ESXi 9.1"," "
"Cisco","UCS-NVMEG4-M3200","NVMe","ESXi 9.1"," "
"Cisco","Cisco QLogic QLE2742 dual-port 32G FC HBA","FC","ESXi 9.1"," "
"Cisco","UCS-NVB3T2M2PM6 ","NVMe","ESXi 9.1"," "
"Cisco","UCS VIC 15235","FCoE CNAs","ESXi 9.1"," "
"Cisco","UCSB-NVMEHW-H6400","NVMe","ESXi 9.1"," "
"Cisco","UCS VIC1440","FCoE CNAs","ESXi 9.1"," "
"Cisco","Cisco SSD DC P5520 Series SSDPF2KX038T10 (3.84TB
 2.5" U.2
 PN: UCS-NVB3T8O1V
 UCSX-NVB3T8O1V)","NVMe","ESXi 9.1"," "
"Cisco","Cisco(R) Ethernet Converged NIC X710-DA4","Network","ESXi 9.1"," "
"Cisco","VIC-1285","Network","ESXi 9.1","Restricted"
"Cisco","Cisco SSD DC P4501 Series SSDPE7KX040T7K (4.0 TB
 2.5” U.2
 PN: UCS-S3260-NVG240)","NVMe","ESXi 9.1"," "
"Cisco","Cisco(R) E810XXVDA4 4x25/10 GbE SFP28 PCIe NIC","Network","ESXi 9.1"," "
"Cisco","UCS VIC 15422","Network","ESXi 9.1"," "
"Cisco","UCS-NVMEG4-M1920D","NVMe","ESXi 9.1"," "
"Cisco","UCSX-NVMEG4-M6400","NVMe","ESXi 9.1"," "
"Cisco","Cisco Optane™ SSD DC P4800X Series SSDPE21K375GAW (375GB
 2.5” U.2
 PN:UCSB-NVMEXPB-I375)","NVMe","ESXi 9.1","Restricted"
"Cisco","UCS VIC 15237","Network","ESXi 9.1"," "
"Cisco","UCS VIC P81E","FCoE CNAs","ESXi 9.1"," "
"Cisco","Cisco SSD DC P4501 Series SSDPE7KX020T7K (2.0 TB
 2.5” U.2
 PN: UCS-S3260-NVG220)","NVMe","ESXi 9.1"," "
"Cisco","Cisco SSD DC P4610 Series SSDPE2KE016T8K (1.6 TB
 2.5" U.2
 PN: UCSB-NVME2H-I1600)","NVMe","ESXi 9.1"," "
"Cisco","Cisco Optane™ SSD DC P4800X Series SSDPE21K375GAW (375GB
 2.5” U.2
 PN:UCSC-NVMEXPB-I375)","NVMe","ESXi 9.1","Restricted"
"Cisco","UCSX-NVB6T4M2P ","NVMe","ESXi 9.1"," "
"Cisco","UCSC-9400-8E","SAS","ESXi 9.1"," "
"Cisco","UCSX-NVMEG4M1920D","NVMe","ESXi 9.1"," "
"Cisco","Cisco SSD DC P5620 Series SSDPF2KE064T10 (6.4TB
 2.5" U.2
 PN: UCSX-NVME4-6400)","NVMe","ESXi 9.1"," "
"Cisco","MTFDLCE3T8THA-1BK1DFCYY","NVMe","ESXi 9.1"," "
"Cisco","Cisco-NVDA MCX623436AC-CDAB CX6Dx 2x100G QSFP56 x16 OCP NIC","Network","ESXi 9.1"," "
"Cisco","UCSX-NVB1T9M2V9 ","NVMe","ESXi 9.1"," "
"Cisco","UCSC-SAS-M6HD","SAS-SATA-NVME Tri-mode","ESXi 9.1"," "
"Cisco","UCSX-NVMEM6-W7680","NVMe","ESXi 9.1"," "
"Cisco","UCSC-RAID-HP","SAS-SATA-NVME Tri-mode RAID","ESXi 9.1"," "
"Cisco","Cisco SSD DC P4510 Series SSDPE2KX040T8K (4.0 TB
 2.5" U.2
 PN: UCSC-NVME2H-I4000)","NVMe","ESXi 9.1"," "
"Cisco","Cisco Optane™ SSD DC P5800X Series SSDPF21Q400GBK (400GB 2.5” U.2
 PN:UCS-NVMEXP-I400)","NVMe","ESXi 9.1"," "
"Cisco","Cisco SSD DC P5620 Series SSDPF2KE16T10 (1.6TB
 2.5" U.2
 PN: UCS-NVB1T6O1P
 UCSX-NVB1T6O1P)","NVMe","ESXi 9.1"," "
"Cisco","Cisco SSD DC P5520 Series SSDPF2KX076T10 (7.62TB
 2.5" U.2
 PN: UCS-NVB7T6O1V
 UCSX-NVB7T6O1V)","NVMe","ESXi 9.1"," "
"Cisco","UCS-NVMEG4-M6400D","NVMe","ESXi 9.1"," "
"Cisco","UCS VIC 15238","FCoE CNAs","ESXi 9.1"," "
"Cisco","UCSC-9400-8I","SAS-SATA-NVME Tri-mode","ESXi 9.1"," "
"Cisco","UCSB-F-H32003 (30-1555-02)","NVMe","ESXi 9.1"," "
"Cisco","MTFDLCE3T8THA-1BK1JABYY","NVMe","ESXi 9.1"," "
"Cisco","UCSX-NVB3T8M2V9 ","NVMe","ESXi 9.1"," "
"Cisco","VIC-1227","FCoE CNAs","ESXi 9.1","Restricted"
"Cisco","Cisco QLogic QLE2872 2x32G FC Gen 7 Enhanced PCIe HBA","FC","ESXi 9.1"," "
"Cisco","UCSC-SAS12GHBA","SAS","ESXi 9.1"," "
"Cisco","Ethernet Connection E823-L 1GbE","Network","ESXi 9.1"," "
"Cisco","UCSX-NVB7T6M2V","NVMe","ESXi 9.1"," "
"Cisco","Cisco SSD DC P5620 Series SSDPF2KE32T10 (3.2TB
 2.5" U.2
 PN: UCS-NVME4-3200
 UCSX-NVME4-3200)","NVMe","ESXi 9.1"," "
"Cisco","UCSX-NVMEM6-W3200","NVMe","ESXi 9.1"," "
"Cisco","UCS VIC1455","FCoE CNAs","ESXi 9.1"," "
"Cisco","LSI MegaRAID SAS 3008 ROMB","SAS-RAID","ESXi 9.1"," "
"Cisco","UCSX-NVMEG4M7680D","NVMe","ESXi 9.1"," "
"Cisco","UCS VIC1477","FCoE CNAs","ESXi 9.1"," "
"Cisco","UCSX-NVB1T6M2P ","NVMe","ESXi 9.1"," "
"Cisco","UCSB-MRAID12G","SAS-RAID","ESXi 9.1"," "
"Cisco","UCSC C3260 SIOC","Network","ESXi 9.1"," "
"Cisco","Cisco-MLNX MCX623106AC-CDAT 2x100GbE QSFP56 PCIe NIC","Network","ESXi 9.1"," "
"Cisco","MTFDLCE15T3THA-1BK1JABYY","NVMe","ESXi 9.1"," "
"Cisco","UCSX-NVMEG4M3840D","NVMe","ESXi 9.1"," "
"Cisco","Cisco SSD DC P5620 Series SSDPF2KE128T1O (12.8TB
 2.5" U.2
 PN: UCS-NVB12T8O1P
 UCSX-NVB12T8O1P)","NVMe","ESXi 9.1"," "
"Cisco","Cisco X550-TX 10 Gig LOM","Network","ESXi 9.1"," "
"Cisco","Cisco 12G SAS Modular Raid Controller for C460","SAS-RAID","ESXi 9.1"," "
"Cisco","UCSC-RAID-M5","SAS/SATA-RAID","ESXi 9.1"," "
"Cisco","UCS-PCI25-16003","NVMe","ESXi 9.1"," "
"Cisco","UCS VIC 15238","Network","ESXi 9.1"," "
"Cisco","3.84TB E3.S1T PM1743 HgPerf MedEnd Gen5 1X NVMe (TCG OPAL)","NVMe","ESXi 9.1"," "
"Cisco","UCS VIC 15411","FCoE CNAs","ESXi 9.1"," "
"Cisco","7.68TB E3.S1T PM1743 HgPerf MedEnd Gen5 1X NVMe (TCG OPAL)","NVMe","ESXi 9.1"," "
"Cisco","UCS-NVB1T9M2VM6","NVMe","ESXi 9.1"," "
"Cisco","UCS VIC1455","Network","ESXi 9.1"," "
"Cisco","UCSX-NVB3T8M2VM6","NVMe","ESXi 9.1"," "
"Cisco","VIC M81KR","Network","ESXi 9.1"," "
"Cisco","UCS-S3260-DHBA","SAS","ESXi 9.1"," "
"Cisco","UCS-PCI25-80010","NVMe","ESXi 9.1"," "
"Cisco","Cisco SSD DC P5520 Series SSDPF2KX076T1O (7.62TB
 2.5" U.2
 PN: UCS-NVME4-7680
 UCSX-NVME4-7680)","NVMe","ESXi 9.1"," "
"Cisco","UCSB-NVMEHW-H1600","NVMe","ESXi 9.1"," "
"Cisco","UCSC-NVMEHW-H800","NVMe","ESXi 9.1"," "
"Cisco","UCS VIC 15420","Network","ESXi 9.1"," "
"Cisco","Cisco UCS VIC Fnic Controller","FCoE CNAs","ESXi 9.1"," "
"Cisco","Cisco SSD DC P5520 Series SSDPF2KX038T10 (3.84TB
 2.5" U.2
 PN: UCS-NVB3T8O1V
 UCSX-NVB3T8O1V)","NVMe","ESXi 9.1"," "
"Cisco","Cisco SSD DC P5620 Series SSDPF2KE16T10 (1.6TB
 2.5" U.2
 PN: UCS-NVB1T6O1P
 UCSX-NVB1T6O1P)","NVMe","ESXi 9.1"," "
"Cisco","MTFDLCE15T3THA-1BK1DFCYY","NVMe","ESXi 9.1"," "
"Cisco","UCSB-MRAID12G-HE","SAS-RAID","ESXi 9.1"," "
"Cisco","UCSX-NVB1T6M2PM6","NVMe","ESXi 9.1"," "
"Cisco","Cisco 12G SAS Modular Raid Controller","SAS-RAID","ESXi 9.1"," "
"Cisco","UCSC-9500-8E","SAS-SATA-NVME Tri-mode","ESXi 9.1"," "
"Cisco","Cisco RAID controller for UCS C3X60 Storage Servers","SAS-RAID","ESXi 9.1"," "
"Cisco","Cisco(R) E810CQDA2 2x100 GbE QSFP28 PCIe NIC","Network","ESXi 9.1"," "
"Cisco","UCSB-F-H32003 (30-1555-01)","NVMe","ESXi 9.1"," "
"Cisco","Cisco SSD DC P4510 Series SSDPE2KX080T8K (8.0 TB
 2.5" U.2
 PN: HX-NVMEHW-I8000)","NVMe","ESXi 9.1"," "
"Cisco","UCSC-SAS-T-D Cisco 12G SAS HBA (16 Drives)","SAS/SATA-RAID","ESXi 9.1"," "
"Cisco","UCS VIC1480","FCoE CNAs","ESXi 9.1"," "
"Cisco","UCSC-NVME-H38401","NVMe","ESXi 9.1"," "
"Cisco","UCSX-NVB1T9M2V9","NVMe","ESXi 9.1"," "
"Cisco","Cisco SSD DC P4500 Series SSDPE2KX020T7K (2.0 TB
 2.5" U.2
 PN: UCSC-NVMEHW-I2TBV)","NVMe","ESXi 9.1"," "
"Cisco","Cisco Optane™ SSD DC P5800X Series SSDPF21Q400GBK (400GB 2.5” U.2
 PN:UCSX-NVMEXP-I400)","NVMe","ESXi 9.1"," "
"Cisco","Cisco SSD DC P4510 Series SSDPE2KX020T8K (2.0 TB
 2.5" U.2
 PN: UCSB-NVME2H-I2000)","NVMe","ESXi 9.1"," "
"Cisco","Cisco-NVDA MCX713104AS-ADAT 4x25GbE SFP56 Gen4 x16 PCIe NIC","Network","ESXi 9.1"," "
"Cisco","UCSX-NVB1T9M2VM6","NVMe","ESXi 9.1"," "
"Cisco","UCSC-F-I160010","NVMe","ESXi 9.1"," "
"Cisco","Cisco SSD DC P5600 Series SSDPF2KE016T9K (1.6TB
 2.5" U.2
 PN: UCS-NVMEI4-I1600)","NVMe","ESXi 9.1"," "
"Cisco","UCSC-SAS-M6T Cisco 12G SAS HBA (16 Drives)","SAS/SATA-RAID","ESXi 9.1"," "
"Cisco","UCSX-NVMEG4-M1920 ","NVMe","ESXi 9.1"," "
"Cisco","UCS-NVMEM6-W3200
 UCSB-NVMHG-W3200
 UCS-S3260-NVMW32","NVMe","ESXi 9.1"," "
"Cisco","Cisco(R) Ethernet Network Adapter XXV710 ","Network","ESXi 9.1"," "
"Cisco","UCS-NVMEM6-W1600
 UCSB-NVMHG-W1600
 UCS-S3260-NVMW16","NVMe","ESXi 9.1"," "
"Cisco","Cisco SSD DC P4500 Series SSDPE2KX010T7K (4.0 TB
 2.5" U.2
 PN: HX-NVMEHW-I4000)","NVMe","ESXi 9.1"," "
"Cisco","VIC-1385","FCoE CNAs","ESXi 9.1","Restricted"
"Cisco","UCS-NVMEM6-W6400
 UCSB-NVMHG-W6400
 UCS-S3260-NVMW64","NVMe","ESXi 9.1"," "
"Cisco","UCSX-NVMEG4-M1600","NVMe","ESXi 9.1"," "
"Cisco","UCSX-NVB960M2VM6","NVMe","ESXi 9.1"," "
"Cisco","VIC-1227","Network","ESXi 9.1","Restricted"
"Cisco","UCSB-NVMEHW-H7680","NVMe","ESXi 9.1"," "
"Cisco","Cisco SSD DC P5520 Series SSDPF2KX019T10 (1.92TB
 2.5" U.2
 PN: UCS-NVB1T9O1V
 UCSX-NVB1T9O1V)","NVMe","ESXi 9.1"," "
"Cisco","UCS-RAID9361CV-8i","SAS-RAID","ESXi 9.1"," "
"Cisco","UCS VIC1495","FCoE CNAs","ESXi 9.1"," "
"Cisco","UCSB-NVMEHW-H3200","NVMe","ESXi 9.1"," "
"Cisco","UCSC-P-M5D25GF","Network","ESXi 9.1"," "
"Cisco","VIC 14825","FCoE CNAs","ESXi 9.1"," "
"Cisco","Cisco SSD DC P5620 Series SSDPF2KE16T10 (1.6TB
 2.5" U.2
 PN: UCS-NVME4-1600
 UCSX-NVME4-1600)","NVMe","ESXi 9.1"," "
"Cisco","UCS-NVMEM6-W7680
 UCSB-NVMHG-W7600","NVMe","ESXi 9.1"," "
"Cisco","Cisco SSD DC P5520 Series SSDPF2KX019T10 (1.92TB
 2.5" U.2
 PN: UCS-NVB1T9O1V
 UCSX-NVB1T9O1V)","NVMe","ESXi 9.1"," "
"Cisco","UCS VIC1340","FCoE CNAs","ESXi 9.1","Restricted"
"Cisco","UCS-NVE112T8K1P","NVMe","ESXi 9.1"," "
"Cisco","Cisco SSD DC P4500 Series SSDPE2KX010T7K (1.0 TB
 2.5" U.2
 PN: HX-NVMEHW-I1000)","NVMe","ESXi 9.1"," "
"Cisco","Cisco SSD DC P5500 Series SSDPF2KX076T9K (7.68TB
 2.5" U.2
 PN: UCS-NVMEI4-I7680)","NVMe","ESXi 9.1"," "
"Cisco","UCS VIC 15230","Network","ESXi 9.1"," "
"Cisco","Cisco SSD DC P5600 Series SSDPF2KE064T9K (6.4TB
 2.5" U.2
 PN: UCS-NVMEI4-I6400)","NVMe","ESXi 9.1"," "
"Cisco","UCS-NVB3T8M2VM6 ","NVMe","ESXi 9.1"," "
"Cisco","UCS-S3260-DRAID","SAS-RAID","ESXi 9.1"," "
"Cisco","UCS-PCI25-8003","NVMe","ESXi 9.1"," "
"Cisco","UCS VIC1477","Network","ESXi 9.1"," "
"Cisco","UCS-PCI25-40010","NVMe","ESXi 9.1"," "
"Cisco","UCSC-NVMEHW-H3200","NVMe","ESXi 9.1"," "
"Cisco","Cisco Optane™ SSD DC P5800X Series SSDPF21Q800GBK (800GB 2.5” U.2
 PN:UCSX-NVMEXP-I800)","NVMe","ESXi 9.1"," "
"Cisco","Cisco SSD DC P4610 Series SSDPE2KE032T8K (3.2 TB
 2.5" U.2
 PN: UCSC-NVME2H-I3200)","NVMe","ESXi 9.1"," "
"Cisco","UCSC-RAID-M6HD","SAS/SATA-RAID","ESXi 9.1"," "
"Cisco","UCS VIC1380","FCoE CNAs","ESXi 9.1","Restricted"
"Cisco","Cisco Optane™ SSD DC P4800X Series SSDPE21K750GAW (750GB
 2.5” U.2
 PN:UCSC-NVMEXP-I750)","NVMe","ESXi 9.1","Restricted"
"Cisco","VIC-1225","FCoE CNAs","ESXi 9.1","Restricted"
"Cisco","UCSB-NVMEM6-M800","NVMe","ESXi 9.1"," "
"Cisco","UCS-NVMEG4-M1536","NVMe","ESXi 9.1"," "
"Cisco","Cisco SSD DC P4600 Series SSDPE2KE020T7K (2.0 TB
 2.5" U.2
 PN: UCSC-NVMEHW-I2000)","NVMe","ESXi 9.1"," "
"Cisco","UCSX-NVMEG4M6400D","NVMe","ESXi 9.1"," "
"Cisco","Cisco(R) Ethernet Converged NIC X550-T2","Network","ESXi 9.1"," "
"Cisco","UCSX-NVMEG4-M960D","NVMe","ESXi 9.1"," "
"Cisco","UCS VIC 15425","Network","ESXi 9.1"," "
"Cisco","VIC 14425","Network","ESXi 9.1"," "
"Cisco","UCS VIC 15425","FCoE CNAs","ESXi 9.1"," "
"Cisco","Cisco SSD DC P5520 Series SSDPF2KX153T1O (15.36TB
 2.5" U.2
 PN: UCS-NVME4-15360
 UCSX-NVME4-15360)","NVMe","ESXi 9.1"," "
"Cisco","Cisco Optane™ SSD DC P4800X Series SSDPE21K375GAK (375GB
 2.5” U.2
 PN:UCSC-NVMEXP-I375)","NVMe","ESXi 9.1","Restricted"
"Cisco","UCS VIC 15422","FCoE CNAs","ESXi 9.1"," "
"Cisco","MTFDLCE7T6THA-1BK1DFCYY","NVMe","ESXi 9.1"," "
"Cisco","UCSC C3260 SIOC","FCoE CNAs","ESXi 9.1"," "
"Cisco","Cisco SSD DC P4501 Series SSDPE7KX010T7K (1.0 TB
 2.5” U.2
 PN: UCSC-NVMELW-I1000)","NVMe","ESXi 9.1"," "
"Cisco","UCSX-NVMEG4-M3200","NVMe","ESXi 9.1"," "
"Cisco","UCSC-SAS9460-8I","SAS/SATA-RAID","ESXi 9.1"," "
"Cisco","Cisco SSD DC P4500 Series SSDPE2KX010T7K (1.0 TB
 2.5" U.2
 PN: UCSB-NVMEHW-I1000)","NVMe","ESXi 9.1"," "
"Cisco","UCS VIC1440","Network","ESXi 9.1"," "
"Cisco","QLogic QLE2772 2x32GFC Gen 6 Enhanced Mach 32 PCIe HBA","FC","ESXi 9.1"," "
"Cisco","Cisco SSD DC P4510 Series SSDPE2KX040T8K (4.0 TB
 2.5" U.2
 PN: UCSB-NVME2H-I4000)","NVMe","ESXi 9.1"," "
"Cisco","UCSC-F-I20003","NVMe","ESXi 9.1"," "
"Cisco","UCS VIC1497","FCoE CNAs","ESXi 9.1"," "
"Cisco","UCS-NVMEG4-M3840D","NVMe","ESXi 9.1"," "
"Cisco","UCSX-X10C-RAIDF","SAS/SATA-RAID","ESXi 9.1"," "
"Cisco","Cisco SSD DC P5520 Series SSDPF2KX153T10 (15.36TB
 2.5" U.2
 PN: UCS-NVB15TO1V
 UCSX-NVB15TO1V)","NVMe","ESXi 9.1"," "
"Cisco","UCS-NVMEM6-W15300
 UCSB-NVMHG-W15300","NVMe","ESXi 9.1"," "
"Cisco","MTFDLBQ30T7THA-1BK1DABYY","NVMe","ESXi 9.1"," "
"Cisco","UCSC-NVME-H32003","NVMe","ESXi 9.1"," "
"Cisco","UCS-NVB6T4M2PM6 ","NVMe","ESXi 9.1"," "
"Cisco","Cisco QLogic QLE2692 dual-port 16G FC HBA","FC","ESXi 9.1"," "
"Cisco","UCSX-NVB12T8M2P ","NVMe","ESXi 9.1"," "
"Cisco","Cisco-NVDA MCX631432AC-ADAB CX6 Lx 2x25G SFP28 x8 OCP NIC","Network","ESXi 9.1"," "
"Cisco","Cisco SSD DC P4501 Series SSDPE7KX010T7K (1.0 TB
 2.5” U.2
 PN: UCS-S3260-NVG210)","NVMe","ESXi 9.1"," "
"Cisco","UCSC-NVME-H76801","NVMe","ESXi 9.1"," "
"Cisco","Cisco SSD DC P4501 Series SSDPE7KX020T7K (2.0 TB
 2.5” U.2
 PN: UCSC-NVMELW-I2000)","NVMe","ESXi 9.1"," "
"Cisco","UCS VIC 15428","FCoE CNAs","ESXi 9.1"," "
"Cisco","Cisco SSD DC P5620 Series SSDPF2KE32T10 (3.2TB
 2.5" U.2
 PN: UCS-NVB3T2O1P
 UCSX-NVB3T2O1P)","NVMe","ESXi 9.1"," "
"Cisco","UCS VIC 15427","Network","ESXi 9.1"," "
"Cisco","Cisco SSD DC P4610 Series SSDPE2KE032T8K (3.2 TB
 2.5" U.2
 PN: UCSB-NVME2H-I3200)","NVMe","ESXi 9.1"," "
"Cisco","UCSB-F-H5607 (30-1554-02)","NVMe","ESXi 9.1"," "
"Cisco","UCS VIC1457","FCoE CNAs","ESXi 9.1"," "
"Cisco","Ethernet Connection E823-L for backplane","Network","ESXi 9.1"," "
"Cisco","UCS-NVE13T2K1P","NVMe","ESXi 9.1"," "
"Cisco","UCSC-SAS-M5HD","SAS","ESXi 9.1"," "
"Cisco","Cisco SSD DC P4501 Series SSDPE7KX010T7K (1.0 TB
 2.5” U.2
 PN: HX-NVMELW-I1000)","NVMe","ESXi 9.1"," "
"Cisco","UCS-NVB1T6M2PM6 ","NVMe","ESXi 9.1"," "
"Cisco","Cisco SSD DC P5620 Series SSDPF2KE32T10 (3.2TB
 2.5" U.2
 PN: UCS-NVB3T2O1P
 UCSX-NVB3T2O1P)","NVMe","ESXi 9.1"," "
"Cisco","UCS VIC1480","Network","ESXi 9.1"," "
"Cisco","UCS-NVMEG4-M3840","NVMe","ESXi 9.1"," "
"Cisco","Cisco SSD DC P4600 Series SSDPE2KE016T7K (1.6 TB
 2.5" U.2
 PN: UCSB-NVMEHW-I1600)","NVMe","ESXi 9.1"," "
"Cisco","Cisco Optane™ SSD DC P4800X Series SSDPE21K375GAK (375GB
 2.5” U.2
 PN:UCSB-NVMEXP-I375)","NVMe","ESXi 9.1","Restricted"
"Cisco","Cisco 9300-8i 12G SAS HBA","SAS","ESXi 9.1"," "
"Cisco","UCS-S3260-NVMW64T","NVMe","ESXi 9.1"," "
"Cisco","Cisco(R) Ethernet Network Adapter XXV710 OCP 2.0","Network","ESXi 9.1"," "
"Cisco","Cisco-MLNX MCX623106AS-CDAT 2x100GbE QSFP56 PCIe NIC","Network","ESXi 9.1"," "
"Cisco","UCS-NVMEG4-M7680D","NVMe","ESXi 9.1"," "
"Cisco","Cisco SSD DC P5620 Series SSDPF2KE128T1O (12.8TB
 2.5" U.2
 PN: UCS-NVB12T8O1P
 UCSX-NVB12T8O1P)","NVMe","ESXi 9.1"," "
"Cisco","UCS-S3260-NVM416","NVMe","ESXi 9.1"," "
"Cisco","UCS VIC 15237","FCoE CNAs","ESXi 9.1"," "
"Cisco","UCS-S3260-NVM464","NVMe","ESXi 9.1"," "
"Cisco","UCS-NVMEG4-M960","NVMe","ESXi 9.1"," "
"Cisco","UCS-S3260-NVM432","NVMe","ESXi 9.1"," "
"Cisco","UCSX-NVB960M2V ","NVMe","ESXi 9.1"," "
"Cisco","Cisco SSD DC P4600 Series SSDPE2KE020T7K (2.0 TB
 2.5" U.2
 PN: UCSB-NVMEHW-I2000)","NVMe","ESXi 9.1"," "
"Cisco","Cisco SSD DC P5520 Series SSDPF2KX038T1O (3.84TB
 2.5" U.2
 PN: UCS-NVME4-3840
 UCSX-NVME4-3840)","NVMe","ESXi 9.1"," "
"Cisco","UCS VIC1387","Network","ESXi 9.1","Restricted"
"Cisco","UCS VIC 15420","FCoE CNAs","ESXi 9.1"," "
"Cisco","UCSX-NVMEG4-M3840","NVMe","ESXi 9.1"," "
"Cisco","UCSX-NVMEG4-M1536","NVMe","ESXi 9.1"," "
"Cisco","UCSX-NVMEG4-M7680","NVMe","ESXi 9.1"," "
"Cisco","UCS-NVE17T6K1V","NVMe","ESXi 9.1"," "
"Cisco","UCSC-NVMEHW-H7680","NVMe","ESXi 9.1"," "
"Cisco","UCS VIC1280","FCoE CNAs","ESXi 9.1","Restricted"
"Cisco","UCS-NVE11T9K1V","NVMe","ESXi 9.1"," "
"Cisco","UCSB-NVMEHW-H800","NVMe","ESXi 9.1"," "
"Cisco","VIC-1227-T","FCoE CNAs","ESXi 9.1","Restricted"
"Cisco","UCS-NVE16T4K1P","NVMe","ESXi 9.1"," "
"Cisco","UCS-NVMEG4-M3200D","NVMe","ESXi 9.1"," "
"Cisco","VIC-1225T","FCoE CNAs","ESXi 9.1","Restricted"
"Cisco","UCSX-NVMEG4-M960","NVMe","ESXi 9.1"," "
"Cisco","UCSX-NVB3T2M2P ","NVMe","ESXi 9.1"," "
"Cisco","UCS VIC 15428","Network","ESXi 9.1"," "
"Cisco","Cisco Optane™ SSD DC P5800X Series SSDPF21Q800GBK (800GB 2.5” U.2
 PN:UCS-NVMEXP-I800)","NVMe","ESXi 9.1"," "
"Cisco","UCS VIC1380","Network","ESXi 9.1","Restricted"
"Cisco","UCSC-NVMEHW-H6400","NVMe","ESXi 9.1"," "
"Cisco","MTFDLCE7T6THA-1BK1JABYY","NVMe","ESXi 9.1"," "
"Cisco","Cisco SSD DC P4501 Series SSDPE7KX500G7K (500 GB
 2.5” U.2
 PN: UCSC-NVMELW-I500)","NVMe","ESXi 9.1"," "
"Cisco","Cisco(R) X710T4LG 4x10 GbE RJ45 PCIe NIC","Network","ESXi 9.1"," "
"Cisco","Cisco SSD DC P4501 Series SSDPE7KX020T7K (2.0 TB
 2.5” U.2
 PN: UCSB-NVMELW-I2000)","NVMe","ESXi 9.1"," "
"Cisco","UCS-S3260-NVMM64T","NVMe","ESXi 9.1"," "
"Cisco","1.92TB E3.S1T PM1743 HgPerf MedEnd Gen5 1X NVMe (TCG OPAL)","NVMe","ESXi 9.1"," "
"Cisco","UCS-NVE11T6K1P","NVMe","ESXi 9.1"," "
"Cisco","Cisco SSD DC P4510 Series SSDPE2KX020T8K (2.0 TB
 2.5" U.2
 PN: UCSC-NVME2H-I2000)","NVMe","ESXi 9.1"," "
"Cisco","VIC M81KR","FCoE CNAs","ESXi 9.1"," "
"Cisco","UCS VIC1495","Network","ESXi 9.1"," "
"Cisco","UCSX-NVB15T3M2VM6","NVMe","ESXi 9.1"," "
"Cisco","Cisco(R) Ethernet Network Adapter X710-T2L OCP 3.0","Network","ESXi 9.1"," "
"Cisco","UCSC-SAS-M6T","SAS-SATA-NVME Tri-mode","ESXi 9.1"," "
"Cisco","UCS VIC1457","Network","ESXi 9.1"," "
"Cisco","Cisco 12G SAS Modular Raid Controller","SAS-RAID","ESXi 9.1"," "
"Cisco","Cisco SSD DC P4510 Series SSDPE2KX080T8K (8.0 TB
 2.5" U.2
 PN: UCSC-NVMEHW-I8000)","NVMe","ESXi 9.1"," "
"Cisco","VIC-1225T","Network","ESXi 9.1","Restricted"
"Cisco","UCS-S3260-NVMW19T","NVMe","ESXi 9.1"," "
"Cisco","Cisco-NVDA MCX715105AS-WEAT 1x400GbE QSFP112 Gen5 x16 PCIe NIC","Network","ESXi 9.1"," "
"Cisco","Cisco SSD DC P4600 Series SSDPE2KE032T7K (3.2 TB
 2.5" U.2
 PN: UCSC-NVMEHW-I3200)","NVMe","ESXi 9.1"," "
"Cisco","UCS VIC1497","Network","ESXi 9.1"," "
"Cisco","Cisco SSD DC P5500 Series SSDPF2KX019T9K (1.92TB
 2.5"" U.2
 PN: UCSX-NVMEI4-I1920)","NVMe","ESXi 9.1"," "
"Cisco","Cisco QLogic QLE2772 2x32G FC Gen 6 Enhanced PCIe HBA","FC","ESXi 9.1"," "
"Cisco","Cisco SSD DC P5500 Series SSDPF2KX076T9K (7.68TB
 2.5" U.2
 PN: UCS-NVMEI4-I7680)","NVMe","ESXi 9.1"," "
"Cisco","Cisco RAID controller for UCS C3X60 Storage Servers","SAS-RAID","ESXi 9.1"," "
"Cisco","UCS-NVE11T9K2V9","NVMe","ESXi 9.1"," "
"Cisco","UCS-NVMEG4-M1600D","NVMe","ESXi 9.1"," "
"Cisco","Cisco SSD DC P4600 Series SSDPE2KE016T7K (1.6 TB
 2.5" U.2
 PN: UCSC-NVMEHW-I1600)","NVMe","ESXi 9.1"," "
"Cisco","UCSB-NVMEM6-W800","NVMe","ESXi 9.1"," "
"Cisco","Cisco SSD DC P4500 Series SSDPE2KX040T7K (4.0 TB
 2.5" U.2
 PN: UCSB-NVMEHW-I4000)","NVMe","ESXi 9.1"," "
"Cisco","UCSC-O-M5S100GF","Network","ESXi 9.1"," "
"Cisco","UCSC-RAID-M6SD","SAS/SATA-RAID","ESXi 9.1"," "
"Cisco","UCS-NVMEG4-M1600","NVMe","ESXi 9.1"," "
"Cisco","UCS VIC 15230","FCoE CNAs","ESXi 9.1"," "
"Cisco","UCS VIC1240","Network","ESXi 9.1","Restricted"
"Cisco","UCSC-P-M4D25GF","Network","ESXi 9.1"," "
"Cisco","Cisco 9300-8i 12Gbps SAS HBA","SAS","ESXi 9.1"," "
"Cisco","UCS-NVB7T6M2VM6 ","NVMe","ESXi 9.1"," "
"Cisco","UCSB-NVMEM6-M6400","NVMe","ESXi 9.1"," "
"Cisco","UCS-NVE13T8K2V9","NVMe","ESXi 9.1"," "
"Cisco","Cisco SSD DC P5500 Series SSDPF2KX038T9K (3.84TB
 2.5" U.2
 PN: UCS-NVMEI4-I3840)","NVMe","ESXi 9.1"," "
"Cisco","Cisco SSD DC P5520 Series SSDPF2KX153T10 (15.36TB
 2.5" U.2
 PN: UCS-NVB15TO1V
 UCSX-NVB15TO1V)","NVMe","ESXi 9.1"," "
"Cisco","VIC 14825","Network","ESXi 9.1"," "
"Cisco","UCSX-NVMEG4M1600D","NVMe","ESXi 9.1"," "
"Cisco","Cisco SSD DC P4501 Series SSDPE7KX010T7K (1.0 TB
 2.5” U.2
 PN: UCSB-NVMELW-I1000)","NVMe","ESXi 9.1"," "
"Cisco","Cisco SSD DC P4501 Series SSDPE7KX040T7K (4.0 TB
 2.5” U.2
 PN: UCSB-NVMELW-I4000)","NVMe","ESXi 9.1"," "
"Cisco","UCSB-NVMEM6-W6400","NVMe","ESXi 9.1"," "
"Cisco","VIC 14425","FCoE CNAs","ESXi 9.1"," "
"Cisco","UCS-NVMEG4-M7680","NVMe","ESXi 9.1"," "
"Cisco","UCS-NVB15T3M2VM6","NVMe","ESXi 9.1"," "
"Cisco","UCS C3X60 12G SAS Pass through Controller","SAS","ESXi 9.1"," "
"Cisco","UCS-NVE115T3K1V","NVMe","ESXi 9.1"," "
"Cisco","UCS VIC 15411","Network","ESXi 9.1"," "
"Cisco","UCSB-NVMEM6-W3800","NVMe","ESXi 9.1"," "
"Cisco","UCS VIC 15231","Network","ESXi 9.1"," "
"Cisco","Cisco SSD DC P4501 Series SSDPE7KX500G7K (500 GB
 2.5” U.2
 PN: UCSB-NVMELW-I500)","NVMe","ESXi 9.1"," "
"Cisco","Cisco UCS C3000 RAID Controller for M4 Server Blade with 4G RAID Cache","SAS-RAID","ESXi 9.1"," "
"Cisco","UCS VIC 15238","FCoE CNAs","ESXi 9.1"," "
"Cisco","UCSX-NVB1T9M2V ","NVMe","ESXi 9.1"," "
"Cisco","Cisco SSD DC P4501 Series SSDPE7KX040T7K (4.0 TB
 2.5” U.2
 PN: UCSC-NVMELW-I4000)","NVMe","ESXi 9.1"," "
"Cisco","UCS VIC 15231","FCoE CNAs","ESXi 9.1"," "
"Cisco","Cisco Optane™ SSD DC P4800X Series SSDPE21K750GAW (750GB
 2.5” U.2
 PN:UCSB-NVMEXP-I750)","NVMe","ESXi 9.1","Restricted"
"Cisco","Cisco SSD DC P5520 Series SSDPF2KX019T1O (1.92TB
 2.5" U.2
 PN: UCS-NVME4-1920
 UCSX-NVME4-1920)","NVMe","ESXi 9.1"," "
"Cisco","UCS VIC1280","Network","ESXi 9.1","Restricted"
"Cisco","UCSX-NVMEM6-W1600","NVMe","ESXi 9.1"," "
"Cisco","VIC-1225","Network","ESXi 9.1","Restricted"
"Cisco","Cisco SSD DC P4500 Series SSDPE2KX010T7K (1.0 TB
 2.5" U.2
 PN: UCSC-NVMEHW-I1000)","NVMe","ESXi 9.1"," "
"Cisco","Cisco(R) Ethernet Converged NIC X710-DA2","Network","ESXi 9.1"," "
"Cisco","UCS VIC 15235","Network","ESXi 9.1"," "
"Cisco","Cisco SSD DC P5500 Series SSDPF2KX019T9K (1.92TB
 2.5" U.2
 PN: UCS-NVMEI4-I1920)","NVMe","ESXi 9.1"," "
"Cisco","Cisco SSD DC P4600 Series SSDPE2KE032T7K (3.2 TB
 2.5" U.2
 PN: UCSB-NVMEHW-I3200)","NVMe","ESXi 9.1"," "
"Cisco","UCS VIC P81E","Network","ESXi 9.1"," "
"Cisco","Cisco X550-TX 10 Gig LOM","Network","ESXi 9.1"," "
"Cisco","Cisco(R) Ethernet Converged NIC X710-T4","Network","ESXi 9.1"," "
"Cisco","UCS-NVB960M2VM6 ","NVMe","ESXi 9.1"," "
"Cisco","UCSX-NVB15T3M2V9 ","NVMe","ESXi 9.1"," "
"Cisco","LSI MegaRAID SAS 3004 ROMB","SAS-RAID","ESXi 9.1"," "
"Cisco","Cisco-NVDA MCX631102AS-ADAT CX6 Lx 2x25G SFP28 x8 PCIe NIC","Network","ESXi 9.1"," "
"Cisco","Cisco SSD DC P4510 Series SSDPE2KX040T8K (4.0 TB
 2.5" U.2
 PN: HX-NVME2H-I4000)","NVMe","ESXi 9.1"," "
"Cisco","Cisco VIC Ethernet NIC","Network","ESXi 9.1"," "
"Cisco","Cisco SSD DC P4510 Series SSDPE2KX080T8K (8.0 TB
 2.5" U.2
 PN: UCSB-NVMEHW-I8000)","NVMe","ESXi 9.1"," "
"Cisco","Cisco(R) i710T4LG 4x1 GbE RJ45 PCIe NIC","Network","ESXi 9.1"," "
"Cisco","UCSC-SAS-M5","SAS","ESXi 9.1"," "
"Cisco","Cisco SSD DC P4510 Series SSDPE2KX010T8K (1.0 TB
 2.5" U.2
 PN: UCSC-NVME2H-I1000)","NVMe","ESXi 9.1"," "
"Cisco","Cisco SSD DC P4500 Series SSDPE2KX040T7K (4.0 TB
 2.5" U.2
 PN: UCSC-NVMEHW-I4000)","NVMe","ESXi 9.1"," "
"Cisco","UCSX-NVMEG4M3200D","NVMe","ESXi 9.1"," "
"Cisco","15.36TB E3.S1T PM1743 HgPerf MedEnd Gen5 1X NVMe (TCG OPAL)","NVMe","ESXi 9.1"," "
"Cisco","UCSB-NVMEM6-W1920","NVMe","ESXi 9.1"," "
"Cisco","UCS VIC1467","FCoE CNAs","ESXi 9.1"," "
"Cisco","Cisco SSD DC P4501 Series SSDPE7KX500G7K (500 GB
 2.5” U.2
 PN: UCS-S3260-NVG25)","NVMe","ESXi 9.1"," "
"Cisco","UCSC-RAID-M5HD","SAS/SATA-RAID","ESXi 9.1"," "
"Cisco","Cisco SSD DC P4510 Series SSDPE2KX010T8K (1.0 TB
 2.5" U.2
 PN: HX-NVME2H-I1000)","NVMe","ESXi 9.1"," "
"Cisco Systems
Inc.","UCS VIC1380","FCoE CNAs","ESXi 9.1","Restricted"
"Cisco Systems
Inc.","UCS-NVE130T7M4V","NVMe","ESXi 9.1"," "
"Cisco Systems
Inc.","UCSX-NVE130T7M4V","NVMe","ESXi 9.1"," "
"Cisco Systems
Inc.","VIC-1385","FCoE CNAs","ESXi 9.1","Restricted"
"Corigine","Agilio GX 2x25GbE","Network","ESXi 9.1"," "
"DapuStor Corporation","DapuStor DPAW3D00T5G3TA00T4000","NVMe","ESXi 9.1"," "
"DapuStor Corporation","DAPUSTOR DPRD3104T0T503T8000","NVMe","ESXi 9.1"," "
"DapuStor Corporation","DAPUSTOR DPRP5108T0TJ07T6000","NVMe","ESXi 9.1"," "
"DapuStor Corporation","DAPUSTOR DPHV5104T0TA03T8000","NVMe","ESXi 9.1"," "
"DapuStor Corporation","DAPUSTOR DPXD3102T0S101T6000","NVMe","ESXi 9.1"," "
"DapuStor Corporation","DAPUSTOR DPXD3101T5S300T8000","NVMe","ESXi 9.1"," "
"DapuStor Corporation","DAPUSTOR DPJD4204T0T803T2000","NVMe","ESXi 9.1"," "
"DapuStor Corporation","DAPUSTOR DPHV51016TTF15T3000","NVMe","ESXi 9.1"," "
"DapuStor Corporation","DapuStor DPAW3D02T0G3TA01T9000","NVMe","ESXi 9.1"," "
"DapuStor Corporation","DapuStor DPRP5104T0TG03T8000","NVMe","ESXi 9.1"," "
"DapuStor Corporation","DAPUSTOR DPAW3D01T0G3TA00T9000","NVMe","ESXi 9.1"," "
"DapuStor Corporation","DapuStor DPAW3600T5G3TA00T4000","NVMe","ESXi 9.1"," "
"DapuStor Corporation","DapuStor DPRP5108T0TF06T4000","NVMe","ESXi 9.1"," "
"DapuStor Corporation","DAPUSTOR DPJD3104T0T803T8000","NVMe","ESXi 9.1"," "
"DapuStor Corporation","DAPUSTOR DPRD31016TT515T3000","NVMe","ESXi 9.1"," "
"DapuStor Corporation","DapuStor DPHV5108T0TF06T4000","NVMe","ESXi 9.1"," "
"DapuStor Corporation","DAPUSTOR DPH311T4T003T8","NVMe","ESXi 9.1"," "
"DapuStor Corporation","DAPUSTOR DPJD3108T0T807T6000","NVMe","ESXi 9.1"," "
"DapuStor Corporation","DAPUSTOR DPJD3104T0T803T2000","NVMe","ESXi 9.1"," "
"DapuStor Corporation","DAPUSTOR DPRD3104T0T603T8050","NVMe","ESXi 9.1"," "
"DapuStor Corporation","DAPUSTOR DPRP5102T0TG01T6000","NVMe","ESXi 9.1"," "
"DapuStor Corporation","DapuStor DPRP51016TTF12T8000","NVMe","ESXi 9.1"," "
"DapuStor Corporation","DAPUSTOR DPRD3102T0T601T9000","NVMe","ESXi 9.1"," "
"DapuStor Corporation","DAPUSTOR DPRD3104T0T603T2000","NVMe","ESXi 9.1"," "
"DapuStor Corporation","DAPUSTOR DPH311T5T007T6","NVMe","ESXi 9.1"," "
"DapuStor Corporation","DapuStor DPRP5108T0TF07T6000","NVMe","ESXi 9.1"," "
"DapuStor Corporation","DAPUSTOR DPRD3108T0T507T6010","NVMe","ESXi 9.1"," "
"DapuStor Corporation","DapuStor DPAW3601T0G3TA00T9000","NVMe","ESXi 9.1"," "
"DapuStor Corporation","AF4UP44DTEDP1T9A","NVMe","ESXi 9.1"," "
"DapuStor Corporation","DapuStor DPRP5104T0TG03T2000","NVMe","ESXi 9.1"," "
"DapuStor Corporation","DAPUSTOR DPHV5104T0TA03T2000","NVMe","ESXi 9.1"," "
"DapuStor Corporation","DAPUSTOR DPH311T6S001T6","NVMe","ESXi 9.1"," "
"DapuStor Corporation","DapuStor DPHV5108T0TF07T6000","NVMe","ESXi 9.1"," "
"DapuStor Corporation","DapuStor DPHV5104T0TG03T8000","NVMe","ESXi 9.1"," "
"DapuStor Corporation","DAPUSTOR DPH312T5T006T4","NVMe","ESXi 9.1"," "
"DapuStor Corporation","DapuStor DPHV51016TTF12T8000","NVMe","ESXi 9.1"," "
"DapuStor Corporation","DAPUSTOR DPHV5108T0TJ07T6000","NVMe","ESXi 9.1"," "
"DapuStor Corporation","DapuStor DPRP5102T0TG01T9000","NVMe","ESXi 9.1"," "
"DapuStor Corporation","DAPUSTOR DPHV51016TTJ15T3000","NVMe","ESXi 9.1"," "
"DapuStor Corporation","AF4UP44DTEDP7T6A","NVMe","ESXi 9.1"," "
"DapuStor Corporation","AF1UP44DSDDP800A","NVMe","ESXi 9.1"," "
"DapuStor Corporation","DapuStor DPHV5104T0TG03T2000","NVMe","ESXi 9.1"," "
"DapuStor Corporation","DAPUSTOR DPRD3108T0T506T4000","NVMe","ESXi 9.1"," "
"DapuStor Corporation","DAPUSTOR DPJD4208T0T807T6000","NVMe","ESXi 9.1"," "
"DapuStor Corporation","DAPUSTOR DPH317T5T003T8","NVMe","ESXi 9.1"," "
"DapuStor Corporation","DAPUSTOR DPRP51016TTF15T3000","NVMe","ESXi 9.1"," "
"DapuStor Corporation","AF4UP44DTEDP3T8A","NVMe","ESXi 9.1"," "
"DapuStor Corporation","DAPUSTOR DPHV51232TTJ30T7000","NVMe","ESXi 9.1"," "
"DapuStor Corporation","DapuStor DPAW3602T0G3TA01T9000","NVMe","ESXi 9.1"," "
"DapuStor Corporation","DAPUSTOR DPFP52D20B0T00000G010","NVMe-RAID","ESXi 9.1"," "
"Dell","BOSS-N1 Modular","NVMe","ESXi 9.1"," "
"Dell","Dell HBA330 MMZ","SAS","ESXi 9.1"," "
"Dell","Dell NVMe FIPS PM1753 RI U.2 30.72TB","NVMe","ESXi 9.1"," "
"Dell","Intel(R) Ethernet 10G 4P X710 SFP+ rNDC","Network","ESXi 9.1"," "
"Dell","Intel(R) Gigabit 4P X710/I350 rNDC","Network","ESXi 9.1"," "
"Dell","Dell DC NVMe FIPS PM9D3a RI U.2 7.68TB","NVMe","ESXi 9.1"," "
"Dell","Dell DC NVMe PM9D3a RI U.2 15.36TB　","NVMe","ESXi 9.1"," "
"Dell","DELL NVMe SSD CM9 SIE U.2 KCM9XRUL1T92 1.92TB ","NVMe","ESXi 9.1"," "
"Dell","Dell Ent NVMe P5800X WI U.2 1.6TB","NVMe","ESXi 9.1"," "
"Dell","Dell Ent NVMe v2 AGN FIPS RI U.2 7.68TB","NVMe","ESXi 9.1"," "
"Dell","Dell Ent NVMe P5520 RI 3.84TB","NVMe","ESXi 9.1"," "
"Dell","Dell P3600 PCIe SSD U.2 2.0TB 0P98F6","NVMe","ESXi 9.1"," "
"Dell","Intel(R) Ethernet 10G 4P X710-k bNDC","Network","ESXi 9.1"," "
"Dell","Intel(R) I350 Gigabit Network Connection","Network","ESXi 9.1"," "
"Dell","DELL NVMe SSD CD9P SED U.2  KCD9DPUG30T7 30.72TB ","NVMe","ESXi 9.1"," "
"Dell","Dell DC NVMe CD8 U.2 1.92TB","NVMe","ESXi 9.1"," "
"Dell","Dell NVMe PM1745 MU U.2 3.2TB","NVMe","ESXi 9.1"," "
"Dell","Dell P3600 PCIe SSD U.2 1.6TB 0NFRJF","NVMe","ESXi 9.1"," "
"Dell","BOSS-N1 Modular ET","NVMe","ESXi 9.1"," "
"Dell","BCM5720","Network","ESXi 9.1"," "
"Dell","Dell DC NVMe 7500 U.2 ISE  RI 960GB","NVMe","ESXi 9.1"," "
"Dell","Dell DC NVMe CD8 U.2 7.68TB","NVMe","ESXi 9.1"," "
"Dell","HFS7T6GEETX0990N","NVMe","ESXi 9.1"," "
"Dell","HFS1T9GEETX0990N","NVMe","ESXi 9.1"," "
"Dell","Dell Ent NVMe AGN SED RI AIC 3.84TB","NVMe","ESXi 9.1"," "
"Dell","Dell Ent NVMe AGN SED RI AIC 7.68TB","NVMe","ESXi 9.1"," "
"Dell","Dell Ent NVMe AGN SED RI AIC 1.92TB","NVMe","ESXi 9.1"," "
"Dell","Dell DC NVMe CD8 U.2 SED 15.36TB","NVMe","ESXi 9.1"," "
"Dell","Dell DC NVMe 7500 U.2 ISE MU 12.8TB","NVMe","ESXi 9.1"," "
"Dell","Dell Ent NVMe AGN SED MU AIC 1.6TB","NVMe","ESXi 9.1"," "
"Dell","Dell Ent NVMe AGN SED MU U.2 12.8TB","NVMe","ESXi 9.1"," "
"Dell","MTFDLBQ7T6THG-1BP1JABDA","NVMe","ESXi 9.1"," "
"Dell","Intel(R) Gigabit 2P I350 LOM","Network","ESXi 9.1"," "
"Dell","BCM57414","Network","ESXi 9.1"," "
"Dell","BCM57504","Network","ESXi 9.1"," "
"Dell","Dell Ent NVMe AGN RI U.2 15.36 TB","NVMe","ESXi 9.1"," "
"Dell","Dell Ent NVMe AGN RI AIC 3.84TB","NVMe","ESXi 9.1"," "
"Dell","BCM57416","Network","ESXi 9.1"," "
"Dell","Intel Gigabit 4P I350-t rNDC","Network","ESXi 9.1"," "
"Dell","Dell Ent NVMe P5800X SED WI U.2 800GB","NVMe","ESXi 9.1"," "
"Dell","Dell Ent NVMe AGN MU AIC 6.4TB","NVMe","ESXi 9.1"," "
"Dell","Dell Ent NVMe FIPS CM6 RI 7.68TB/KCM6FRUL7T68","NVMe","ESXi 9.1"," "
"Dell","Dell DC NVMe 7500 U.2 ISE RI 3.84TB","NVMe","ESXi 9.1"," "
"Dell","Dell Ent NVMe v2 AGN RI U.2 7.68TB","NVMe","ESXi 9.1"," "
"Dell","Dell DC NVMe PM9D3a RI U.2 960GB","NVMe","ESXi 9.1"," "
"Dell","DELL NVMe SSD CD9P SIE  E3.S KCD9XPJE15T3 15.36TB ","NVMe","ESXi 9.1"," "
"Dell","Broadcom 5720 DP 1Gb","Network","ESXi 9.1"," "
"Dell","Dell NVMe PM1743 RI E3.S 7.68TB","NVMe","ESXi 9.1"," "
"Dell","Dell NVMe PM1745 MU E3.S 6.4TB","NVMe","ESXi 9.1"," "
"Dell","Dell NVMe PM1745 MU E3.S 12.8TB","NVMe","ESXi 9.1"," "
"Dell","BCM57504","Network","ESXi 9.1"," "
"Dell","Dell DC NVMe CD7 U.2 3.84TB","NVMe","ESXi 9.1"," "
"Dell","HFS15T3EJVX171N","NVMe","ESXi 9.1"," "
"Dell","Intel(R) Ethernet 10G 2P X710 OCP","Network","ESXi 9.1"," "
"Dell","BCM57504","Network","ESXi 9.1"," "
"Dell","Dell Ent NVMe PM1733a RI 1.92TB","NVMe","ESXi 9.1"," "
"Dell","BCM57414","Network","ESXi 9.1"," "
"Dell","Dell Express Flash NVMe SM1715 3.2 TB PCIe SSD Controller","NVMe","ESXi 9.1"," "
"Dell","Intel(R) Ethernet 10G 2P X710-T2L-t Adapter","Network","ESXi 9.1"," "
"Dell","Broadcom 5719 QP 1Gb","Network","ESXi 9.1"," "
"Dell","Intel(R) Ethernet 10G X710 rNDC","Network","ESXi 9.1"," "
"Dell","BCM57416","Network","ESXi 9.1"," "
"Dell","BCM57416","Network","ESXi 9.1"," "
"Dell","NetXtreme-E P2100D BCM57508 2x100G QSFP PCIE RDMA Partition","Network","ESXi 9.1"," "
"Dell","Dell P3600 PCIe SSD AIC 2.0TB 0JFRHP","NVMe","ESXi 9.1"," "
"Dell","Dell Ent NVMe CM7 FIPS E3.S RI 3.84TB","NVMe","ESXi 9.1"," "
"Dell","BCM57416","Network","ESXi 9.1"," "
"Dell","BCM57412","Network","ESXi 9.1"," "
"Dell","BCM57414","Network","ESXi 9.1"," "
"Dell","Nvidia Bluefield-2 Dual Port 100GbE QSFP PCIe FH DPU","DPU","ESXi 9.1"," "
"Dell","QLE2692-DEL","FC","ESXi 9.1"," "
"Dell","Dell Ent NVMe CM7 U.2 RI 15.36TB/DX2PD","NVMe","ESXi 9.1"," "
"Dell","PERC H755N Front PERC","SAS-RAID","ESXi 9.1"," "
"Dell","BCM5720","Network","ESXi 9.1"," "
"Dell","Emulex LPe38102-D 2-Port 64Gb Fibre Channel Adapter","FC","ESXi 9.1"," "
"Dell","BCM57414","Network","ESXi 9.1"," "
"Dell","Dell DC NVMe CD8 U.2 MU 1.6TB","NVMe","ESXi 9.1"," "
"Dell","Dell Ent NVMe CM7 FIPS U.2 RI 7.68TB","NVMe","ESXi 9.1"," "
"Dell","BCM5720","Network","ESXi 9.1"," "
"Dell","Dell DC NVMe CD8 U.2 SED 7.68TB","NVMe","ESXi 9.1"," "
"Dell","Dell Ent NVMe CM7 FIPS U.2 MU 3.2TB","NVMe","ESXi 9.1"," "
"Dell","Dell DC NVMe CD8 U.2 SED MU 1.6TB","NVMe","ESXi 9.1"," "
"Dell","Dell DC NVMe CD8 U.2 SED MU 3.2TB","NVMe","ESXi 9.1"," "
"Dell","BCM57414","Network","ESXi 9.1"," "
"Dell","Dell Ent NVMe SED P5500 RI U.2 1.92TB","NVMe","ESXi 9.1"," "
"Dell","PERC H330 Mini","SAS-RAID","ESXi 9.1"," "
"Dell","Dell DC NVMe 7500 U.2 SED RI 7.68TB","NVMe","ESXi 9.1"," "
"Dell","HFS960GDC8X096N","NVMe","ESXi 9.1"," "
"Dell","HFS480GDC8X099N","NVMe","ESXi 9.1"," "
"Dell","BCM5720","Network","ESXi 9.1"," "
"Dell","DELL NVMe SSD CD9P SED E3.S  KCD9DPJE15T3 15.36TB ","NVMe","ESXi 9.1"," "
"Dell","Dell NVMe FIPS PM1753 RI E3.S 3.84TB","NVMe","ESXi 9.1"," "
"Dell","Mellanox ConnectX®-6 Single Port VPI HDR QSFP Adapter","Network","ESXi 9.1"," "
"Dell","Perc H975i Front","SAS-SATA-NVME Tri-mode RAID","ESXi 9.1"," "
"Dell","X2562","Network","ESXi 9.1","Restricted"
"Dell","MTFDLAL12T8THB-1BK1DFCDA","NVMe","ESXi 9.1"," "
"Dell","BOSS-S2","SATA","ESXi 9.1"," "
"Dell","MTFDLAL3T2THB-1BK1DFCDA","NVMe","ESXi 9.1"," "
"Dell","BCM57504","Network","ESXi 9.1"," "
"Dell","Dell Ent NVMe CM7 FIPS E3.S RI 7.68TB","NVMe","ESXi 9.1"," "
"Dell","Dell Ent NVMe AGN RI AIC 7.68TB","NVMe","ESXi 9.1"," "
"Dell","BOSS-N1 DC-MHS","NVMe","ESXi 9.1"," "
"Dell","Dell Ent NVMe CM7 FIPS E3.S MU 1.6TB","NVMe","ESXi 9.1"," "
"Dell","Dell Ent NVMe CM7 E3.S RI 1.92TB","NVMe","ESXi 9.1"," "
"Dell","Dell Ent NVMe CM7 E3.S RI 15.36TB","NVMe","ESXi 9.1"," "
"Dell","Dell Ent NVMe CM7 E3.S MU 1.6TB","NVMe","ESXi 9.1"," "
"Dell","PERC H755 Adapter","SAS-RAID","ESXi 9.1"," "
"Dell","BOSS-N1 DC-MHS Modular","NVMe","ESXi 9.1"," "
"Dell","Dell Express Flash NVMe PM1725a 6.4 TB PCIe SSD Controller","NVMe","ESXi 9.1"," "
"Dell","Dell Ent NVMe CM7 E3.S MU 3.2TB","NVMe","ESXi 9.1"," "
"Dell","BCM5720","Network","ESXi 9.1"," "
"Dell","HFS800GDC8X096N","NVMe","ESXi 9.1"," "
"Dell","Dell DC NVMe CD7 U.2 SED 15.36TB","NVMe","ESXi 9.1"," "
"Dell","Dell Ent NVMe P5520 RI 1.92TB","NVMe","ESXi 9.1"," "
"Dell","Dell DC NVMe CD8P E3.S 3.84TB","NVMe","ESXi 9.1"," "
"Dell","Dell Ent NVMe SED P5600 MU U.2 3.2TB","NVMe","ESXi 9.1"," "
"Dell","Dell DC NVMe PM9D5a MU U.2 3.2TB","NVMe","ESXi 9.1"," "
"Dell","Dell Ent NVMe CM7 E3.S MU 12.8TB","NVMe","ESXi 9.1"," "
"Dell","Dell Ent NVMe P5520 RI 15.36TB","NVMe","ESXi 9.1"," "
"Dell","DELL NVMe SSD CM9 SIE U.2 KCM9XRUL7T68 7.68TB ","NVMe","ESXi 9.1"," "
"Dell","DELL NVMe SSD CM9 SIE U.2 KCM9XRUL61T4 61.44TB ","NVMe","ESXi 9.1"," "
"Dell","NVIDIA ConnectX-7 Single Port VPI NDR200 OSFP Adapter","Network","ESXi 9.1"," "
"Dell","BCM5720","Network","ESXi 9.1"," "
"Dell","DELL NVMe SSD CM9 FIPS E3.S KCM9FRJE1T92 1.92TB ","NVMe","ESXi 9.1"," "
"Dell","Dell DC NVMe PM9D5a MU U.2 800GB","NVMe","ESXi 9.1"," "
"Dell","Dell Ent NVMe P5520 RI 3.84TB","NVMe","ESXi 9.1"," "
"Dell","HFS1T9GEJ8X132N","NVMe","ESXi 9.1"," "
"Dell","Dell Ent NVMe AGN RI U.2 3.84 TB","NVMe","ESXi 9.1"," "
"Dell","Broadcom NetXtreme PCIe 1Gb 2-Port RJ45 Ethernet Adapter","Network","ESXi 9.1"," "
"Dell","HFS1T9GFJCX171N","NVMe","ESXi 9.1"," "
"Dell","HFS3T8GDE0X089N","NVMe","ESXi 9.1"," "
"Dell","Dell Ent NVMe CM6 RI 7.68TB / KCM6XRUL7T68","NVMe","ESXi 9.1"," "
"Dell","PERC H750 Adapter","SAS-RAID","ESXi 9.1"," "
"Dell","Dell Ent NVMe CM6 MU 6.4TB / KCM6XVUL6T40","NVMe","ESXi 9.1"," "
"Dell","Dell Ent NVMe AGN MU U.2 12.8TB","NVMe","ESXi 9.1"," "
"Dell","Intel(R) Ethernet 40G 2P XL710 QSFP+ rNDC","Network","ESXi 9.1"," "
"Dell","Dell Ent NVMe FIPS PM1733a RI 7.68TB","NVMe","ESXi 9.1"," "
"Dell","Dell DC NVMe PM9D3a RI U.2 3.84TB","NVMe","ESXi 9.1"," "
"Dell","Dell DC NVMe FIPS PM9D3a RI U.2 15.36TB","NVMe","ESXi 9.1"," "
"Dell","Dell Ent NVMe FIPS PM1735a MU 12.8TB","NVMe","ESXi 9.1"," "
"Dell","Dell Ent NVMe P5620 MU 3.2TB1","NVMe","ESXi 9.1"," "
"Dell","Dell Ent NVMe PM1735a MU 3.2TB","NVMe","ESXi 9.1"," "
"Dell","BCM57504","Network","ESXi 9.1"," "
"Dell","NVIDIA ConnectX-6 LX Dual Port 25 GbE SFP OCP3.0 Network Adapter","Network","ESXi 9.1"," "
"Dell","DELL NVMe SSD CM9 FIPS E3.S KCM9FVJE1T60 1.6TB","NVMe","ESXi 9.1"," "
"Dell","HBA465i Adapter","SAS","ESXi 9.1"," "
"Dell","HFS1T9GDE0X089N","NVMe","ESXi 9.1"," "
"Dell","Dell NVMe PM1753 RI U.2 3.84TB","NVMe","ESXi 9.1"," "
"Dell","MTFDLBQ1T6THS-1BP1DFCDA","NVMe","ESXi 9.1"," "
"Dell","Dell HBA350i MX","SAS","ESXi 9.1"," "
"Dell","Dell Ent NVMe P5620 MU 12.8TB","NVMe","ESXi 9.1"," "
"Dell","Emulex LPe35000-M2-D 1-Port 32Gb Fibre Channel Adapter","FC","ESXi 9.1"," "
"Dell","BCM57416","Network","ESXi 9.1"," "
"Dell","MTFDLAL1T6THS-1BP1JABDA","NVMe","ESXi 9.1"," "
"Dell","MTFDLBQ3T2THS-1BP1DFCDA","NVMe","ESXi 9.1"," "
"Dell","PERC H965i Adapter","SAS-RAID","ESXi 9.1"," "
"Dell","Dell DC NVMe 7500 U.2 ISE MU 6.4TB","NVMe","ESXi 9.1"," "
"Dell","Dell DC NVMe 7500 U.2 SED RI 960GB","NVMe","ESXi 9.1"," "
"Dell","Dell DC NVMe 7500 U.2 SED RI 1.92TB","NVMe","ESXi 9.1"," "
"Dell","Dell DC NVMe 7500 U.2 SED RI 3.84TB","NVMe","ESXi 9.1"," "
"Dell","HFS1T6GFJCX180N","NVMe","ESXi 9.1"," "
"Dell","Mellanox ConnectX-4 Dual Port 100 GbE QSFP Network Adapter","Network","ESXi 9.1","Restricted"
"Dell","Dell DC NVMe PM9D5a MU U.2 1.6TB","NVMe","ESXi 9.1"," "
"Dell","Dell Ent NVMe AGN RI U.2 7.68 TB","NVMe","ESXi 9.1"," "
"Dell","Dell DC NVMe CD8 U.2 15.36TB","NVMe","ESXi 9.1"," "
"Dell","Dell DC NVMe CD8 U.2 MU 6.4TB","NVMe","ESXi 9.1"," "
"Dell","Intel(R) Ethernet Converged Network Adapter X710","Network","ESXi 9.1"," "
"Dell","Dell Ent NVMe P5620 MU 1.6TB","NVMe","ESXi 9.1"," "
"Dell","Dell Ent NVMe AGN MU AIC 1.6TB","NVMe","ESXi 9.1"," "
"Dell","HFS1T9GDE0X088N","NVMe","ESXi 9.1"," "
"Dell","Emulex LightPulse LPm32002-D 2-Port 32Gb Fiber Channel Mezz Card","FC","ESXi 9.1"," "
"Dell","Dell Ent NVMe FIPS P5620 MU 1.6TB","NVMe","ESXi 9.1"," "
"Dell","Dell DC NVMe CD8 U.2 MU 800GB","NVMe","ESXi 9.1"," "
"Dell","Dell Express Flash NVMe P4500 SSDPE2KX0410T7T (4.0 TB
 2.5" U.2)","NVMe","ESXi 9.1"," "
"Dell","Dell Express Flash NVMe P4500 SSDPEDKX040T7T (4.0 TB
 AIC)","NVMe","ESXi 9.1"," "
"Dell","Intel(R) Ethernet 10G 2P X710-k bNDC","Network","ESXi 9.1"," "
"Dell","Dell Express Flash NVMe P4600 SSDPE2KE032T7T (3.2 TB
 2.5" U.2)","NVMe","ESXi 9.1"," "
"Dell","Dell DC NVMe CD7 U.2 7.68TB","NVMe","ESXi 9.1"," "
"Dell","Dell Express Flash NVMe P4600 SSDPEDKE040T7T (4.0 TB
 AIC)","NVMe","ESXi 9.1"," "
"Dell","BCM57504","Network","ESXi 9.1"," "
"Dell","BOSS-N1 Monolithic","NVMe","ESXi 9.1"," "
"Dell","H965i Front","SAS-RAID","ESXi 9.1"," "
"Dell","Dell DC NVMe SED 7450 RI U.2 960GB","NVMe","ESXi 9.1"," "
"Dell","Dell NVMe PM1743 RI E3.S 15.36TB","NVMe","ESXi 9.1"," "
"Dell","Dell NVMe PM1745 MU U.2 12.8TB","NVMe","ESXi 9.1"," "
"Dell","Dell NVMe FIPS PM1743 RI U.2 15.36TB","NVMe","ESXi 9.1"," "
"Dell","Dell Ent NVMe AGN SED RI U.2 1.92TB","NVMe","ESXi 9.1"," "
"Dell","Dell NVMe PM1743 RI E3.S 3.84TB","NVMe","ESXi 9.1"," "
"Dell","PERC H730P Mini","SAS-RAID","ESXi 9.1"," "
"Dell","Pensando DSC2-25 Dual Port 25GbE SFP56 PCIe FH DPU","DPU","ESXi 9.1"," "
"Dell","Dell Ent NVMe CM7 E3.S RI 3.84TB","NVMe","ESXi 9.1"," "
"Dell","Dell Ent NVMe CM6 MU 1.6TB / KCM6XVUL1T60","NVMe","ESXi 9.1"," "
"Dell","Dell Ent NVMe FIPS P5520 RI 7.68TB","NVMe","ESXi 9.1"," "
"Dell","MTFDLBQ7T6THA-1BK1JABDA","NVMe","ESXi 9.1"," "
"Dell","MTFDLBQ3T8THG-1BP1DFCDA","NVMe","ESXi 9.1"," "
"Dell","BCM5720","Network","ESXi 9.1"," "
"Dell","Dell DC NVMe SED 7450 MU U.2 800GB","NVMe","ESXi 9.1"," "
"Dell","Intel(R) I350 Gigabit Network Connection","Network","ESXi 9.1"," "
"Dell","Dell NVMe PM1755 MU E3.S 3.2TB","NVMe","ESXi 9.1"," "
"Dell","Dell DC NVMe CD7 U.2 1.92TB","NVMe","ESXi 9.1"," "
"Dell","BCM57504","Network","ESXi 9.1"," "
"Dell","Dell Ent NVMe P5620 MU 6.4TB","NVMe","ESXi 9.1"," "
"Dell","Dell Ent NVMe P5620 MU 12.8TB","NVMe","ESXi 9.1"," "
"Dell","Dell DC NVMe CD8 U.2 SED 960GB","NVMe","ESXi 9.1"," "
"Dell","Dell Ent NVMe CM7 FIPS U.2 RI 30.72TB","NVMe","ESXi 9.1"," "
"Dell","Dell Ent NVMe AGN MU U.2 1.6TB","NVMe","ESXi 9.1"," "
"Dell","Dell Ent NVMe AGN MU U.2 3.2TB","NVMe","ESXi 9.1"," "
"Dell","Dell Ent NVMe AGN SED RI U.2 3.84TB","NVMe","ESXi 9.1"," "
"Dell","MTFDLAL15T3THA-1BK1DFCDA","NVMe","ESXi 9.1"," "
"Dell","Dell DC NVMe FIPS PM9D3a RI U.2 960GB","NVMe","ESXi 9.1"," "
"Dell","Dell NVMe PM1753 RI E3.S 3.84TB","NVMe","ESXi 9.1"," "
"Dell","Dell Ent NVMe AGN SED MU AIC 6.4TB","NVMe","ESXi 9.1"," "
"Dell","BCM57414","Network","ESXi 9.1"," "
"Dell","Dell Ent NVMe AGN SED RI U.2 7.68TB","NVMe","ESXi 9.1"," "
"Dell","Dell Ent NVMe AGN RI AIC 1.92TB","NVMe","ESXi 9.1"," "
"Dell","Dell Ent NVMe P5520 RI 1.92TB","NVMe","ESXi 9.1"," "
"Dell","Emulex LPe37102-D 2-Port 32Gb Fibre Channel Adapter","FC","ESXi 9.1"," "
"Dell","BCM57504","Network","ESXi 9.1"," "
"Dell","Intel(R) Ethernet 1G 4P I350-t OCP","Network","ESXi 9.1"," "
"Dell","DELL NVMe SSD CM9 FIPS U.2  KCM9FRUL15T3 15.36TB ","NVMe","ESXi 9.1"," "
"Dell","Dell DC NVMe PM9D3a RI E3.S 3.84TB　　","NVMe","ESXi 9.1"," "
"Dell","HFS12T8FJCX171N","NVMe","ESXi 9.1"," "
"Dell","Dell NVMe PM1743 RI E3.S 1.92TB","NVMe","ESXi 9.1"," "
"Dell","DELL NVMe SSD CM9 FIPS U.2  KCM9FRUL30T7 30.72TB ","NVMe","ESXi 9.1"," "
"Dell","Intel(R) Ethernet 25G 2P XXV710 Mezz","Network","ESXi 9.1","Restricted"
"Dell","Dell Express Flash NVMe P4600 SSDPEDKE020T7T (2.0 TB
 AIC)","NVMe","ESXi 9.1"," "
"Dell","Dell Ent NVMe P5336 RI FIPS 122.88TB","NVMe","ESXi 9.1"," "
"Dell","HFS3T8GEETX0990N","NVMe","ESXi 9.1"," "
"Dell","BCM57412","Network","ESXi 9.1"," "
"Dell","Dell Ent NVMe P5520 RI 15.36TB","NVMe","ESXi 9.1"," "
"Dell","Dell Ent NVMe P5336 RI ISE 122.88TB","NVMe","ESXi 9.1"," "
"Dell","Dell Ent NVMe FIPS P5520 RI 15.36TB","NVMe","ESXi 9.1"," "
"Dell","MTFDLAL6T4THB-1BK1JABDA","NVMe","ESXi 9.1"," "
"Dell","MTFDLBQ3T8THA-1BK1JABDA","NVMe","ESXi 9.1"," "
"Dell","HBA330 Adapter","SAS","ESXi 9.1"," "
"Dell","Dell DC NVMe PM9D5a MU E3.S 1.6TB","NVMe","ESXi 9.1"," "
"Dell","Intel(R) Ethernet 10G 2P X710-T2L-t OCP","Network","ESXi 9.1"," "
"Dell","Dell Ent NVMe PM1733aRI 7.68TB","NVMe","ESXi 9.1"," "
"Dell","Intel(R) Gigabit I350-t LOM","Network","ESXi 9.1"," "
"Dell","Dell Ent NVMe P5500 RI U.2 3.84TB","NVMe","ESXi 9.1"," "
"Dell","Dell Ent NVMe P5336 RI ISE 7.68TB","NVMe","ESXi 9.1"," "
"Dell","Dell DC NVMe PM9D5a MU U.2 6.4TB","NVMe","ESXi 9.1"," "
"Dell","Dell Ent NVMe PM1733aRI 3.84TB","NVMe","ESXi 9.1"," "
"Dell","Dell NVMe PM1743 RI U.2 1.92TB","NVMe","ESXi 9.1"," "
"Dell","Dell NVMe FIPS PM1743 RI U.2 1.92TB","NVMe","ESXi 9.1"," "
"Dell","Intel(R) Ethernet 10G 4P X550/I350 rNDC ","Network","ESXi 9.1"," "
"Dell","MTFDLBQ15T3THA-1BK1DFCDA","NVMe","ESXi 9.1"," "
"Dell","Dell DC NVMe PM9D3a RI E3.S 1.92TB","NVMe","ESXi 9.1"," "
"Dell","MTFDLBQ7T6THA-1BK1DFCDA","NVMe","ESXi 9.1"," "
"Dell","MTFDLBQ12T8THB-1BK1DFCDA","NVMe","ESXi 9.1"," "
"Dell","Dell P3700 PCIe SSD AIC 2.0TB 0CJY9F","NVMe","ESXi 9.1"," "
"Dell","Dell NVMe PM1753 RI U.2 7.68TB","NVMe","ESXi 9.1"," "
"Dell","MTFDLBQ6T4THB-1BK1DFCDA","NVMe","ESXi 9.1"," "
"Dell","BCM57416","Network","ESXi 9.1"," "
"Dell","PERC H730P Adapter","SAS-RAID","ESXi 9.1"," "
"Dell","Dell Ent NVMe FIPS CM6 MU 6.4TB/KCM6FVUL6T40","NVMe","ESXi 9.1"," "
"Dell","Dell Ent NVMe v2 AGN RI U.2 15.36TB","NVMe","ESXi 9.1"," "
"Dell","BCM57412","Network","ESXi 9.1"," "
"Dell","Dell PERC H745 Front PERC","SAS-RAID","ESXi 9.1"," "
"Dell","DELL NVMe SSD CM9 SIE U.2 KCM9XRUL30T7 30.72TB ","NVMe","ESXi 9.1"," "
"Dell","HFS3T8GETFEI-D430A","NVMe","ESXi 9.1"," "
"Dell","PERC H830 Adapter","SAS-RAID","ESXi 9.1"," "
"Dell","Dell Ent NVMe P5500 RI U.2 7.68TB","NVMe","ESXi 9.1"," "
"Dell","DELL NVMe SSD CD9P SIE  U.2 KCD9XPUG3T84 3.84TB","NVMe","ESXi 9.1"," "
"Dell","PERC H740P Adapter ESDS","SAS-RAID","ESXi 9.1"," "
"Dell","BCM57416","Network","ESXi 9.1"," "
"Dell","Dell Ent NVMe CM7 E3.S MU 6.4TB","NVMe","ESXi 9.1"," "
"Dell","PERC H740P Mini (blade)","SAS-RAID","ESXi 9.1"," "
"Dell","HBA465e Adapter","SAS","ESXi 9.1"," "
"Dell","BCM57416","Network","ESXi 9.1"," "
"Dell","PERC H740P Mini (blade) ESDS","SAS-RAID","ESXi 9.1"," "
"Dell","BCM57416","Network","ESXi 9.1"," "
"Dell","Dell DC NVMe CD8P E3.S 7.68TB","NVMe","ESXi 9.1"," "
"Dell","Intel(R) Ethernet 25G 2P E810-XXV OCP","Network","ESXi 9.1"," "
"Dell","Dell Ent NVMe CM7 FIPS E3.S RI 15.36TB","NVMe","ESXi 9.1"," "
"Dell","BCM57508","Network","ESXi 9.1"," "
"Dell","Dell Ent NVMe CM7 U.2 RI 3.84TB/XHYGF","NVMe","ESXi 9.1"," "
"Dell","Dell Ent NVMe CM7 U.2 MU 3.2TB/XFNX0","NVMe","ESXi 9.1"," "
"Dell","Dell HBA355i Front","SAS","ESXi 9.1"," "
"Dell","Dell Ent NVMe CM7 U.2 MU 12.8TB/092P6","NVMe","ESXi 9.1"," "
"Dell","Dell DC NVMe CD8 U.2 3.84TB","NVMe","ESXi 9.1"," "
"Dell","BCM57414","Network","ESXi 9.1"," "
"Dell","Dell Ent NVMe FIPS P5520 RI 3.84TB","NVMe","ESXi 9.1"," "
"Dell","Dell Ent NVMe CM7 FIPS U.2 RI 1.92TB","NVMe","ESXi 9.1"," "
"Dell","Dell DC NVMe CD8 U.2 SED 1.92TB","NVMe","ESXi 9.1"," "
"Dell","Dell NVMe PM1755 MU E3.S 1.6TB","NVMe","ESXi 9.1"," "
"Dell","DELL NVMe SSD CM9 FIPS U.2 KCM9FVUL1T60 1.6TB","NVMe","ESXi 9.1"," "
"Dell","BCM57504","Network","ESXi 9.1"," "
"Dell","BCM5720","Network","ESXi 9.1"," "
"Dell","Dell DC NVMe CD8 U.2 SED MU 12.8TB","NVMe","ESXi 9.1"," "
"Dell","Dell DC NVMe CD8 U.2 MU 12.8TB","NVMe","ESXi 9.1"," "
"Dell","Dell Ent NVMe v2 AGN FIPS MU U.2 12.8TB","NVMe","ESXi 9.1"," "
"Dell","DELL NVMe SSD CD9P SIE  U.2 KCD9XPUG30T7 30.72TB","NVMe","ESXi 9.1"," "
"Dell","Dell Ent NVMe v2 AGN FIPS MU U.2 1.6TB","NVMe","ESXi 9.1"," "
"Dell","Dell Ent NVMe v2 AGN FIPS MU U.2 3.2TB","NVMe","ESXi 9.1"," "
"Dell","PERC H755 Front PERC","SAS-RAID","ESXi 9.1"," "
"Dell","Dell HBA355i Adapter","SAS","ESXi 9.1"," "
"Dell","Dell Ent NVMe P5336 RI ISE 61.44TB","NVMe","ESXi 9.1"," "
"Dell","Dell Ent NVMe P5336 RI FIPS 30.72TB","NVMe","ESXi 9.1"," "
"Dell","Dell DC NVMe CD8 U.2 SED MU 800GB","NVMe","ESXi 9.1"," "
"Dell","Dell DC NVMe PM9D3a RI M.2 480GB","NVMe","ESXi 9.1"," "
"Dell","Intel(R) Ethernet 25G 2P E810-XXV-k Mezz","Network","ESXi 9.1"," "
"Dell","Dell Ent NVMe P5336 RI FIPS 61.44TB","NVMe","ESXi 9.1"," "
"Dell","Mellanox ConnectX-4 Single Port VPI EDR QSFP PCIe Adapter","Network","ESXi 9.1","Restricted"
"Dell","Dell Ent NVMe P5336 RI FIPS 7.68TB","NVMe","ESXi 9.1"," "
"Dell","HFS960GDJ8X167N","NVMe","ESXi 9.1"," "
"Dell","Dell Ent NVMe CM7 U.2 MU 6.4TB/8RJJ9","NVMe","ESXi 9.1"," "
"Dell","Dell NVMe FIPS PM1745 MU U.2 3.2TB","NVMe","ESXi 9.1"," "
"Dell","Dell Ent NVMe P5336 RI FIPS 15.36TB","NVMe","ESXi 9.1"," "
"Dell","BCM57412","Network","ESXi 9.1"," "
"Dell","Dell Ent NVMe P5336 RI ISE 15.36TB","NVMe","ESXi 9.1"," "
"Dell","Mellanox Connect X-6 DX Dual Port 100Gbe QSFP56 Network Adapter","Network","ESXi 9.1"," "
"Dell","Dell Ent NVMe FIPS P5620 MU 12.8TB","NVMe","ESXi 9.1"," "
"Dell","Dell Ent NVMe CM7 FIPS U.2 MU 12.8TB","NVMe","ESXi 9.1"," "
"Dell","Dell Ent NVMe P5600 MU U.2 6.4TB","NVMe","ESXi 9.1"," "
"Dell","BCM57416","Network","ESXi 9.1"," "
"Dell","Dell NVMe FIPS PM1745 MU U.2 1.6TB","NVMe","ESXi 9.1"," "
"Dell","Dell NVMe PM1753 RI U.2 15.36TB","NVMe","ESXi 9.1"," "
"Dell","BCM57504","Network","ESXi 9.1"," "
"Dell","BCM57504","Network","ESXi 9.1"," "
"Dell","Dell Ent NVMe CM7 FIPS E3.S MU 3.2TB","NVMe","ESXi 9.1"," "
"Dell","BCM57416","Network","ESXi 9.1"," "
"Dell","BCM57412","Network","ESXi 9.1"," "
"Dell","Dell DC NVMe CD8P E3.S 1.92TB","NVMe","ESXi 9.1"," "
"Dell","Intel(R) Ethernet Converged Network Adapter X710","Network","ESXi 9.1"," "
"Dell","MTFDLBQ6T4THB-1BK1JABDA","NVMe","ESXi 9.1"," "
"Dell","MTFDLBQ3T8THG-1BP1JABDA","NVMe","ESXi 9.1"," "
"Dell","BCM57416","Network","ESXi 9.1"," "
"Dell","Dell Express Flash NVMe PM1725a 800 GB PCIe SSD Controller","NVMe","ESXi 9.1"," "
"Dell","Intel Gigabit 2P I350-t Adapter","Network","ESXi 9.1"," "
"Dell","Dell NVMe PM1753 RI E3.S 30.72TB","NVMe","ESXi 9.1"," "
"Dell","Dell Ent NVMe P5336 RI ISE 30.72TB","NVMe","ESXi 9.1"," "
"Dell","Dell NVMe PM1755 MU U.2 6.4TB","NVMe","ESXi 9.1"," "
"Dell","Perc H975i Adapter","SAS-SATA-NVME Tri-mode RAID","ESXi 9.1"," "
"Dell","Mellanox ConnectX®-6 Single Port VPI HDR100 QSFP Adapter","Network","ESXi 9.1"," "
"Dell","BCM5720","Network","ESXi 9.1"," "
"Dell","FD332-PERC (Dual ROC)","SAS-RAID","ESXi 9.1"," "
"Dell","Gigabit 2P I350 LOM","Network","ESXi 9.1"," "
"Dell","Dell Express Flash NVMe PM1725a 6.4 TB PCIe SSD Controller","NVMe","ESXi 9.1"," "
"Dell","Dell Ent NVMe SED P5500 RI U.2 7.68TB","NVMe","ESXi 9.1"," "
"Dell","HFS800GDJ8X167N","NVMe","ESXi 9.1"," "
"Dell","MTFDLAL15T3THG-1BP1JABDA","NVMe","ESXi 9.1"," "
"Dell","MTFDLBQ12T8THS-1BP1JABDA","NVMe","ESXi 9.1"," "
"Dell","MTFDLAL1T9THG-1BP1DFCDA","NVMe","ESXi 9.1"," "
"Dell","MTFDLAL6T4THS-1BP1DFCDA","NVMe","ESXi 9.1"," "
"Dell","MTFDLAL1T6THS-1BP1DFCDA","NVMe","ESXi 9.1"," "
"Dell","MTFDLBQ1T9THG-1BP1DFCDA","NVMe","ESXi 9.1"," "
"Dell","MTFDLBQ6T4THS-1BP1DFCDA","NVMe","ESXi 9.1"," "
"Dell","Broadcom NetXtreme PCIe 1Gb 2-Port RJ45 Ethernet Adapter","Network","ESXi 9.1"," "
"Dell","12GB/s HBA external","SAS","ESXi 9.1"," "
"Dell","Dell DC NVMe PM9D5a MU E3.S 3.2TB","NVMe","ESXi 9.1"," "
"Dell","Dell PERC FD33xS","SAS-RAID","ESXi 9.1"," "
"Dell","NVIDIA ConnectX-7 Single Port VPI NDR OSFP Adapter","Network","ESXi 9.1"," "
"Dell","Dell Express Flash NVMe P4500 SSDPE2KX010T7T (1.0 TB
 2.5" U.2)","NVMe","ESXi 9.1"," "
"Dell","PERC H740P Mini ESDS","SAS","ESXi 9.1"," "
"Dell","Dell Ent NVMe v2 AGN FIPS RI U.2 1.92TB","NVMe","ESXi 9.1"," "
"Dell","Nvidia Connect X-6 DX Dual Port 100Gbe QSFP56 OCP 3.0 Network Adapter","Network","ESXi 9.1"," "
"Dell","Dell DC NVMe PM9D3a RI E3.S 15.36TB","NVMe","ESXi 9.1"," "
"Dell","Dell DC NVMe PM9D3a RI E3.S 7.68 TB","NVMe","ESXi 9.1"," "
"Dell","HFS480GEJ8X132N","NVMe","ESXi 9.1"," "
"Dell","BCM57504","Network","ESXi 9.1"," "
"Dell","HFS480GEJ8X176N","NVMe","ESXi 9.1"," "
"Dell","PERC H730 Mini (for Blades)","SAS-RAID","ESXi 9.1"," "
"Dell","Dell Express Flash NVMe P4600 SSDPE2KE016T7T (1.6 TB
 2.5" U.2)","NVMe","ESXi 9.1"," "
"Dell","HFS1T9GEJ8X176N","NVMe","ESXi 9.1"," "
"Dell","Dell DC NVMe CD7 U.2 SED 1.92TB","NVMe","ESXi 9.1"," "
"Dell","Intel(R) Gigabit  I350-t LOM","Network","ESXi 9.1"," "
"Dell","HFS3T2GEJVX171N","NVMe","ESXi 9.1"," "
"Dell","BCM5720","Network","ESXi 9.1"," "
"Dell","Dell Ent NVMe CM7 FIPS E3.S MU 6.4TB","NVMe","ESXi 9.1"," "
"Dell","Dell Ent NVMe CM7 FIPS E3.S MU 12.8TB","NVMe","ESXi 9.1"," "
"Dell","Dell Ent NVMe CM6 RI 15.36TB / KCM6XRUL15T3","NVMe","ESXi 9.1"," "
"Dell","HFS800GDC8X088N","NVMe","ESXi 9.1"," "
"Dell","HBA330 Mini","SAS","ESXi 9.1"," "
"Dell","Dell Ent NVMe P5800X WI U.2 800GB","NVMe","ESXi 9.1"," "
"Dell","DELL NVMe SSD CM9 SIE  U.2 KCM9XVUL6T40 6.4TB ","NVMe","ESXi 9.1"," "
"Dell","Mellanox ConnectX-4 LX Dual Port 25 GbE SFP Rack NDC","Network","ESXi 9.1"," "
"Dell","Dell Ent NVMe CM7 E3.S RI 7.68TB","NVMe","ESXi 9.1"," "
"Dell","DELL NVMe SSD CM9 FIPS U.2  KCM9FRUL61T4 61.44TB ","NVMe","ESXi 9.1"," "
"Dell","Dell DC NVMe CD6 RI 7.68TB / KCD6XLUL7T68","NVMe","ESXi 9.1"," "
"Dell","DELL NVMe SSD CM9 SIE  U.2 KCM9XVUL12T8 12.8TB ","NVMe","ESXi 9.1"," "
"Dell","Dell NVMe PM1753 RI E3.S 15.36TB","NVMe","ESXi 9.1"," "
"Dell","Dell DC NVMe CD6 RI 960GB / KCD6XLUL960G","NVMe","ESXi 9.1"," "
"Dell","Dell Ent NVMe FIPS PM1733a RI 1.92TB","NVMe","ESXi 9.1"," "
"Dell","Dell Ent NVMe v2 AGN RI U.2 1.92TB","NVMe","ESXi 9.1"," "
"Dell","Intel(R) Gigabit 2P I350-t LOM","Network","ESXi 9.1"," "
"Dell","DELL NVMe SSD CD9P SIE U.2 KCD9XPUG3T20 3.2TB","NVMe","ESXi 9.1"," "
"Dell","Dell NVMe CD7 E3.S 3.84TB","NVMe","ESXi 9.1"," "
"Dell","BCM57414","Network","ESXi 9.1"," "
"Dell","DELL NVMe SSD CD9P SIE  U.2 KCD9XPUG15T3 15.36TB","NVMe","ESXi 9.1"," "
"Dell","DELL NVMe SSD CD9P SED U.2  KCD9DPUG7T68 7.68TB","NVMe","ESXi 9.1"," "
"Dell","Dell HBA355e Adapter","SAS","ESXi 9.1"," "
"Dell","MTFDLBQ3T2THS-1BP1JABDA","NVMe","ESXi 9.1"," "
"Dell","Broadcom 5720 QP  1Gb NDC","Network","ESXi 9.1"," "
"Dell","PERC H730P Slim","SAS-RAID","ESXi 9.1"," "
"Dell","DELL NVMe SSD CD9P SIE  E3.S KCD9XPJE7T68 7.68TB ","NVMe","ESXi 9.1"," "
"Dell","Dell NVMe PM1753 RI U.2 1.92TB","NVMe","ESXi 9.1"," "
"Dell","DELL NVMe SSD CM9 FIPS  E3.S KCM9FRJE7T68 7.68TB","NVMe","ESXi 9.1"," "
"Dell","HFS3T8GFJCX180N","NVMe","ESXi 9.1"," "
"Dell","Dell DC NVMe CD8P E3.S 15.36TB","NVMe","ESXi 9.1"," "
"Dell","Dell Ent NVMe P5600 MU U.2 1.6TB","NVMe","ESXi 9.1"," "
"Dell","Dell Express Flash NVMe P4800X SSDPE21K750GAT (750 GB
 2.5” U.2)","NVMe","ESXi 9.1","Restricted"
"Dell","Dell Ent NVMe CM6 RI 1.92TB / KCM6XRUL1T92","NVMe","ESXi 9.1"," "
"Dell","Dell Ent NVMe FIPS P5620 MU 1.6TB","NVMe","ESXi 9.1"," "
"Dell","PERC H350 Adapter","SAS/SATA-RAID","ESXi 9.1"," "
"Dell","Dell DC NVMe CD8P E3.S MU 3.2TB","NVMe","ESXi 9.1"," "
"Dell","Dell Ent NVMe P5600 MU U.2 3.2TB","NVMe","ESXi 9.1"," "
"Dell","HFS3T2GFJCX180N","NVMe","ESXi 9.1"," "
"Dell","MTFDLBQ12T8THB-1BK1JABDA","NVMe","ESXi 9.1"," "
"Dell","Dell Ent NVMe P5520 RI 7.68TB","NVMe","ESXi 9.1"," "
"Dell","Dell Ent NVMe SED P5600 MU U.2 1.6TB","NVMe","ESXi 9.1"," "
"Dell","MTFDLAL6T4THB-1BK1DFCDA","NVMe","ESXi 9.1"," "
"Dell","H365i Front","SAS-RAID","ESXi 9.1"," "
"Dell","Dell NVMe PM1755 MU U.2 1.6TB","NVMe","ESXi 9.1"," "
"Dell","HFS12T8FJCX180N","NVMe","ESXi 9.1"," "
"Dell","Dell DC NVMe 7500 U.2 ISE RI 1.92TB","NVMe","ESXi 9.1"," "
"Dell","Dell NVMe CD7 E3.S 1.92TB","NVMe","ESXi 9.1"," "
"Dell","Dell Ent NVMe FIPS P5620 MU 3.2TB","NVMe","ESXi 9.1"," "
"Dell","QLogic 2x64Gb QLE2872C FC HBA","FC","ESXi 9.1"," "
"Dell","Emulex LightPulse LPe31000-M6-D 1-Port 16Gb Fibre Channel Adapter","FC","ESXi 9.1"," "
"Dell","Dell Ent NVMe SED P5500 RI U.2 3.84TB","NVMe","ESXi 9.1"," "
"Dell","HFS7T6GECTX088N","NVMe","ESXi 9.1"," "
"Dell","HFS1T9GECTX088N","NVMe","ESXi 9.1"," "
"Dell","HFS7T6GETFEI-D430A","NVMe","ESXi 9.1"," "
"Dell","Dell Express Flash NVMe P4600 SSDPE2KE020T7T (2.0 TB
 2.5" U.2)","NVMe","ESXi 9.1"," "
"Dell","HFS12T8EJVX171N","NVMe","ESXi 9.1"," "
"Dell","Dell Ent NVMe CM7 FIPS U.2 RI 15.36TB","NVMe","ESXi 9.1"," "
"Dell","NVIDIA Bluefield-2 Dual Port 25GbE SFP28 PCIe FH DPU","DPU","ESXi 9.1"," "
"Dell","Intel(R) Gigabit 4P X710/I350 rNDC","Network","ESXi 9.1"," "
"Dell","HFS800GEJ8X176N","NVMe","ESXi 9.1"," "
"Dell","HFS960GEJ8X132N","NVMe","ESXi 9.1"," "
"Dell","Dell Ent NVMe FIPS CM6 MU 3.2TB/KCM6FVUL3T20","NVMe","ESXi 9.1"," "
"Dell","Dell NVMe PM1745 MU U.2 1.6TB","NVMe","ESXi 9.1"," "
"Dell","Dell Ent NVMe CM6 MU 3.2TB / KCM6XVUL3T20","NVMe","ESXi 9.1"," "
"Dell","Dell NVMe PM1743 RI U.2 7.68TB","NVMe","ESXi 9.1"," "
"Dell","Dell Ent NVMe P5800X SED WI U.2 1.6TB","NVMe","ESXi 9.1"," "
"Dell","HFS960GEJ8X176N","NVMe","ESXi 9.1"," "
"Dell","BOSS-S1 Adapter","SATA","ESXi 9.1"," "
"Dell","BOSS S1-Modular","SATA","ESXi 9.1"," "
"Dell","Dell Ent NVMe AGN MU U.2 6.4TB","NVMe","ESXi 9.1"," "
"Dell","Dell Express Flash NVMe P4510 SSDPE2KX080T8T (8TB 
 2.5" U.2)","NVMe","ESXi 9.1"," "
"Dell","HFS3T8GFJCX171N","NVMe","ESXi 9.1"," "
"Dell","HFS3T8GEJVX171N","NVMe","ESXi 9.1"," "
"Dell","HFS1T9GETFEI-D430A","NVMe","ESXi 9.1"," "
"Dell","Dell Ent NVMe CM6 RI 3.84TB / KCM6XRUL3T84","NVMe","ESXi 9.1"," "
"Dell","DELL NVMe SSD CD9P SED E3.S KCD9DPJE1T60 1.6TB","NVMe","ESXi 9.1"," "
"Dell","Dell HBA350i Adapter","SAS","ESXi 9.1"," "
"Dell","Gigabit 4P I350 bNDC","Network","ESXi 9.1"," "
"Dell","Dell Express Flash PM1725b 12.8TB SFF","NVMe","ESXi 9.1"," "
"Dell","Intel(R) Gigabit 4P I350 bNDC","Network","ESXi 9.1"," "
"Dell","Dell Express Flash NVMe P4610 SSDPE2KE016T8T (1.6TB 
 2.5" U.2)","NVMe","ESXi 9.1"," "
"Dell","Express Flash NVMe 7.68T (RI) U.2/KCD5XLUG7T68","NVMe","ESXi 9.1"," "
"Dell","HFS3T8GDE0X088N","NVMe","ESXi 9.1"," "
"Dell","DELL NVMe SSD CD9P SIE E3.S KCD9XPJE1T60 1.6TB","NVMe","ESXi 9.1"," "
"Dell","Dell Ent NVMe FIPS CM6 MU 1.6TB/KCM6FVUL1T60","NVMe","ESXi 9.1"," "
"Dell","MTFDLAL3T8THG-1BP1JABDA","NVMe","ESXi 9.1"," "
"Dell","Dell DC NVMe CD8P E3.S MU 12.8TB","NVMe","ESXi 9.1"," "
"Dell","Dell Express Flash NVMe PM1725a 1.6 TB PCIe SSD Controller","NVMe","ESXi 9.1"," "
"Dell","Dell Ent NVMe FIPS PM1733a RI 15.36TB","NVMe","ESXi 9.1"," "
"Dell","DELL NVMe SSD CD9P SIE E3.S KCD9XPJE6T40 6.4TB","NVMe","ESXi 9.1"," "
"Dell","Dell Ent NVMe FIPS PM1735a MU 6.4TB","NVMe","ESXi 9.1"," "
"Dell","BCM5719","Network","ESXi 9.1"," "
"Dell","Dell Ent NVMe PM1735a MU 12.8TB","NVMe","ESXi 9.1"," "
"Dell","Dell Ent NVMe PM1735a MU 6.4TB","NVMe","ESXi 9.1"," "
"Dell","BOSS-S1 Adapter","SATA","ESXi 9.1"," "
"Dell","Dell Ent NVMe FIPS CM6 RI 1.92TB/KCM6FRUL1T92","NVMe","ESXi 9.1"," "
"Dell","PERC H730P MX","SAS-RAID","ESXi 9.1"," "
"Dell","Dell Ent NVMe P5800X WI U.2 400GB","NVMe","ESXi 9.1"," "
"Dell","Dell DC NVMe PM9A3 RI 110M.2 960GB","NVMe","ESXi 9.1"," "
"Dell","Intel(R) Ethernet 10G 2P X550-t Adapter","Network","ESXi 9.1"," "
"Dell","Mellanox ConnectX®-4 LX Dual Port 25 GbE KR Mezzanine Card","Network","ESXi 9.1"," "
"Dell","Mellanox ConnectX®-5 Ex Dual Port 100 GbE QSFP Network Adapter","Network","ESXi 9.1"," "
"Dell","BCM5720","Network","ESXi 9.1"," "
"Dell","Dell NVMe PM1745 MU E3.S 1.6TB","NVMe","ESXi 9.1"," "
"Dell","Emulex LPe35002-M2-D 2-Port 32Gb Fibre Channel Adapter","FC","ESXi 9.1"," "
"Dell","Dell Express Flash NVMe P4800X SSDPE21K375GAT (375 GB
 2.5” U.2)","NVMe","ESXi 9.1","Restricted"
"Dell","BCM57412","Network","ESXi 9.1"," "
"Dell","Dell Express Flash NVMe P4800X SSDPED1K750GAT (750 GB
 AIC)","NVMe","ESXi 9.1","Restricted"
"Dell","BCM5720","Network","ESXi 9.1"," "
"Dell","Dell Express Flash PM1725b 1.6TB SFF","NVMe","ESXi 9.1"," "
"Dell","Dell Ent NVMe SED P5600 MU U.2 6.4TB","NVMe","ESXi 9.1"," "
"Dell","Dell NVMe PM1745 MU U.2 6.4TB","NVMe","ESXi 9.1"," "
"Dell","Dell Express Flash PM1725b 3.2TB SFF","NVMe","ESXi 9.1"," "
"Dell","DELL NVMe SSD CM9 FIPS U.2  KCM9FRUL7T68 7.68TB","NVMe","ESXi 9.1"," "
"Dell","DELL NVMe SSD CM9 FIPS U.2 KCM9FRUL1T92 1.92TB ","NVMe","ESXi 9.1"," "
"Dell","BCM57414","Network","ESXi 9.1"," "
"Dell","Intel Gigabit 4P I350-t Adapter","Network","ESXi 9.1"," "
"Dell","MTFDLBQ1T9THG-1BP1JABDA","NVMe","ESXi 9.1"," "
"Dell","DELL NVMe SSD CM9 SIE E3.S KCM9XRJE1T92 1.92TB ","NVMe","ESXi 9.1"," "
"Dell","MTFDLAL15T3THA-1BK1JABDA","NVMe","ESXi 9.1"," "
"Dell","BCM57414","Network","ESXi 9.1"," "
"Dell","Dell DC NVMe PM9D3a RI U.2 1.92TB","NVMe","ESXi 9.1"," "
"Dell","DELL NVMe SSD CD9P SIE U.2 KCD9XPUG6T40 6.4TB","NVMe","ESXi 9.1"," "
"Dell","BCM57304 NetXtreme-C Ethernet Virtual Function","Network","ESXi 9.1","Restricted"
"Dell","MTFDLAL3T8THA-1BK1JABDA","NVMe","ESXi 9.1"," "
"Dell","DELL NVMe SSD CM9 SIE  U.2 KCM9XVUL1T60 1.6TB ","NVMe","ESXi 9.1"," "
"Dell","MTFDLAL15T3THG-1BP1DFCDA","NVMe","ESXi 9.1"," "
"Dell","DELL NVMe SSD CD9P SIE  U.2 KCD9XPUG61T4 61.44TB","NVMe","ESXi 9.1"," "
"Dell","Dell Ent NVMe P5800X SED WI U.2 400GB","NVMe","ESXi 9.1"," "
"Dell","HFS7T6GEJVX171N","NVMe","ESXi 9.1"," "
"Dell","Dell Ent NVMe CM7 U.2 RI 7.68TB/VV2M7","NVMe","ESXi 9.1"," "
"Dell","PERC H965i MX","SAS-RAID","ESXi 9.1"," "
"Dell","BCM5720","Network","ESXi 9.1"," "
"Dell","DELL NVMe SSD CD9P SED U.2  KCD9DPUG3T84 3.84TB ","NVMe","ESXi 9.1"," "
"Dell","DELL NVMe SSD CM9 SIE U.2 KCM9XRUL3T84 3.84TB","NVMe","ESXi 9.1"," "
"Dell","MTFDLAL3T2THS-1BP1DFCDA","NVMe","ESXi 9.1"," "
"Dell","DELL NVMe SSD CM9 SIE  E3.S KCM9XVJE12T8 12.8TB","NVMe","ESXi 9.1"," "
"Dell","MTFDLBQ3T2THB-1BK1DFCDA","NVMe","ESXi 9.1"," "
"Dell","PERC H755 Front","SAS-RAID","ESXi 9.1"," "
"Dell","Intel(R) Gigabit 2P I350-t LOM","Network","ESXi 9.1"," "
"Dell","MTFDLBQ1T6THS-1BP1JABDA","NVMe","ESXi 9.1"," "
"Dell","DELL NVMe SSD CM9 SIE U.2 KCM9XRUL15T3 15.36TB ","NVMe","ESXi 9.1"," "
"Dell","MTFDLAL7T6THG-1BP1DFCDA","NVMe","ESXi 9.1"," "
"Dell","Dell Ent NVMe P5520 RI 7.68TB","NVMe","ESXi 9.1"," "
"Dell","Dell Ent NVMe CM6 RI 1.92T","NVMe","ESXi 9.1"," "
"Dell","DELL NVMe SSD CD9P SIE  E3.S KCD9XPJE30T7 30.72TB ","NVMe","ESXi 9.1"," "
"Dell","Dell Express Flash PM1725b 3.2TB AIC","NVMe","ESXi 9.1"," "
"Dell","DELL NVMe SSD CM9 FIPS  E3.S KCM9FRJE30T7 30.72TB","NVMe","ESXi 9.1"," "
"Dell","Dell Express Flash PM1725b 6.4TB AIC","NVMe","ESXi 9.1"," "
"Dell","Dell Express Flash NVMe P4510 SSDPE2KX010T8T (1TB 
 2.5" U.2)","NVMe","ESXi 9.1"," "
"Dell","Dell Express Flash NVMe P4510 SSDPE2KX040T8T (4TB 
 2.5" U.2)","NVMe","ESXi 9.1"," "
"Dell","DELL NVMe SSD CD9P SIE  E3.S KCD9XPJE1T92 1.92TB ","NVMe","ESXi 9.1"," "
"Dell","Intel(R) Ethernet 25G 4P E810-XXV OCP","Network","ESXi 9.1"," "
"Dell","UCSC-NVMEM4-H800","NVMe","ESXi 9.1"," "
"Dell","Dell Express Flash NVMe P4610 SSDPE2KE064T8T (6.4TB 
 2.5" U.2)","NVMe","ESXi 9.1"," "
"Dell","DELL NVMe SSD CD9P SIE E3.S KCD9XPJE3T20 3.2TB","NVMe","ESXi 9.1"," "
"Dell","DELL NVMe SSD CM9 SIE  U.2 KCM9XVUL3T20 3.2TB ","NVMe","ESXi 9.1"," "
"Dell","DELL NVMe SSD CD9P SIE U.2 KCD9XPUG1T60 1.6TB","NVMe","ESXi 9.1"," "
"Dell","BCM57508","Network","ESXi 9.1"," "
"Dell","Intel(R) Ethernet 10G 4P X710-T4L-t OCP","Network","ESXi 9.1"," "
"Dell","NVIDIA ConnectX-6 LX Dual Port 25 GbE SFP Network Adapter","Network","ESXi 9.1"," "
"Dell","DELL NVMe SSD CD9P SIE U.2  KCD9XPUG12T8 12.8TB ","NVMe","ESXi 9.1"," "
"Dell","QLogic 2x32Gb QLE2772C FC HBA","FC","ESXi 9.1"," "
"Dell","DELL NVMe SSD CM9 FIPS E3.S KCM9FVJE6T40 6.4TB","NVMe","ESXi 9.1"," "
"Dell","DELL NVMe SSD CM9 FIPS U.2 KCM9FVUL6T40 6.4TB","NVMe","ESXi 9.1"," "
"Dell","DELL NVMe SSD CM9 FIPS E3.S KCM9FVJE3T20 3.2TB","NVMe","ESXi 9.1"," "
"Dell","DELL NVMe SSD CM9 FIPS E3.S KCM9FVJE12T8 12.8TB","NVMe","ESXi 9.1"," "
"Dell","BCM57412","Network","ESXi 9.1"," "
"Dell","HFS1T6GEJVX171N","NVMe","ESXi 9.1"," "
"Dell","PERC H755 Adapter","SAS-RAID","ESXi 9.1"," "
"Dell","Dell DC NVMe CD7 U.2 SED 7.68TB","NVMe","ESXi 9.1"," "
"Dell","MTFDLAL6T4THS-1BP1JABDA","NVMe","ESXi 9.1"," "
"Dell","PERC H355 Adapter","SAS/SATA-RAID","ESXi 9.1"," "
"Dell","Dell DC NVMe CD6 RI 15.36TB / KCD6XLUL15T3","NVMe","ESXi 9.1"," "
"Dell","Dell Ent NVMe FIPS P5520 RI 3.84TB","NVMe","ESXi 9.1"," "
"Dell","HFS3T8GEETX070N","NVMe","ESXi 9.1"," "
"Dell","Dell Ent NVMe FIPS P5520 RI 15.36TB","NVMe","ESXi 9.1"," "
"Dell","MTFDLAL12T8THS-1BP1DFCDA","NVMe","ESXi 9.1"," "
"Dell","DELL NVMe SSD CD9P SED E3.S  KCD9DPJE7T68 7.68TB ","NVMe","ESXi 9.1"," "
"Dell","QLE2740-DEL","FC","ESXi 9.1"," "
"Dell","BCM5720","Network","ESXi 9.1"," "
"Dell","HFS6T4GFJCX180N","NVMe","ESXi 9.1"," "
"Dell","Dell NVMe FIPS PM1743 RI U.2 7.68TB","NVMe","ESXi 9.1"," "
"Dell","HFS1T6GFJCX171N","NVMe","ESXi 9.1"," "
"Dell","Express Flash NVMe 1.92T (RI) U.2/KCD5XLUG1T92","NVMe","ESXi 9.1"," "
"Dell","Express Flash NVMe 3.84T (RI) U.2/KCD5XLUG3T84","NVMe","ESXi 9.1"," "
"Dell","Broadcom 5719 Quad Port 1Gb Mezz","Network","ESXi 9.1"," "
"Dell","Intel(R) Ethernet 10G X710-k bNDC","Network","ESXi 9.1"," "
"Dell","Dell DC NVMe 7500 U.2 ISE RI 7.68TB","NVMe","ESXi 9.1"," "
"Dell","Samsung NVMe SSD PM1733 Series MZWLJ1T9HBJR-00007 (1.92TB
 2.5-inch)","NVMe","ESXi 9.1"," "
"Dell","Dell NVMe FIPS PM1743 RI U.2 3.84TB","NVMe","ESXi 9.1"," "
"Dell","Mellanox ConnectX-4 Dual Port VPI EDR QSFP PCIe Adapter","Network","ESXi 9.1","Restricted"
"Dell","Intel(R) Ethernet Converged Network Adapter X710-T","Network","ESXi 9.1"," "
"Dell","HFS1T9GDJ8X167N","NVMe","ESXi 9.1"," "
"Dell","BCM5720","Network","ESXi 9.1"," "
"Dell","BCM57504","Network","ESXi 9.1"," "
"Dell","MTFDLBQ30T7THA-1BK1JABDA","NVMe","ESXi 9.1"," "
"Dell","Dell NVMe PM1743 RI U.2 3.84TB","NVMe","ESXi 9.1"," "
"Dell","Dell NVMe FIPS PM1745 MU U.2 12.8TB","NVMe","ESXi 9.1"," "
"Dell","Dell NVMe FIPS PM1745 MU U.2 6.4TB","NVMe","ESXi 9.1"," "
"Dell","Dell DC NVMe 7500 U.2 ISE MU 1.6TB","NVMe","ESXi 9.1"," "
"Dell","Dell DC NVMe FIPS PM9D3a RI U.2 3.84TB","NVMe","ESXi 9.1"," "
"Dell","Dell NVMe PM1745 MU E3.S 3.2TB","NVMe","ESXi 9.1"," "
"Dell","PERC H330 Adapter","SAS-RAID","ESXi 9.1"," "
"Dell","MTFDLBQ12T8THS-1BP1DFCDA","NVMe","ESXi 9.1"," "
"Dell","Dell PERC H345 Front PERC","SAS-RAID","ESXi 9.1"," "
"Dell","Dell SAS3008 HBA","SAS","ESXi 9.1"," "
"Dell","Dell DC NVMe PM9D3a RI U.2 7.68GTB","NVMe","ESXi 9.1"," "
"Dell","BCM5720","Network","ESXi 9.1"," "
"Dell","BCM57416","Network","ESXi 9.1"," "
"Dell","BCM5720","Network","ESXi 9.1"," "
"Dell","BCM5720","Network","ESXi 9.1"," "
"Dell","Dell Ent NVMe FIPS P5620 MU 3.2TB","NVMe","ESXi 9.1"," "
"Dell","BCM5720","Network","ESXi 9.1"," "
"Dell","Dell DC NVMe SED 7450 RI U.2 1.92TB","NVMe","ESXi 9.1"," "
"Dell","MTFDLBQ15T3THA-1BK1JABDA","NVMe","ESXi 9.1"," "
"Dell","BCM5720","Network","ESXi 9.1"," "
"Dell","BCM57508","Network","ESXi 9.1"," "
"Dell","Dell HBA345 Adapter","SAS","ESXi 9.1"," "
"Dell","BCM5720","Network","ESXi 9.1"," "
"Dell","Express Flash NVMe 960G (RI) U.2 /KCD5XLUG960G","NVMe","ESXi 9.1"," "
"Dell","BCM5720","Network","ESXi 9.1"," "
"Dell","Dell Ent NVMe CM7 U.2 MU 1.6TB/MP4F2","NVMe","ESXi 9.1"," "
"Dell","Dell Ent NVMe AGN RI U.2 1.92TB","NVMe","ESXi 9.1"," "
"Dell","Intel(R) Gigabit 2P I350-t LOM","Network","ESXi 9.1"," "
"Dell","BCM5720","Network","ESXi 9.1"," "
"Dell","DELL NVMe SSD CD9P SED E3.S  KCD9DPJE30T7 30.72TB ","NVMe","ESXi 9.1"," "
"Dell","BCM5720","Network","ESXi 9.1"," "
"Dell","HFS7T6GEETX070N","NVMe","ESXi 9.1"," "
"Dell","Dell P3600 PCIe SSD U.2 800GB 09N17H","NVMe","ESXi 9.1"," "
"Dell","Dell DC NVMe 7500 U.2 SED RI 15.36TB","NVMe","ESXi 9.1"," "
"Dell","MTFDLBQ15T3THG-ABP1DFCDA","NVMe","ESXi 9.1"," "
"Dell","HFS480GEJ8X167N","NVMe","ESXi 9.1"," "
"Dell","Dell NVMe PM1755 MU E3.S 6.4TB","NVMe","ESXi 9.1"," "
"Dell","Dell Ent NVMe CM7 FIPS U.2 MU 1.6TB","NVMe","ESXi 9.1"," "
"Dell","HFS1T9GEETX070N","NVMe","ESXi 9.1"," "
"Dell","MTFDLAL7T6THA-1BK1JABDA","NVMe","ESXi 9.1"," "
"Dell","HFS960GEETX070N","NVMe","ESXi 9.1"," "
"Dell","MTFDLBQ6T4THS-1BP1JABDA","NVMe","ESXi 9.1"," "
"Dell","MTFDLAL7T6THG-1BP1JABDA","NVMe","ESXi 9.1"," "
"Dell","MTFDLAL12T8THS-1BP1JABDA","NVMe","ESXi 9.1"," "
"Dell","MTFDLAL12T8THB-1BK1JABDA","NVMe","ESXi 9.1"," "
"Dell","Dell Ent NVMe FIPS P5520 RI 1.92TB","NVMe","ESXi 9.1"," "
"Dell","MTFDLAL3T2THB-1BK1JABDA","NVMe","ESXi 9.1"," "
"Dell","PERC H740P mini","SAS-RAID","ESXi 9.1"," "
"Dell","PERC H740P Adapter","SAS-RAID","ESXi 9.1"," "
"Dell","Dell DC NVMe SED 7450 RI U.2 3.84TB","NVMe","ESXi 9.1"," "
"Dell","MTFDLBQ3T2THB-1BK1JABDA","NVMe","ESXi 9.1"," "
"Dell","Dell Express Flash NVMe PM1725 800 GB PCIe SSD Controller","NVMe","ESXi 9.1"," "
"Dell","Dell Ent NVMe v2 AGN MU U.2 1.6TB","NVMe","ESXi 9.1"," "
"Dell","FD332-PERC(Single ROC)","SAS-RAID","ESXi 9.1"," "
"Dell","Dell Express Flash NVMe PM1725 1.6 TB PCIe SSD Controller","NVMe","ESXi 9.1"," "
"Dell","Dell Express Flash NVMe PM1725 3.2 TB PCIe SSD Controller","NVMe","ESXi 9.1"," "
"Dell","Dell DC NVMe SED 7450 RI U.2 15.36TB","NVMe","ESXi 9.1"," "
"Dell","Dell Ent NVMe v2 AGN MU U.2 6.4TB","NVMe","ESXi 9.1"," "
"Dell","Dell NVMe FIPS PM1755 MU E3.S 1.6TB","NVMe","ESXi 9.1"," "
"Dell","Dell Express Flash NVMe PM1725 3.2 TB PCIe SSD Adapter by Samsung","NVMe","ESXi 9.1"," "
"Dell","HFS960GEJ8X167N","NVMe","ESXi 9.1"," "
"Dell","HFS480GEJ8X167N","NVMe","ESXi 9.1"," "
"Dell","MTFDLAL7T6THA-1BK1DFCDA","NVMe","ESXi 9.1"," "
"Dell","Dell Ent NVMe FIPS CM6 RI 3.84TB/KCM6FRUL3T84","NVMe","ESXi 9.1"," "
"Dell","Dell Express Flash NVMe PM1725 6.4 TB PCIe SSD Adapter by Samsung","NVMe","ESXi 9.1"," "
"Dell","HFS6T4GEJVX171N","NVMe","ESXi 9.1"," "
"Dell","Dell DC NVMe PM9A3 RI 110M.2 1.92TB","NVMe","ESXi 9.1"," "
"Dell","Dell DC NVMe SED 7450 RI U.2 7.68TB","NVMe","ESXi 9.1"," "
"Dell","Dell Ent NVMe v2 AGN MU U.2 12.8TB","NVMe","ESXi 9.1"," "
"Dell","BCM57414","Network","ESXi 9.1"," "
"Dell","Dell Express Flash NVMe PM1725a 1.6TB PCIe SSD Adapter by Samsung","NVMe","ESXi 9.1"," "
"Dell","BCM57608","Network","ESXi 9.1"," "
"Dell","HFS960GECTX088N","NVMe","ESXi 9.1"," "
"Dell","Dell Express Flash NVMe PM1725a 3.2 TB PCIe SSD Controller","NVMe","ESXi 9.1"," "
"Dell","HBA465i Front","SAS","ESXi 9.1"," "
"Dell","DELL NVMe SSD CM9 FIPS U.2 KCM9FVUL3T20 3.2TB","NVMe","ESXi 9.1"," "
"Dell","DELL NVMe SSD CD9P SIE  U.2 KCD9XPUG1T92 1.92TB","NVMe","ESXi 9.1"," "
"Dell","Dell Express Flash NVMe PM1725a 6.4TB PCIe SSD Adapter by Samsung","NVMe","ESXi 9.1"," "
"Dell","Dell DC NVMe CD8P E3.S MU 6.4TB","NVMe","ESXi 9.1"," "
"Dell","Dell Ent NVMe P5620 MU 1.6TB","NVMe","ESXi 9.1"," "
"Dell","DELL NVMe SSD CM9 FIPS U.2 KCM9FVUL12T8 12.8TB","NVMe","ESXi 9.1"," "
"Dell","Dell Ent NVMe FIPS P5620 MU 6.4TB","NVMe","ESXi 9.1"," "
"Dell","DELL NVMe SSD CM9 FIPS  E3.S KCM9FRJE15T3 15.36TB","NVMe","ESXi 9.1"," "
"Dell","HFS6T4GFJCX171N","NVMe","ESXi 9.1"," "
"Dell","QME2742-DEL","FC","ESXi 9.1"," "
"Dell","Dell DC NVMe FIPS PM9D3a RI U.2 1.92TB","NVMe","ESXi 9.1"," "
"Dell","Dell NVMe FIPS PM1753 RI E3.S 7.68TB","NVMe","ESXi 9.1"," "
"Dell","Dell NVMe PM1753 RI E3.S 7.68TB","NVMe","ESXi 9.1"," "
"Dell","HFS960GEETX0990N","NVMe","ESXi 9.1"," "
"Dell","MTFDLAL3T8THG-1BP1DFCDA","NVMe","ESXi 9.1"," "
"Dell","PERC H840 Adapter","SAS-RAID","ESXi 9.1"," "
"Dell","Dell DC NVMe CD6 RI 1.92TB / KCD6XLUL1T92","NVMe","ESXi 9.1"," "
"Dell","Dell DC NVMe 7500 U.2 ISE RI 15.36TB","NVMe","ESXi 9.1"," "
"Dell","MSCC SmartRAID 3162-8i/eDell","SAS","ESXi 9.1"," "
"Dell","MTFDLAL12T8THB-1BK1DFCDA","NVMe","ESXi 9.1"," "
"Dell","Dell NVMe PM1753 RI E3.S 1.92TB","NVMe","ESXi 9.1"," "
"Dell","HFS15T3FJCX180N","NVMe","ESXi 9.1"," "
"Dell","BCM5720","Network","ESXi 9.1"," "
"Dell","BCM57414","Network","ESXi 9.1"," "
"Dell","Intel Gigabit 4P X540/I350 rNDC","Network","ESXi 9.1"," "
"Dell","Dell DC NVMe CD6 RI 1.92TB","NVMe","ESXi 9.1"," "
"Dell","DELL NVMe SSD CM9 SIE  E3.S KCM9XVJE6T40 6.4TB","NVMe","ESXi 9.1"," "
"Dell","Dell Ent NVMe P5500 RI U.2 1.92TB","NVMe","ESXi 9.1"," "
"Dell","Dell Express Flash NVMe PM1725a 3.2TB PCIe SSD Adapter by Samsung","NVMe","ESXi 9.1"," "
"Dell","DELL NVMe SSD CD9P SED U.2  KCD9DPUG61T4 61.44TB","NVMe","ESXi 9.1"," "
"Dell","HFS480GDJ8X167N","NVMe","ESXi 9.1"," "
"Dell","HFS15T3FJCX171N","NVMe","ESXi 9.1"," "
"Dell","ROR-N1","NVMe","ESXi 9.1"," "
"Dell","Dell Ent NVMe P5620 MU 3.2TB","NVMe","ESXi 9.1"," "
"Dell","Dell Express Flash NVMe P4500 SSDPE2KX020T7T (2.0 TB
 2.5" U.2)","NVMe","ESXi 9.1"," "
"Dell","Dell Express Flash NVMe SM1715 1.6 TB PCIe SSD Adapter by Samsung","NVMe","ESXi 9.1"," "
"Dell","Dell Express Flash NVMe SM1715 3.2 TB PCIe SSD Adapter by Samsung","NVMe","ESXi 9.1"," "
"Dell","H365i Adapter","SAS-RAID","ESXi 9.1"," "
"Dell","Dell HBA350i MM","SAS","ESXi 9.1"," "
"Dell","Dell Express Flash NVMe SM1715 1.6 TB PCIe SSD Controller","NVMe","ESXi 9.1"," "
"Dell","MTFDLBQ7T6THG-1BP1DFCDA","NVMe","ESXi 9.1"," "
"Dell","Dell Express Flash NVMe XS1715 1.6TB PCIe SSD Controller","NVMe","ESXi 9.1"," "
"Dell","HFS800GEJ8X132N","NVMe","ESXi 9.1"," "
"Dell","HFS1T9GEJ8X167N","NVMe","ESXi 9.1"," "
"Dell","Dell DC NVMe PM9A3 RIU.2 1.92TB","NVMe","ESXi 9.1"," "
"Dell","DELL NVMe SSD CD9P SED U.2  KCD9DPUG3T20 3.2TB","NVMe","ESXi 9.1"," "
"Dell","Dell NVMe FIPS PM1755 MU E3.S 6.4TB","NVMe","ESXi 9.1"," "
"Dell","DELL NVMe SSD CD9P SED E3.S KCD9DPJE12T8 12.8TB","NVMe","ESXi 9.1"," "
"Dell","DELL NVMe SSD CD9P SED U.2  KCD9DPUG6T40 6.4TB","NVMe","ESXi 9.1"," "
"Dell","Intel Gigabit 4P I350-t Mezz","Network","ESXi 9.1"," "
"Dell","Dell Express Flash NVMe PM1725 1.6 TB PCIe SSD Adapter by Samsung","NVMe","ESXi 9.1"," "
"Dell","BCM57414","Network","ESXi 9.1"," "
"Dell","DELL NVMe SSD CD9P SIE  E3.S KCD9XPJE3T84 3.84TB ","NVMe","ESXi 9.1"," "
"Dell","Dell Ent NVMe AGN SED RI U.2 15.36TB","NVMe","ESXi 9.1"," "
"Dell","HFS7T6GFJCX180N","NVMe","ESXi 9.1"," "
"Dell","HFS1T9GFJCX180N","NVMe","ESXi 9.1"," "
"Dell","FD33xD-HBA","SAS","ESXi 9.1"," "
"Dell","Dell DC NVMe PM9A3 RIU.2 7.68TB","NVMe","ESXi 9.1"," "
"Dell","MTFDLAL3T8THA-1BK1DFCDA","NVMe","ESXi 9.1"," "
"Dell","Dell Ent NVMe AGN SED MU U.2 1.6TB","NVMe","ESXi 9.1"," "
"Dell","DELL NVMe SSD CD9P SED U.2  KCD9DPUG12T8 12.8TB","NVMe","ESXi 9.1"," "
"Dell","PERC H745P MX","SAS-RAID","ESXi 9.1"," "
"Dell","Dell Express Flash NVMe XS1715 800GB PCIe SSD Controller","NVMe","ESXi 9.1"," "
"Dell","DELL NVMe SSD CM9 SIE  E3.S KCM9XVJE1T60 1.6TB ","NVMe","ESXi 9.1"," "
"Dell","Dell Ent NVMe AGN SED MU U.2 6.4TB","NVMe","ESXi 9.1"," "
"Dell","Dell DC NVMe PM9D3a RI M.2 1.92TB","NVMe","ESXi 9.1"," "
"Dell","Dell Ent NVMe FIPS P5620 MU 6.4TB","NVMe","ESXi 9.1"," "
"Dell","Dell NVMe PM1743 RI U.2 15.36TB`","NVMe","ESXi 9.1"," "
"Dell","Dell Express Flash NVMe XS1715 400GB PCIe SSD Controller","NVMe","ESXi 9.1"," "
"Dell","Dell Ent NVMe FIPS PM1733a RI 3.84TB","NVMe","ESXi 9.1"," "
"Dell","DELL NVMe SSD CD9P SED U.2  KCD9DPUG15T3 15.36TB ","NVMe","ESXi 9.1"," "
"Dell","Intel(R) Ethernet 10G 4P X710-T4L-t Adapter","Network","ESXi 9.1"," "
"Dell","Dell Ent NVMe FIPS PM1735a MU 3.2TB","NVMe","ESXi 9.1"," "
"Dell","Dell HBA350i MM LP","SAS","ESXi 9.1"," "
"Dell","DELL NVMe SSD CM9 FIPS  E3.S KCM9FRJE3T84 3.84TB","NVMe","ESXi 9.1"," "
"Dell","PERC H730 Mini","SAS-RAID","ESXi 9.1"," "
"Dell","Ethernet Connection I354 1.0 GbE Backplane","Network","ESXi 9.1"," "
"Dell","Intel(R) Gigabit 2P I350-t LOM","Network","ESXi 9.1"," "
"Dell","DELL NVMe SSD CM9 SIE  E3.S KCM9XRJE3T84 3.84TB","NVMe","ESXi 9.1"," "
"Dell","DELL NVMe SSD CM9 SIE E3.S KCM9XRJE7T68 7.68TB","NVMe","ESXi 9.1"," "
"Dell","DELL NVMe SSD CM9 SIE E3.S KCM9XRJE15T3 15.36TB","NVMe","ESXi 9.1"," "
"Dell","Dell NVMe PM1753 RI U.2 30.72TB","NVMe","ESXi 9.1"," "
"Dell","Intel(R) Gigabit 4P X550/I350 rNDC","Network","ESXi 9.1"," "
"Dell","Intel(R) Ethernet Converged Network Adapter XL710-Q2","Network","ESXi 9.1"," "
"Dell","Dell DC NVMe CD8P E3.S MU 1.6TB","NVMe","ESXi 9.1"," "
"Dell","MTFDLBQ3T8THA-1BK1DFCDA","NVMe","ESXi 9.1"," "
"Dell","DELL NVMe SSD CD9P SIE  U.2 KCD9XPUG7T68 7.68TB","NVMe","ESXi 9.1"," "
"Dell","QME2692-DEL","FC","ESXi 9.1"," "
"Dell","MTFDLAL3T2THS-1BP1JABDA","NVMe","ESXi 9.1"," "
"Dell","DELL NVMe SSD CD9P SED E3.S KCD9DPJE6T40 6.4TB","NVMe","ESXi 9.1"," "
"Dell","Dell HBA330 MX","SAS","ESXi 9.1"," "
"Dell","Intel(R) Ethernet 100G 2P E810-2C Adapter","Network","ESXi 9.1"," "
"Dell","HFS800GEJ8X167N","NVMe","ESXi 9.1"," "
"Dell","PERC H755MX","SAS-RAID","ESXi 9.1"," "
"Dell","HFS1T9GEJVX171N","NVMe","ESXi 9.1"," "
"Dell","Dell Ent NVMe PM1733aRI 15.36TB","NVMe","ESXi 9.1"," "
"Dell","Intel(R) Ethernet 10G 4P X550 rNDC ","Network","ESXi 9.1"," "
"Dell","Dell NVMe FIPS PM1753 RI E3.S 15.36TB","NVMe","ESXi 9.1"," "
"Dell","HFS3T8GECTX088N","NVMe","ESXi 9.1"," "
"Dell","Dell NVMe FIPS PM1753 RI E3.S 30.72TB","NVMe","ESXi 9.1"," "
"Dell","Dell DC NVMe CD6 RI 3.84TB / KCD6XLUL3T84","NVMe","ESXi 9.1"," "
"Dell","Intel(R) Ethernet Converged Network Adapter XL710-Q2","Network","ESXi 9.1"," "
"Dell","Dell Express Flash PM1725b 6.4TB SFF","NVMe","ESXi 9.1"," "
"Dell","DELL NVMe SSD CM9 FIPS U.2  KCM9FRUL3T84 3.84TB ","NVMe","ESXi 9.1"," "
"Dell","BCM57414","Network","ESXi 9.1"," "
"Dell","Dell PERC H745 Adapter","SAS-RAID","ESXi 9.1"," "
"Dell","PERC H330 Adapter","SAS-RAID","ESXi 9.1"," "
"Dell","Dell DC NVMe PM9A3 RIU.2 960GB","NVMe","ESXi 9.1"," "
"Dell","Dell DC NVMe 7500 U.2 ISE MU 800GB","NVMe","ESXi 9.1"," "
"Dell","UCSC-NVMEM4-H1600","NVMe","ESXi 9.1"," "
"Dell","Dell DC NVMe 7500 U.2 ISE MU 3.2TB","NVMe","ESXi 9.1"," "
"Dell","Dell DC NVMe 7500 U.2 ISE RI 960GB","NVMe","ESXi 9.1"," "
"Dell","HFS480GDC8X096N","NVMe","ESXi 9.1"," "
"Dell","Dell DC NVMe PM9A3 RIU.2 3.84TB","NVMe","ESXi 9.1"," "
"Dell","HFS1T9GDC8X096N","NVMe","ESXi 9.1"," "
"Dell","HFS960GDC8X099N","NVMe","ESXi 9.1"," "
"Dell","HFS1T9GDC8X099N","NVMe","ESXi 9.1"," "
"Dell","DELL NVMe SSD CD9P SED U.2 KCD9DPUG1T92 1.92TB","NVMe","ESXi 9.1"," "
"Dell","Dell Express Flash NVMe SM1715 800 GB PCIe SSD Controller","NVMe","ESXi 9.1"," "
"Dell","DELL NVMe SSD CM9 SIE E3.S KCM9XVJE3T20 3.2TB","NVMe","ESXi 9.1"," "
"Dell","Dell Ent NVMe AGN SED MU AIC 3.2TB","NVMe","ESXi 9.1"," "
"Dell","Dell Ent NVMe FIPS PM1735a MU 1.6TB","NVMe","ESXi 9.1"," "
"Dell","HFS960GETFEI-D430A","NVMe","ESXi 9.1"," "
"Dell","Dell Ent NVMe PM1735a MU 1.6TB","NVMe","ESXi 9.1"," "
"Dell","Dell Ent NVMe v2 AGN FIPS RI U.2 3.84TB","NVMe","ESXi 9.1"," "
"Dell","Dell PERC H345 Adapter","SAS-RAID","ESXi 9.1"," "
"Dell","Mellanox ConnectX-4 Dual Port 100 GbE QSFP Network Adapter","Network","ESXi 9.1","Restricted"
"Dell","Dell NVMe FIPS PM1753 RI E3.S 1.92TB","NVMe","ESXi 9.1"," "
"Dell","DELL NVMe SSD CD9P SED U.2  KCD9DPUG1T60 1.6TB","NVMe","ESXi 9.1"," "
"Dell","Dell Ent NVMe v2 AGN FIPS MU U.2 6.4TB","NVMe","ESXi 9.1"," "
"Dell","Dell DC NVMe CD7 U.2 960GB","NVMe","ESXi 9.1"," "
"Dell","Mellanox ConnectX-4 LX Dual Port 25 GbE SFP Network Adapter","Network","ESXi 9.1"," "
"Dell","DELL NVMe SSD CM9 SIE E3.S KCM9XRJE30T7 30.72TB","NVMe","ESXi 9.1"," "
"Dell","Dell DC NVMe CD7 U.2 15.36TB","NVMe","ESXi 9.1"," "
"Dell","DELL NVMe SSD CD9P SED E3.S  KCD9DPJE3T84 3.84TB ","NVMe","ESXi 9.1"," "
"Dell","Intel(R) Ethernet 10G 4P X710/I350 rNDC","Network","ESXi 9.1"," "
"Dell","Emulex LPe36002-M64-D 2-Port 64Gb Fibre Channel Adapter","FC","ESXi 9.1"," "
"Dell","Dell Ent NVMe CM7 U.2 RI 30.72TB/8WK55","NVMe","ESXi 9.1"," "
"Dell","PERC H840 Adapter ESDS","SAS","ESXi 9.1"," "
"Dell","X2522-25G","Network","ESXi 9.1","Restricted"
"Dell","Dell Express Flash PM1725b 1.6TB AIC","NVMe","ESXi 9.1"," "
"Dell","NetXtreme-E P410SDBT BCM57454 4x10G BT PCIE Ethernet Partition","Network","ESXi 9.1"," "
"Dell","Dell Express Flash NVMe P4510 SSDPE2KX020T8T (2TB 
 2.5" U.2)","NVMe","ESXi 9.1"," "
"Dell","Intel(R) Ethernet Server Adapter X710-DA2 for OCP","Network","ESXi 9.1"," "
"Dell","PERC H730 Adapter","SAS-RAID","ESXi 9.1"," "
"Dell","HFS7T6GFJCX171N","NVMe","ESXi 9.1"," "
"Dell","Dell Ent NVMe CM7 U.2 RI 1.92TB/M8YW0","NVMe","ESXi 9.1"," "
"Dell","Dell Express Flash NVMe P4610 SSDPE2KE032T8T (3.2TB 
 2.5" U.2)","NVMe","ESXi 9.1"," "
"Dell","DELL NVMe SSD CD9P SIE E3.S KCD9XPJE12T8 12.8TB","NVMe","ESXi 9.1"," "
"Dell","QLE2690-DEL","FC","ESXi 9.1"," "
"Dell","BCM57412","Network","ESXi 9.1"," "
"Dell","Dell HBA345 Front","SAS","ESXi 9.1"," "
"Dell","BCM57412","Network","ESXi 9.1"," "
"Dell","Intel(R) Gigabit 2P I350-t LOM","Network","ESXi 9.1"," "
"Dell","Dell Ent NVMe AGN MU AIC 3.2TB","NVMe","ESXi 9.1"," "
"Dell","DELL NVMe SSD CD9P SED E3.S  KCD9DPJE1T92 1.92TB ","NVMe","ESXi 9.1"," "
"Dell","MTFDLAL1T9THG-1BP1JABDA","NVMe","ESXi 9.1"," "
"Dell","BCM57414","Network","ESXi 9.1"," "
"Dell","NetXtreme-E N410SDBT BCM57454 4x10G BT OCP3.0 Ethernet Partition","Network","ESXi 9.1"," "
"Dell","NetXtreme-E P410SDBT BCM57454 4x10G BT PCIE Ethernet","Network","ESXi 9.1"," "
"Dell","NetXtreme-E N410SDBT BCM57454 4x10G BT OCP3.0 Ethernet","Network","ESXi 9.1"," "
"Dell","NetXtreme-E NGM2100D BCM57508 2x100G KR Mezz Ethernet","Network","ESXi 9.1"," "
"Dell","QLE2742-DEL","FC","ESXi 9.1"," "
"Dell","NetXtreme-E P425D BCM57504 4x25G SFP28 PCIE Ethernet Partition","Network","ESXi 9.1"," "
"Dell","Intel(R) Ethernet 25G 4P E810-XXV Adapter","Network","ESXi 9.1"," "
"Dell","NetXtreme-E P2100D BCM57508 2x100G QSFP PCIE Ethernet Partition","Network","ESXi 9.1"," "
"Dell","NetXtreme-E NGM2100D BCM57508 2x100G KR Mezz Ethernet Partition","Network","ESXi 9.1"," "
"Dell","PERC H355 Front","SAS/SATA-RAID","ESXi 9.1"," "
"Dell","NetXtreme-E P425D BCM57504 4x25G SFP28 PCIE RDMA Partition","Network","ESXi 9.1"," "
"Dell","Dell Express Flash NVMe P4800X SSDPED1K375GAT (375 GB
 AIC)","NVMe","ESXi 9.1","Restricted"
"Dell","Intel(R) Ethernet 40G 2P XL710 QSFP+ rNDC","Network","ESXi 9.1"," "
"Dell","HFS3T2GFJCX171N","NVMe","ESXi 9.1"," "
"Dell","NetXtreme-E NGM2100D BCM57508 2x100G KR Mezz RDMA Partition","Network","ESXi 9.1"," "
"Dell","QLogic 1x32Gb QLE2770 FC HBA","FC","ESXi 9.1"," "
"Dell","Dell Ent NVMe v2 AGN MU U.2 3.2TB","NVMe","ESXi 9.1"," "
"Dell","BCM57416","Network","ESXi 9.1"," "
"Dell","QLogic 2x32Gb QLE2772 FC HBA","FC","ESXi 9.1"," "
"Dell","QLogic 2x32Gb QLE2772CL FC HBA","FC","ESXi 9.1"," "
"Dell","BCM57508","Network","ESXi 9.1"," "
"Dell","QLogic 2x64Gb QLE2872CL FC HBA","FC","ESXi 9.1"," "
"Dell","PERC H730P Mini (for Blades)","SAS-RAID","ESXi 9.1"," "
"Dell","Mellanox ConnectX-5 EN Dual Port 25GbE SFP Network Adapter","Network","ESXi 9.1"," "
"Dell","ConnectX®-5 EN network interface card
 25GbE Dual-port SFP28 for OCP3.0","Network","ESXi 9.1"," "
"Dell","BCM57416","Network","ESXi 9.1"," "
"Dell","Emulex LightPulse LPe31002-M6-D 2-Port 16Gb Fibre Channel Adapter","FC","ESXi 9.1"," "
"Dell","Dell DC NVMe CD8 U.2 960GB","NVMe","ESXi 9.1"," "
"Dell","Dell DC NVMe CD8 U.2 MU 3.2TB","NVMe","ESXi 9.1"," "
"Dell","DELL NVMe SSD CD9P SED E3.S KCD9DPJE3T20 3.2TB","NVMe","ESXi 9.1"," "
"Dell","Dell NVMe FIPS PM1755 MU E3.S 3.2TB","NVMe","ESXi 9.1"," "
"Dell","BCM5720","Network","ESXi 9.1"," "
"Dell","Dell DC NVMe PM9D5a MU E3.S 6.4TB","NVMe","ESXi 9.1"," "
"Dell","BCM5720","Network","ESXi 9.1"," "
"Dell","Dell Ent NVMe CM7 FIPS U.2 RI 3.84TB","NVMe","ESXi 9.1"," "
"Dell","BCM57416","Network","ESXi 9.1"," "
"Dell","BCM57416","Network","ESXi 9.1"," "
"Dell","Dell Ent NVMe CM7 FIPS U.2 MU 6.4TB","NVMe","ESXi 9.1"," "
"Dell","BCM57416","Network","ESXi 9.1"," "
"Dell","Dell DC NVMe CD8 U.2 SED 3.84TB","NVMe","ESXi 9.1"," "
"Dell","Intel(R) Ethernet 25G 2P E810-XXV Adapter","Network","ESXi 9.1"," "
"Dell","Intel(R) Ethernet 10G 4P X710 OCP","Network","ESXi 9.1"," "
"Dell","Intel(R) Gigabit 2P I350-t LOM","Network","ESXi 9.1"," "
"Dell","Dell DC NVMe PM9D3a RI M.2 960GB","NVMe","ESXi 9.1"," "
"Dell","Intel(R) Ethernet 100G 2P E810-C Adapter","Network","ESXi 9.1"," "
"Dell","MTFDLBQ15T3THG-1BP1JABDA","NVMe","ESXi 9.1"," "
"Dell","Dell DC NVMe CD8 U.2 SED MU 6.4TB","NVMe","ESXi 9.1"," "
"Dell","Mellanox ConnectX-5 Single Port VPI EDR QSFP Adapter","Network","ESXi 9.1"," "
"Dell","Dell DC NVMe CD7 U.2 SED 960GB","NVMe","ESXi 9.1"," "
"Dell","Dell DC NVMe CD7 U.2 SED 3.84TB","NVMe","ESXi 9.1"," "
"Dell","Dell NVMe CD7 E3.S 7.68TB","NVMe","ESXi 9.1"," "
"Dell","PERC H330 Mini (for Blades)","SAS-RAID","ESXi 9.1"," "
"Dell","Dell Ent NVMe v2 AGN RI U.2 3.84TB","NVMe","ESXi 9.1"," "
"Dell","Dell Ent NVMe P5620 MU 6.4TB","NVMe","ESXi 9.1"," "
"Dell","Intel(R) Ethernet 25G 2P XXV710 Adapter ","Network","ESXi 9.1"," "
"Dell","BCM5720","Network","ESXi 9.1"," "
"Dell","PERC H965e Adapter","SAS-RAID","ESXi 9.1"," "
"Dell","FD33xS-HBA","SAS","ESXi 9.1"," "
"Dell","PERC H965i Front","SAS-RAID","ESXi 9.1"," "
"Dell","Dell Ent NVMe FIPS P5520 RI 1.92TB","NVMe","ESXi 9.1"," "
"Dell","Dell Ent NVMe FIPS CM6 RI 15.36TB/KCM6FRUL15T3","NVMe","ESXi 9.1"," "
"Dell","Dell Ent NVMe FIPS P5520 RI 7.68TB","NVMe","ESXi 9.1"," "
"Dell","Dell Ent NVMe FIPS P5620 MU 12.8TB","NVMe","ESXi 9.1"," "
"Dell","Dell NVMe PM1755 MU U.2 3.2TB","NVMe","ESXi 9.1"," "
"Dell","Pensando DSC2-100 Dual Port 100GbE QSFP56 PCIe FH DPU","DPU","ESXi 9.1"," "
"Dell","Dell Ent NVMe AGN SED MU U.2 3.2TB","NVMe","ESXi 9.1"," "
"Dell","Intel(R) Ethernet Connection 25G 4P E823-C LOM","Network","ESXi 9.1"," "
"Emulex","Emulex LightPulse LPe32000-M2 1-Port 32Gb Fibre Channel Adapter","FC","ESXi 9.1"," "
"Emulex","Emulex LightPulse LPe31000-M6 1-Port 16Gb Fibre Channel Adapter","FC","ESXi 9.1"," "
"Emulex","Emulex LPe35000-M2 1-Port 32Gb Fibre Channel Adapter","FC","ESXi 9.1"," "
"Emulex","Emulex OneConnect OCe14104-NX 4-Port 10GbE Ethernet Adapter","Network","ESXi 9.1","Restricted"
"Emulex","Emulex LPe37102 2-port 32Gb SecureHBA FC Adapter","FC","ESXi 9.1"," "
"Emulex","OneConnect OCe14102-NX","Network","ESXi 9.1","Restricted"
"Emulex","OneConnect OCe14102-NM","Network","ESXi 9.1","Restricted"
"Emulex","OneConnect OCe14401-NX","Network","ESXi 9.1","Restricted"
"Emulex","Emulex OneConnect OCe14104-UM 4-Port 10GbE Converged Network Adapter","Network","ESXi 9.1","Restricted"
"Emulex","OneConnect OCe14401-UX","Network","ESXi 9.1","Restricted"
"Emulex","Emulex LPe38100 1-port 64Gb SecureHBA FC Adapter","FC","ESXi 9.1"," "
"Emulex","Emulex LPe37100 1-port 32Gb SecureHBA FC Adapter","FC","ESXi 9.1"," "
"Emulex","OneConnect OCec14102-UX","Network","ESXi 9.1","Restricted"
"Emulex","Emulex LightPulse LPe32000 PCIe Fibre Channel Adapter","FC","ESXi 9.1"," "
"Emulex","OneConnect OCe14101-NM","Network","ESXi 9.1","Restricted"
"Emulex","OneConnect OCm14102-UX-OCP","Network","ESXi 9.1","Restricted"
"Emulex","OCe14102B-UX","Network","ESXi 9.1","Restricted"
"Emulex","OneConnect OCe14102B-NM","Network","ESXi 9.1","Restricted"
"Emulex","Emulex LightPulse LPe32002-M2 2-Port 32Gb Fibre Channel Adapter","FC","ESXi 9.1"," "
"Emulex","OneConnect OCe14104B-UM","Network","ESXi 9.1","Restricted"
"Emulex","Emulex LPe38102 2-port 64Gb SecureHBA FC Adapter","FC","ESXi 9.1"," "
"Emulex","OneConnect OCe14102-U","Network","ESXi 9.1","Restricted"
"Emulex","Emulex OneConnect OCe14104-UX 4-Port 10GbE Converged Network Adapter","Network","ESXi 9.1","Restricted"
"Emulex","Emulex OneConnect OCm14101-NX-OCP 10GbE 1-Port SFP+ Ethernet OCP Mezz Card","Network","ESXi 9.1","Restricted"
"Emulex","Emulex OneConnect OCm14102-NX-OCP 10GbE 2-Port SFP+ Ethernet OCP Mezz Card","Network","ESXi 9.1","Restricted"
"Emulex","OneConnect OCe14101-NX","Network","ESXi 9.1","Restricted"
"Emulex","OneConnect OCe14102-UX","Network","ESXi 9.1","Restricted"
"Emulex","Emulex OneConnect OCe14104-NM 4-Port 10GbE Ethernet Adapter","Network","ESXi 9.1","Restricted"
"Emulex","Emulex OneConnect OCe10102-NX 10GbE NIC","Network","ESXi 9.1","Restricted"
"Emulex","OCe14101B-NM","Network","ESXi 9.1","Restricted"
"Emulex","Emulex OneConnect OCe14102-NT 10GbaseT 2-Port RJ45 PCIe 3.0 Ethernet Adapter","Network","ESXi 9.1","Restricted"
"Emulex","OCe14101B-NX","Network","ESXi 9.1","Restricted"
"Emulex","OCe14102B-NT","Network","ESXi 9.1","Restricted"
"Emulex","OCe14102B-UT","Network","ESXi 9.1","Restricted"
"Emulex","OCe14102B-UM","Network","ESXi 9.1","Restricted"
"Emulex","OneConnect OCe14102B-NX","Network","ESXi 9.1","Restricted"
"Emulex","OneConnect OCe14104B-UX","Network","ESXi 9.1","Restricted"
"Emulex","OneConnect OCe14104B-NX","Network","ESXi 9.1","Restricted"
"Emulex","OCe14401B-NX","Network","ESXi 9.1","Restricted"
"Emulex","OCe14401B-UX","Network","ESXi 9.1","Restricted"
"Emulex","Emulex LPe36002-M64 2-Port 64Gb Fibre Channel Adapter","FC","ESXi 9.1"," "
"Emulex","OneConnect OCe14102-UM","Network","ESXi 9.1","Restricted"
"Emulex","OneConnect OCe14401-U","Network","ESXi 9.1","Restricted"
"Emulex","Emulex OneConnect OCe14102-UT 10GbaseT 2-Port RJ45 PCIe 3.0 Converged Network Adapter","Network","ESXi 9.1","Restricted"
"Emulex","Emulex LPe36000-M64 1-Port 64Gb Fibre Channel Adapter","FC","ESXi 9.1"," "
"Emulex","Emulex LPe35002-M2 2-Port 32Gb Fibre Channel Adapter","FC","ESXi 9.1"," "
"Emulex","Emulex LPe38104-S4-LP-SEC 4-Port 64Gb SecureHBA FC Adapter","FC","ESXi 9.1"," "
"Emulex","Emulex LightPulse LPe31002-M6 2-Port 16Gb Fibre Channel Adapter","FC","ESXi 9.1"," "
"Emulex","OneConnect OCe14104B-NM","Network","ESXi 9.1","Restricted"
"Emulex","Emulex LPe37100S/LPe38100S Fibre Channel Adapter","Network","ESXi 9.1"," "
"Exascend Co. Ltd","EXPE4E0153TB","NVMe","ESXi 9.1"," "
"Exascend Co. Ltd","EXPD5U7680GBRM4","NVMe","ESXi 9.1"," "
"Exascend Co. Ltd","EXPE4U0307TB","NVMe","ESXi 9.1"," "
"Exascend Co. Ltd","EXPE4E7680GB","NVMe","ESXi 9.1"," "
"Exascend Co. Ltd","EXSE4A7680GB","SATA","ESXi 9.1"," "
"Exascend Co. Ltd","EXPE4U7680GB","NVMe","ESXi 9.1"," "
"Exascend Co. Ltd","EXPE4U0153TB","NVMe","ESXi 9.1"," "
"Exascend Co. Ltd","EXSE4A0153TB","SATA","ESXi 9.1"," "
"Foxconn","Foxconn Galaxy HBA 8238-16i","SAS","ESXi 9.1"," "
"Foxconn","Foxconn Galaxy HBA 8242-24i","SAS","ESXi 9.1"," "
"Fsas Technologies Inc.","PRAID CP700i","SAS/SATA-RAID","ESXi 9.1"," "
"Fsas Technologies Inc.","PSAS CP700i","SAS","ESXi 9.1"," "
"Fujitsu","PLAN EP MCX4-LX 25Gb 2p SFP28 OCP","Network","ESXi 9.1"," "
"Fujitsu","Fujitsu DynamicLoM Emulex OCl14000-LOM","Network","ESXi 9.1","Restricted"
"Fujitsu","PDUAL CP300","SAS-SATA-NVME Tri-mode RAID","ESXi 9.1"," "
"Fujitsu","Emulex OCl14102-LOM 10Gb CNA","Network","ESXi 9.1","Restricted"
"Fujitsu","Fujitsu DynamicLoM Emulex OCl14000-LOM","Network","ESXi 9.1","Restricted"
"Fujitsu","PRAID EP 3254-8i","SAS-SATA-NVME Tri-mode RAID","ESXi 9.1"," "
"Fujitsu","PSAS CP 2200-16i","SAS-SATA-NVME Tri-mode RAID","ESXi 9.1"," "
"Fujitsu","Fujitsu D3045 Ethernet LAN Adapter","Network","ESXi 9.1"," "
"Fujitsu","PSAS CP600e","SAS-SATA-NVME Tri-mode","ESXi 9.1"," "
"Fujitsu","Fujitsu D3035 Ethernet LAN Adapter","Network","ESXi 9.1"," "
"Fujitsu","PRAID EP440i","SAS-RAID","ESXi 9.1"," "
"Fujitsu","Fujitsu DynamicLoM Emulex OCl14000-LOM","Network","ESXi 9.1","Restricted"
"Fujitsu","PSAS CP400i","SAS","ESXi 9.1"," "
"Fujitsu","Fujitsu DynamicLoM Emulex OCl14000-LOM","Network","ESXi 9.1","Restricted"
"Fujitsu","PRAID CP600i","SAS-SATA-NVME Tri-mode","ESXi 9.1"," "
"Fujitsu","PFC EP QLE2770","FC","ESXi 9.1"," "
"Fujitsu","PFC EP QLE2772","FC","ESXi 9.1"," "
"Fujitsu","PRAID EP640i","SAS-SATA-NVME Tri-mode RAID","ESXi 9.1"," "
"Fujitsu","PRAID EP680e","SAS-SATA-NVME Tri-mode","ESXi 9.1"," "
"Fujitsu","PSAS CP503i","SAS-SATA-NVME Tri-mode","ESXi 9.1"," "
"Fujitsu","Emulex LightPulse LPe35000-M2-F 1-Port 32Gb Fibre Channel Adapter","FC","ESXi 9.1"," "
"Fujitsu","Emulex LightPulse LPe35002-M2-F 2-Port 32Gb Fibre Channel Adapter","FC","ESXi 9.1"," "
"Fujitsu","PRAID EM400i","SAS-RAID","ESXi 9.1"," "
"Fujitsu","PRAID EP420i","SAS-RAID","ESXi 9.1"," "
"Fujitsu","PRAID EP420e","SAS-RAID","ESXi 9.1"," "
"Fujitsu","PSAS CM402i","SAS","ESXi 9.1"," "
"Fujitsu","PRAID EP781i","SAS-SATA-NVME Tri-mode RAID","ESXi 9.1"," "
"Fujitsu","PCNA EP OCe14102 2x10GB","Network","ESXi 9.1","Restricted"
"Fujitsu","PRAID EP540i (D3850)","SAS-SATA-NVME Tri-mode RAID","ESXi 9.1"," "
"Fujitsu","PRAID EP400i","SAS-RAID","ESXi 9.1"," "
"Fujitsu","PFC EP QLE2690","FC","ESXi 9.1"," "
"Fujitsu","PRAID EP580i (D3850)","SAS-SATA-NVME Tri-mode RAID","ESXi 9.1"," "
"Fujitsu","PFC EP QLE2692","FC","ESXi 9.1"," "
"Fujitsu","PRAID EP520i (D3850)","SAS-SATA-NVME Tri-mode RAID","ESXi 9.1"," "
"Fujitsu","PRAID CM400i","SAS-RAID","ESXi 9.1"," "
"Fujitsu","PLAN EP XXV710-DA2 25Gb 2p SFP28","Network","ESXi 9.1"," "
"Fujitsu","PRAID EP540e (D3850)","SAS/SATA-RAID","ESXi 9.1"," "
"Fujitsu","PDUAL CP200","SAS-RAID","ESXi 9.1"," "
"Fujitsu","PRAID CP500i","SAS-SATA-NVME Tri-mode","ESXi 9.1"," "
"Fujitsu","PSAS CP402i","SAS","ESXi 9.1"," "
"Fujitsu","Emulex LightPulse LPe31002-M6-F 2-Port 16Gb Fibre Channel Adapter","FC","ESXi 9.1"," "
"Fujitsu","Emulex LightPulse LPe31000-M6-F 1-Port 16Gb Fibre Channel Adapter","FC","ESXi 9.1"," "
"Fujitsu","PSAS CP500e","SAS-SATA-NVME Tri-mode","ESXi 9.1"," "
"Fujitsu","PRAID CM500i","SAS-SATA-NVME Tri-mode RAID","ESXi 9.1"," "
"Fujitsu","PRAID EP680i","SAS-SATA-NVME Tri-mode","ESXi 9.1"," "
"Fujitsu","PLAN EP OCe14102-NX","Network","ESXi 9.1","Restricted"
"Fujitsu","PSAS CP403i","SAS","ESXi 9.1"," "
"Fujitsu","PLAN EP MCX4-EN 100Gb 1p QSFP28","Network","ESXi 9.1","Restricted"
"Fujitsu","PLAN EP MCX6-DX 2X 100G QSFP28 OCPv3","Network","ESXi 9.1"," "
"Fujitsu","PDUAL CP100","SATA","ESXi 9.1"," "
"Fujitsu","PRAID EP 3258-16i","SAS-SATA-NVME Tri-mode RAID","ESXi 9.1"," "
"Fujitsu","PRAID EP 3252-8i","SAS-SATA-NVME Tri-mode RAID","ESXi 9.1"," "
"Fujitsu","PFC EP QLE2740","FC","ESXi 9.1"," "
"Fujitsu","PFC EP QLE2742","FC","ESXi 9.1"," "
"Fujitsu","PLAN EP E810-XXVDA2 2X 25G SFP28 PCIe","Network","ESXi 9.1"," "
"Fujitsu","PSAS CP2100-8i","SAS-RAID","ESXi 9.1"," "
"Fujitsu","Emulex LightPulse LPe32000-M2-F 1-Port 32Gb Fibre Channel Adapter","FC","ESXi 9.1"," "
"Fujitsu","Emulex LightPulse LPe32002-M2-F 2-Port 32Gb Fibre Channel Adapter","FC","ESXi 9.1"," "
"Fujitsu","PLAN EM 10Gb T OCP","Network","ESXi 9.1"," "
"Fujitsu","Emulex LPe36002-M64-F 2-Port 64Gb Fibre Channel Adapter","FC","ESXi 9.1"," "
"Fujitsu","Emulex LPe36000-M64-F 1-Port 64Gb Fibre Channel Adapter","FC","ESXi 9.1"," "
"Fujitsu","PLAN EP MCX4-LX 25Gb 2p SFP28","Network","ESXi 9.1"," "
"Fujitsu","PLAN EP MCX4-EN 40Gb 2p QSFP","Network","ESXi 9.1","Restricted"
"Fujitsu","PRAID CP400i","SAS-RAID","ESXi 9.1"," "
"Fujitsu","PSAS CP600i","SAS-SATA-NVME Tri-mode","ESXi 9.1"," "
"Fujitsu","Fujitsu DynamicLoM Emulex OCl14000-LOM","Network","ESXi 9.1","Restricted"
"Fujitsu","PRAID EP740i","SAS-SATA-NVME Tri-mode RAID","ESXi 9.1"," "
"Fujitsu","PLAN EM 10Gb SFP+ OCP","Network","ESXi 9.1"," "
"Fujitsu","PSAS CP400e","SAS","ESXi 9.1"," "
"Fujitsu","PLAN EM 1Gb T OCP","Network","ESXi 9.1"," "
"Giga Computing Technology Co.
Ltd.","PASCARI X201","NVMe","ESXi 9.1"," "
"Google LLC","Google-Persistent-Disk-1457","NVMe","ESXi 9.1"," "
"Google LLC","Google NVMe M.2 PM174X [3 DWPD]","NVMe","ESXi 9.1"," "
"Google LLC","Google Smart Network Adapter ES2000","Network","ESXi 9.1"," "
"Google LLC","Google NVMe M.2 PM173X [3 DWPD]","NVMe","ESXi 9.1"," "
"Hewlett Packard Enterprise","P44580-K21 HPE 3.84TB NVMe RI SCN FIPS U.3 CM6 SSD","NVMe","ESXi 9.1"," "
"Hewlett Packard Enterprise","765038-B21 HPE 1.6TB NVMe x4 MU SFF SCN SSD","NVMe","ESXi 9.1"," "
"Hewlett Packard Enterprise","HPE Ethernet 1Gb 4-port 331FLR Adapter","Network","ESXi 9.1"," "
"Hewlett Packard Enterprise","HPE 7.68TB NVMe Main RI E3S EC1 CD7 SSD/P56587-B21
 P56587-H21
 P56587-K21","NVMe","ESXi 9.1"," "
"Hewlett Packard Enterprise","P19819-B21 HPE 7.68TB NVMe MAIN RI SFF SC U.3 SSD","NVMe","ESXi 9.1"," "
"Hewlett Packard Enterprise","HPE 3.2TB NVMe MU E3S EC1 SED 7600 SSD","NVMe","ESXi 9.1"," "
"Hewlett Packard Enterprise","HPE 3.2TB NVMe MU E3S EC1 SED CD9P SSD","NVMe","ESXi 9.1"," "
"Hewlett Packard Enterprise","P44576-B21 HPE 3.84TB NVMe RI SC FIPS U.3 CM6 SSD","NVMe","ESXi 9.1"," "
"Hewlett Packard Enterprise","P19823-B21 HPE 800GB NVMe MAIN MU SFF SC U.3 SSD","NVMe","ESXi 9.1"," "
"Hewlett Packard Enterprise","HPE Ethernet 10Gb 2-port BASE-T QL41401-A2G Adapter (521T) [SR-IOV]","Network","ESXi 9.1","Restricted"
"Hewlett Packard Enterprise","765044-B21 HPE 2TB NVMe x4 MU SFF SCN SSD","NVMe","ESXi 9.1"," "
"Hewlett Packard Enterprise","P40492-B21 HPE 800GB NVMe MU SFF BC U.3 CM6 SSD","NVMe","ESXi 9.1"," "
"Hewlett Packard Enterprise","P40493-B21 HPE 1.6TB NVMe MU SFF BC U.3 CM6 SSD","NVMe","ESXi 9.1"," "
"Hewlett Packard Enterprise","HPE MR408i-o Gen11","SAS-SATA-NVME Tri-mode","ESXi 9.1"," "
"Hewlett Packard Enterprise","HPE MR216i-p Gen11","SAS-SATA-NVME Tri-mode","ESXi 9.1"," "
"Hewlett Packard Enterprise","HPE MR216i-o Gen11","SAS-SATA-NVME Tri-mode","ESXi 9.1"," "
"Hewlett Packard Enterprise","764892-B21 HPE 1.6TB NVMe x4 WI SFF SCN SSD","NVMe","ESXi 9.1"," "
"Hewlett Packard Enterprise","HPE 7.68TB NVMe RI BC U.3ST PM1753 SSD","NVMe","ESXi 9.1"," "
"Hewlett Packard Enterprise","764894-B21 HPE 2TB NVMe x4 WI SFF SCN SSD","NVMe","ESXi 9.1"," "
"Hewlett Packard Enterprise","P44588-B21 HPE 1.6TB NVMe MU SCN FIPS U.3 CM6 SSD","NVMe","ESXi 9.1"," "
"Hewlett Packard Enterprise"," HPE 3.2TB NVMe MU BC U.3ST PM1755 SSD","NVMe","ESXi 9.1"," "
"Hewlett Packard Enterprise","P40495-H21 HPE 6.4TB NVMe MU SFF BC U.3 CM6 SSD","NVMe","ESXi 9.1"," "
"Hewlett Packard Enterprise","P40493-K21 HPE 1.6TB NVMe MU SFF BC U.3 CM6 SSD","NVMe","ESXi 9.1"," "
"Hewlett Packard Enterprise","HPE 1.6TB NVMe MU E3S EC1 SED 7600 SSD","NVMe","ESXi 9.1"," "
"Hewlett Packard Enterprise","HPE 1.92TB NVMe RI E3S EC1 SED 7600 SSD","NVMe","ESXi 9.1"," "
"Hewlett Packard Enterprise","P16497-B21 HPE 1.6TB NVMe x4 MU SFF SCN U.3 DS SSD","NVMe","ESXi 9.1"," "
"Hewlett Packard Enterprise","HPE 3.84TB NVMe RI U.2 P5520 SSD","NVMe","ESXi 9.1"," "
"Hewlett Packard Enterprise","803197-B21 HPE 1.6TB PCIe x4 WI HH Card","NVMe","ESXi 9.1"," "
"Hewlett Packard Enterprise","HPE Smart Array E208i-a SR Gen10 Controller","SAS","ESXi 9.1"," "
"Hewlett Packard Enterprise","803200-B21 HPE 800GB PCIe x4 MU HH Card","NVMe","ESXi 9.1"," "
"Hewlett Packard Enterprise","P44588-K21 HPE 1.6TB NVMe MU SCN FIPS U.3 CM6 SSD","NVMe","ESXi 9.1"," "
"Hewlett Packard Enterprise","803202-B21 HPE 1.6TB PCIe x4 MU HH Card","NVMe","ESXi 9.1"," "
"Hewlett Packard Enterprise","803204-B21 HPE 2.0TB PCIe x4 MU HH Card","NVMe","ESXi 9.1"," "
"Hewlett Packard Enterprise","HPE  SN1700Q 64Gb Dual Port Fibre Channel Host Bus Adapter","FC","ESXi 9.1"," "
"Hewlett Packard Enterprise","HPE 1.92TB NVMe RI BC U.3 PQC CD9P SSD","NVMe","ESXi 9.1"," "
"Hewlett Packard Enterprise","HPE 750GB NVMe WI SFF BC U.2 SSD","NVMe","ESXi 9.1","Restricted"
"Hewlett Packard Enterprise","HPE 375GB NVMe WI SFF BC U.2 SSD","NVMe","ESXi 9.1","Restricted"
"Hewlett Packard Enterprise","HPE InfiniBand EDR/Ethernet 100Gb 2-port 840QSFP28 Adapter","Network","ESXi 9.1","Restricted"
"Hewlett Packard Enterprise","P16503-B21 ; P16503-H21  HPE 3.84TB NVMe x4 RI SFF SC U.3 DS SSD","NVMe","ESXi 9.1"," "
"Hewlett Packard Enterprise","P40491-B21 HPE 3.84TB NVMe RI SFF BC U.3 CM6 SSD","NVMe","ESXi 9.1"," "
"Hewlett Packard Enterprise","HPE Synergy NS204i-d Gen11 Boot Controller","NVMe","ESXi 9.1"," "
"Hewlett Packard Enterprise","P20094-B21 HPE 800GB NVMe PERF MU SFF U.3 SCN SSD/KCM6XVUL800G","NVMe","ESXi 9.1"," "
"Hewlett Packard Enterprise","P20005-B21 HPE 960GB NVMe PERF RI SFF SC U.3 SSD/KCM6XRUL960G","NVMe","ESXi 9.1"," "
"Hewlett Packard Enterprise","P57799-B21 HPE 3.84TB NVMe RI E3S EC1 PM1743 SSD","NVMe","ESXi 9.1"," "
"Hewlett Packard Enterprise","P57803-B21 HPE 7.68TB NVMe RI E3S EC1 PM1743 SSD","NVMe","ESXi 9.1"," "
"Hewlett Packard Enterprise","P57807-B21 HPE 15.36TB NVMe RI E3S EC1 PM1743 SSD","NVMe","ESXi 9.1"," "
"Hewlett Packard Enterprise","HPE 800GB NVMe MU BC U.3ST SPDM MV SSD / P81652-B21
 P81651-H21
 P81651-K21","NVMe","ESXi 9.1"," "
"Hewlett Packard Enterprise","HPE StoreFabric CN1200R 10Gb Base-T Converged Network Adapter (iSCSI)","iSCSI","ESXi 9.1","Restricted"
"Hewlett Packard Enterprise","P22331-B21 HPE 960GB NVMe x4 RI SFF SCN U.3 SSD","NVMe","ESXi 9.1"," "
"Hewlett Packard Enterprise","P22278-H21 HPE 3.84TB NVMe x4 RI SFF SCN U.3 SSD","NVMe","ESXi 9.1"," "
"Hewlett Packard Enterprise","P22276-K21 HPE 1.92TB NVMe x4 RI SFF SCN U.3 SSD","NVMe","ESXi 9.1"," "
"Hewlett Packard Enterprise","P22276-H21 HPE 1.92TB NVMe x4 RI SFF SCN U.3 SSD","NVMe","ESXi 9.1"," "
"Hewlett Packard Enterprise","P22276-B21 HPE 1.92TB NVMe x4 RI SFF SCN U.3 SSD","NVMe","ESXi 9.1"," "
"Hewlett Packard Enterprise","P26538-H21 HPE 960GB NVMe x4 RI SFF SC U.3 SSD","NVMe","ESXi 9.1"," "
"Hewlett Packard Enterprise","P26538-B21 HPE 960GB NVMe x4 RI SFF SC U.3 SSD","NVMe","ESXi 9.1"," "
"Hewlett Packard Enterprise","P22331-K21 HPE 960GB NVMe x4 RI SFF SCN U.3 SSD","NVMe","ESXi 9.1"," "
"Hewlett Packard Enterprise","P22331-H21 HPE 960GB NVMe x4 RI SFF SCN U.3 SSD","NVMe","ESXi 9.1"," "
"Hewlett Packard Enterprise","P22280-B21 HPE 7.68TB NVMe x4 RI SFF SCN U.3 SSD","NVMe","ESXi 9.1"," "
"Hewlett Packard Enterprise","HPE Ethernet 10Gb 2-port SFP+ BCM57412 OCP3 Adapter","Network","ESXi 9.1"," "
"Hewlett Packard Enterprise","P22280-K21 HPE 7.68TB NVMe x4 RI SFF SCN U.3 SSD","NVMe","ESXi 9.1"," "
"Hewlett Packard Enterprise","P26104-H21 HPE 7.68TB NVMe x4 RI SFF SC U.3 SSD","NVMe","ESXi 9.1"," "
"Hewlett Packard Enterprise","P22282-B21 HPE 15.36TB NVMe x4 RI SFF SCN U.3 SSD","NVMe","ESXi 9.1"," "
"Hewlett Packard Enterprise","P22282-H21 HPE 15.36TB NVMe x4 RI SFF SCN U.3 SSD","NVMe","ESXi 9.1"," "
"Hewlett Packard Enterprise","Marvell FastLinQ 41000 Series - 2P 10GbE  SFP+ QL41132HQCU-HC OCP3 Adapter","Network","ESXi 9.1","Restricted"
"Hewlett Packard Enterprise","P26109-B21 HPE 15.36TB NVMe x4 RI SFF SC U.3 SSD","NVMe","ESXi 9.1"," "
"Hewlett Packard Enterprise","P20007-B21 HPE 1.92TB NVMe PERF RI SFF SC U.3 SSD/KCM6XRUL1T92","NVMe","ESXi 9.1"," "
"Hewlett Packard Enterprise","HPE Ethernet 10/25Gb 2-port 642SFP28 Adapter","Network","ESXi 9.1"," "
"Hewlett Packard Enterprise","P22268-K21 HPE 1.6TB NVMe x4 MU SFF SCN U.3 SSD","NVMe","ESXi 9.1"," "
"Hewlett Packard Enterprise","P22270-B21 HPE 3.2TB NVMe x4 MU SFF SCN U.3 SSD","NVMe","ESXi 9.1"," "
"Hewlett Packard Enterprise","P22270-H21 HPE 3.2TB NVMe x4 MU SFF SCN U.3 SSD","NVMe","ESXi 9.1"," "
"Hewlett Packard Enterprise","P22272-B21 HPE 6.4TB NVMe x4 MU SFF SCN U.3 SSD","NVMe","ESXi 9.1"," "
"Hewlett Packard Enterprise","P22272-H21 HPE 6.4TB NVMe x4 MU SFF SCN U.3 SSD","NVMe","ESXi 9.1"," "
"Hewlett Packard Enterprise","P19809-B21 (SC2) HPE 960GB NVMe MAIN RI SFF SCN U.3 SSD","NVMe","ESXi 9.1"," "
"Hewlett Packard Enterprise","P19809-K21 HPE 960GB NVMe MAIN RI SFF SCN U.3 SSD","NVMe","ESXi 9.1"," "
"Hewlett Packard Enterprise","P29161-K21 HPE 960GB NVMe RI SFF BC U.3 PE8010 SSD","NVMe","ESXi 9.1"," "
"Hewlett Packard Enterprise","P19811-H21 HPE 1.92TB NVMe MAIN RI SFF SC U.3 SSD","NVMe","ESXi 9.1"," "
"Hewlett Packard Enterprise","P19815-B21 HPE 3.84TB NVMe MAIN RI SFF SC U.3 SSD","NVMe","ESXi 9.1"," "
"Hewlett Packard Enterprise","P19817-B21 (SC2) HPE 3.84TB NVMe MAIN RI SFF SCN U.3 SSD","NVMe","ESXi 9.1"," "
"Hewlett Packard Enterprise","Broadcom BCM5719 Ethernet 1Gb 4-port Base-T LOM Adapter for HPE","Network","ESXi 9.1"," "
"Hewlett Packard Enterprise","P19819-H21 HPE 7.68TB NVMe MAIN RI SFF SC U.3 SSD","NVMe","ESXi 9.1"," "
"Hewlett Packard Enterprise","P47844-K21 HPE 960GB NVMe RI SFF BC U.3ST MV SSD","NVMe","ESXi 9.1"," "
"Hewlett Packard Enterprise","P19809-H21 HPE 960GB NVMe MAIN RI SFF SCN U.3 SSD","NVMe","ESXi 9.1"," "
"Hewlett Packard Enterprise","HPE SY480 Gen10 M.2 NGFF Adapter Board","NVMe","ESXi 9.1"," "
"Hewlett Packard Enterprise","P19827-B21 HPE 1.6TB NVMe MAIN MU SFF SC U.3 SSD","NVMe","ESXi 9.1"," "
"Hewlett Packard Enterprise","P19831-B21 HPE 3.2TB NVMe MAIN MU SFF SC U.3 SSD","NVMe","ESXi 9.1"," "
"Hewlett Packard Enterprise","P40494-B21 HPE 3.2TB NVMe MU SFF BC U.3 CM6 SSD","NVMe","ESXi 9.1"," "
"Hewlett Packard Enterprise","P19835-H21 HPE 6.4TB NVMe MAIN MU SFF SC U.3 SSD","NVMe","ESXi 9.1"," "
"Hewlett Packard Enterprise","P26109-H21 HPE 15.36TB NVMe x4 RI SFF SC U.3 SSD","NVMe","ESXi 9.1"," "
"Hewlett Packard Enterprise","P16501-H21 HPE 1.92TB NVMe x4 RI SFF SC U.3 DS SSD","NVMe","ESXi 9.1"," "
"Hewlett Packard Enterprise","P16503-B21 HPE 3.84TB NVMe x4 RI SFF SC U.3 DS SSD","NVMe","ESXi 9.1"," "
"Hewlett Packard Enterprise","P16503-H21 HPE 3.84TB NVMe x4 RI SFF SC U.3 DS SSD","NVMe","ESXi 9.1"," "
"Hewlett Packard Enterprise","P22329-B21 HPE 800GB NVMe x4 MU SFF SCN U.3 SSD","NVMe","ESXi 9.1"," "
"Hewlett Packard Enterprise","P26129-B21 HPE 12.8TB NVMe x4 MU SFF U.3 SC SSD","NVMe","ESXi 9.1"," "
"Hewlett Packard Enterprise","P26129-H21 HPE 12.8TB NVMe x4 MU SFF U.3 SC SSD","NVMe","ESXi 9.1"," "
"Hewlett Packard Enterprise","P16497-B21 HPE 1.6TB NVMe x4 MU SFF SC U.3 DS SSD","NVMe","ESXi 9.1"," "
"Hewlett Packard Enterprise","P16499-B21 HPE 3.2TB NVMe x4 MU SFF SC U.3 DS SSD","NVMe","ESXi 9.1"," "
"Hewlett Packard Enterprise","P16499-H21 HPE 3.2TB NVMe x4 MU SFF SC U.3 DS SSD","NVMe","ESXi 9.1"," "
"Hewlett Packard Enterprise","P22272-K21 HPE 6.4TB NVMe x4 MU SFF SCN U.3 SSD","NVMe","ESXi 9.1"," "
"Hewlett Packard Enterprise","P26124-B21 HPE 6.4TB NVMe x4 MU SFF U.3 SC SSD","NVMe","ESXi 9.1"," "
"Hewlett Packard Enterprise","P22274-B21 HPE 12.8TB NVMe x4 MU SFF SCN U.3 SSD","NVMe","ESXi 9.1"," "
"Hewlett Packard Enterprise","Marvell FastLinQ 41000 Series - 2P 25GbE SFP28 QL41232HLCU-HC MD2 Adapter (SR-IOV)","Network","ESXi 9.1","Restricted"
"Hewlett Packard Enterprise","P26543-H21 HPE 800GB NVMe x4 MU SFF U.3 SC SSD","NVMe","ESXi 9.1"," "
"Hewlett Packard Enterprise","P31185-K21 HPE 1.92TB NVMe RI BC U.3 PE8010 SSD","NVMe","ESXi 9.1"," "
"Hewlett Packard Enterprise","P22268-H21 HPE 1.6TB NVMe x4 MU SFF SCN U.3 SSD","NVMe","ESXi 9.1"," "
"Hewlett Packard Enterprise","P20203-B21 HPE 1.6TB NVMe MAIN MU SFF SCN U.3 SSD/KCD6XVUL1T60","NVMe","ESXi 9.1"," "
"Hewlett Packard Enterprise","HPE 1.6TB NVMe MU E3S EC1 CD9P SSD","NVMe","ESXi 9.1"," "
"Hewlett Packard Enterprise","VO001920KYFFE","NVMe","ESXi 9.1"," "
"Hewlett Packard Enterprise","VO007680KYFEQ","NVMe","ESXi 9.1"," "
"Hewlett Packard Enterprise","MO003200KYFET","NVMe","ESXi 9.1"," "
"Hewlett Packard Enterprise","P20100-H21 HPE 6.4TB NVMe PERF MU SFF U.3 SCN SSD/KCM6XVUL6T40","NVMe","ESXi 9.1"," "
"Hewlett Packard Enterprise","VV015360KYFEV","NVMe","ESXi 9.1"," "
"Hewlett Packard Enterprise","MV006400KYFFA","NVMe","ESXi 9.1"," "
"Hewlett Packard Enterprise","MV012800KYFFB","NVMe","ESXi 9.1"," "
"Hewlett Packard Enterprise","MO006400KYFEU","NVMe","ESXi 9.1"," "
"Hewlett Packard Enterprise","HPE Ethernet 10Gb 2-port 537SFP+ Adapter","Network","ESXi 9.1"," "
"Hewlett Packard Enterprise","HPE Ethernet 10Gb 2-port 537FLR SFP+ Adapter","Network","ESXi 9.1"," "
"Hewlett Packard Enterprise","HPE 1.6TB NVMe MU SFF BC U.3 CM7 SSD","NVMe","ESXi 9.1"," "
"Hewlett Packard Enterprise","HPE Eth 10Gb 2p 522FLR-T CNA ( SRIOV )","Network","ESXi 9.1","Restricted"
"Hewlett Packard Enterprise","P44592-B21 HPE 3.2TB NVMe MU SC FIPS U.3 CM6 SSD","NVMe","ESXi 9.1"," "
"Hewlett Packard Enterprise","HPE Ethernet 1Gb 2-port 332T Adapter","Network","ESXi 9.1"," "
"Hewlett Packard Enterprise","HPE 3.2TB NVMe MU E3S EC1 CM7 SSD / P61191-B21
P61191-H21
P61191-K21","NVMe","ESXi 9.1"," "
"Hewlett Packard Enterprise","HPE 3.84TB NVMe RI E3S EC1 CM7 SSD / P61179-B21
P61179-H21
P61179-K21","NVMe","ESXi 9.1"," "
"Hewlett Packard Enterprise","P19817-K21 HPE 3.84TB NVMe MAIN RI SFF SCN U.3 SSD","NVMe","ESXi 9.1"," "
"Hewlett Packard Enterprise","HPE 15.36TB NVMe RI E3S EC1 CM7 SSD / P61187-B21
P61187-H21
P61187-K21","NVMe","ESXi 9.1"," "
"Hewlett Packard Enterprise","HPE InfiniBand NDR200/Ethernet 1-port OSFP PCIe5 x16 MCX75310AAS-HEAT Adapter","Network","ESXi 9.1"," "
"Hewlett Packard Enterprise","HPE InfiniBand NDR200/Ethernet 200GbE 2-port QSFP112 PCIe5 x16 MCX755106AC-HEAT Adapter","Network","ESXi 9.1"," "
"Hewlett Packard Enterprise","P19821-K21 HPE 7.68TB NVMe MAIN FI SFF SCN U.3 SSD","NVMe","ESXi 9.1"," "
"Hewlett Packard Enterprise","P19825-K21 HPE 800GB NVMe MAIN MU SFF SCN U.3 SSD","NVMe","ESXi 9.1"," "
"Hewlett Packard Enterprise","P20195-B21 HPE 1.6TB NVMe MAIN MU SFF SC U.3 SSD/KCD6XVUL1T60","NVMe","ESXi 9.1"," "
"Hewlett Packard Enterprise","P19829-B21 HPE 1.6TB NVMe MAIN MU SFF SCN U.3 SSD","NVMe","ESXi 9.1"," "
"Hewlett Packard Enterprise","P19829-H21 HPE 1.6TB NVMe MAIN MU SFF SCN U.3 SSD","NVMe","ESXi 9.1"," "
"Hewlett Packard Enterprise","P19833-H21 HPE 3.2TB NVMe MAIN MU SFF SCN U.3 SSD","NVMe","ESXi 9.1"," "
"Hewlett Packard Enterprise","P19833-K21 HPE 3.2TB NVMe MAIN MU SFF SCN U.3 SSD","NVMe","ESXi 9.1"," "
"Hewlett Packard Enterprise","P19833-B21 HPE 3.2TB NVMe MAIN MU SFF SCN U.3 SSD","NVMe","ESXi 9.1"," "
"Hewlett Packard Enterprise","P19837-H21 HPE 6.4TB NVMe MAIN MU SFF SCN U.3 SSD","NVMe","ESXi 9.1"," "
"Hewlett Packard Enterprise","P22274-H21 HPE 12.8TB NVMe x4 MU SFF SCN U.3 SSD","NVMe","ESXi 9.1"," "
"Hewlett Packard Enterprise","P19837-K21 HPE 6.4TB NVMe MAIN MU SFF SCN U.3 SSD","NVMe","ESXi 9.1"," "
"Hewlett Packard Enterprise","HPE Ethernet 10Gb 2-port 535T Adapter","Network","ESXi 9.1"," "
"Hewlett Packard Enterprise","HPE 960G NVMe RI SFF BC U.3ST V2 MV SSD","NVMe","ESXi 9.1"," "
"Hewlett Packard Enterprise","HPE 3.84T NVMe RI SFF SC U.3ST V2 MV SSD","NVMe","ESXi 9.1"," "
"Hewlett Packard Enterprise","HPE Ethernet 10/25Gb 2-port 631SFP28 Adapter","Network","ESXi 9.1"," "
"Hewlett Packard Enterprise","HPE 7.68T NVMe RI SFF BC U.3ST V2 MV SSD","NVMe","ESXi 9.1"," "
"Hewlett Packard Enterprise","HPE Ethernet 10/25Gb 2-port 631FLR-SFP28 Adapter","Network","ESXi 9.1"," "
"Hewlett Packard Enterprise","HPE 3.2T NVMe MU SFF BC U.3ST V2 MV SSD","NVMe","ESXi 9.1"," "
"Hewlett Packard Enterprise","HPE Storefabric SN1610E 32Gb 1P FC HBA","FC","ESXi 9.1"," "
"Hewlett Packard Enterprise","P26938-B21 HPE 6.4TB PCIe x8 MU HH DS Card","NVMe","ESXi 9.1"," "
"Hewlett Packard Enterprise","HPE 1.92TB NVMe RI BC FIPS U.3 CM7 SSD","NVMe","ESXi 9.1"," "
"Hewlett Packard Enterprise","P16501-B21 HPE 1.92TB NVMe x4 RI SFF SCN U.3 DS SSD","NVMe","ESXi 9.1"," "
"Hewlett Packard Enterprise","Synergy 6810C 25/50Gb Ethernet Adptr ( SRIOV )","Network","ESXi 9.1","Restricted"
"Hewlett Packard Enterprise","P16503-B21 HPE 3.84TB NVMe x4 RI SFF SCN U.3 DS SSD","NVMe","ESXi 9.1"," "
"Hewlett Packard Enterprise","P16503-K21 HPE 3.84TB NVMe x4 RI SFF SCN U.3 DS SSD","NVMe","ESXi 9.1"," "
"Hewlett Packard Enterprise","HPE Eth 10/25Gb 2p 622FLR-SFP28 CNA ( SRIOV )","Network","ESXi 9.1","Restricted"
"Hewlett Packard Enterprise","P16497-H21 HPE 1.6TB NVMe x4 MU SFF SCN U.3 DS SSD","NVMe","ESXi 9.1"," "
"Hewlett Packard Enterprise","HPE Ethernet 10/25Gb 2-port SFP28 QL41401-A2G Adapter (621SFP28) [SR-IOV]","Network","ESXi 9.1","Restricted"
"Hewlett Packard Enterprise","P16499-H21 HPE 3.2TB NVMe x4 MU SFF SCN U.3 DS SSD","NVMe","ESXi 9.1"," "
"Hewlett Packard Enterprise","P16499-K21 HPE 3.2TB NVMe x4 MU SFF SCN U.3 DS SSD","NVMe","ESXi 9.1"," "
"Hewlett Packard Enterprise","P26936-H21 HPE 3.2TB PCIe x8 MU HH DS Card","NVMe","ESXi 9.1"," "
"Hewlett Packard Enterprise","HPE Eth 10Gb 2p 522FLR-T CNA","Network","ESXi 9.1","Restricted"
"Hewlett Packard Enterprise","P26936-K21 HPE 3.2TB PCIe x8 MU HH DS Card","NVMe","ESXi 9.1"," "
"Hewlett Packard Enterprise","P26938-H21 HPE 6.4TB PCIe x8 MU HH DS Card","NVMe","ESXi 9.1"," "
"Hewlett Packard Enterprise","HPE Eth 10/25Gb 2p 622FLR-SFP28 CNA","Network","ESXi 9.1","Restricted"
"Hewlett Packard Enterprise","P26938-K21 HPE 6.4TB PCIe x8 MU HH DS Card","NVMe","ESXi 9.1"," "
"Hewlett Packard Enterprise","HPE Ethernet 10/25Gb 2-port SFP28 QL41401-A2G Adapter (621SFP28)","Network","ESXi 9.1","Restricted"
"Hewlett Packard Enterprise","HPE Ethernet 10Gb 2-port BASE-T QL41401-A2G Adapter (521T)","Network","ESXi 9.1","Restricted"
"Hewlett Packard Enterprise","P20019-H21 HPE 3.84TB NVMe PERF RI SFF SCN U.3 SSD/KCM6XRUL3T84","NVMe","ESXi 9.1"," "
"Hewlett Packard Enterprise","P40566-B21 ; P40566-K21  HPE 3.84TB NVMe RI BC U.3 PM1733 SSD","NVMe","ESXi 9.1"," "
"Hewlett Packard Enterprise","VV015300KYNVH","NVMe","ESXi 9.1"," "
"Hewlett Packard Enterprise","HPE 3.2TB NVMe MU SFF BC U.3 CM7 SSD","NVMe","ESXi 9.1"," "
"Hewlett Packard Enterprise","HPE 6.4TB NVMe MU SFF BC U.3 CM7 SSD","NVMe","ESXi 9.1"," "
"Hewlett Packard Enterprise","HPE 1.6TB NVMe MU BC FIPS U.3 CM7 SSD","NVMe","ESXi 9.1"," "
"Hewlett Packard Enterprise","HPE 3.2TB NVMe MU BC FIPS U.3 CM7 SSD","NVMe","ESXi 9.1"," "
"Hewlett Packard Enterprise","HPE 3.2TB NVMe MU SC FIPS U.3 CM7 SSD","NVMe","ESXi 9.1"," "
"Hewlett Packard Enterprise","HPE 6.4TB NVMe MU BC FIPS U.3 CM7 SSD","NVMe","ESXi 9.1"," "
"Hewlett Packard Enterprise","HPE 3.84TB NVMe RI BC FIPS U.3 CM7 SSD","NVMe","ESXi 9.1"," "
"Hewlett Packard Enterprise","HPE 7.68TB NVMe RI BC FIPS U.3 CM7 SSD","NVMe","ESXi 9.1"," "
"Hewlett Packard Enterprise","P13701-K21 HPE 3.2TB NVMe x4 MU SFF SCN DS SSD","NVMe","ESXi 9.1"," "
"Hewlett Packard Enterprise","HPE 3.84TB NVMe RI SFF BC U.3 CM7 SSD","NVMe","ESXi 9.1"," "
"Hewlett Packard Enterprise","HPE 15.36TB NVMe RI SFF BC U.3 CM7 SSD","NVMe","ESXi 9.1"," "
"Hewlett Packard Enterprise","P20021-B21 HPE 7.68TB NVMe PERF RI SFF SCN U.3 SSD/KCM6XRUL7T68","NVMe","ESXi 9.1"," "
"Hewlett Packard Enterprise","HPE 1.92TB NVMe RI SFF BC U.3 CM7 SSD","NVMe","ESXi 9.1"," "
"Hewlett Packard Enterprise","HPE StoreFabric CN1200R 10Gb Base-T Converged Network Adapter (SR-IOV)","Network","ESXi 9.1","Restricted"
"Hewlett Packard Enterprise","HPE 7.68TB NVMe RI SFF BC U.3 CM7 SSD","NVMe","ESXi 9.1"," "
"Hewlett Packard Enterprise","P40513-B21; P40513-H21; P40513-K21 HPE 480GB NVMe RI M.2 22110 MV SSD","NVMe","ESXi 9.1"," "
"Hewlett Packard Enterprise","HPE 375GB NVMe x4 WI SFF SCN DS SSD","NVMe","ESXi 9.1","Restricted"
"Hewlett Packard Enterprise","764908-B21 HPE 2TB NVMe x4 RI SFF SCN SSD","NVMe","ESXi 9.1"," "
"Hewlett Packard Enterprise","HPE 1.92TB NVMe RI E3S EC1 CD8P SSD","NVMe","ESXi 9.1"," "
"Hewlett Packard Enterprise","P20102-H21 HPE 12.8TB NVMe PERF MU SFF U.3 SCN SSD/KCM6XVUL12T8","NVMe","ESXi 9.1"," "
"Hewlett Packard Enterprise","HPE 7.68TB NVMe RI E3S EC1 CD8P SSD","NVMe","ESXi 9.1"," "
"Hewlett Packard Enterprise","736936-B21 HPE 400GB NVMe x4 WI SFF SCN SSD","NVMe","ESXi 9.1"," "
"Hewlett Packard Enterprise","HPE 7.68TB NVMe RI E3S EC1 SED CD9P SSD","NVMe","ESXi 9.1"," "
"Hewlett Packard Enterprise","764904-B21 HPE 400GB NVMe x4 RI SFF SCN SSD","NVMe","ESXi 9.1"," "
"Hewlett Packard Enterprise","HPE Smart Array E208i-p SR Gen10","SAS","ESXi 9.1"," "
"Hewlett Packard Enterprise","HPE 960G NVMe RI SFF U.3ST V2 MV SSD","NVMe","ESXi 9.1"," "
"Hewlett Packard Enterprise","HPE 1.92T NVMeRI SFF U.3ST V2 MV SSD","NVMe","ESXi 9.1"," "
"Hewlett Packard Enterprise","HPE 3.84T NVMeRISFF U.3ST V2 SSD","NVMe","ESXi 9.1"," "
"Hewlett Packard Enterprise","HPE 1.92TB NVMe Main RI E3S EC1 CD7 SSD/P56585-B21
 P56585-H21
 P56585-K21","NVMe","ESXi 9.1"," "
"Hewlett Packard Enterprise","HPE 3.84TB NVMe Main RI E3S EC1 CD7 SSD/P56586-B21
 P56586-H21
P56586-K21","NVMe","ESXi 9.1"," "
"Hewlett Packard Enterprise","736939-B21 HPE 800GB NVMe x4 WI SFF SCN SSD","NVMe","ESXi 9.1"," "
"Hewlett Packard Enterprise","HPE 15.36TB NVMe RI SFF U.3ST SSD","NVMe","ESXi 9.1"," "
"Hewlett Packard Enterprise","HPE 6.4TB NVMe MU E3S EC1 CM7 SSD / P61195-B21
P61195-H21
P61195-K21","NVMe","ESXi 9.1"," "
"Hewlett Packard Enterprise","HPE 1.6TB NVMe MU SC FIPS U.3 CM7 SSD","NVMe","ESXi 9.1"," "
"Hewlett Packard Enterprise","HPE 800G NVMe MU SFF U.3ST V2 MV SSD","NVMe","ESXi 9.1"," "
"Hewlett Packard Enterprise","HPE 1.6T NVMe MU SFF U.3ST V2 MV SSD","NVMe","ESXi 9.1"," "
"Hewlett Packard Enterprise","P19823-H21 HPE 800GB NVMe MAIN MU SFF SC U.3 SSD","NVMe","ESXi 9.1"," "
"Hewlett Packard Enterprise","HPE 6.4T NVMe MU SFF U.3ST V2 MV SSD","NVMe","ESXi 9.1"," "
"Hewlett Packard Enterprise","HPE 1.6TB NVMe MU SFF BC U.2 P5620 SSD","NVMe","ESXi 9.1"," "
"Hewlett Packard Enterprise","HPE 6.4TB NVMe MU SFF BC U.2 P5620 SSD","NVMe","ESXi 9.1"," "
"Hewlett Packard Enterprise","HPE 1.92TB NVMe RI SCN U.2 P5520 SSD","NVMe","ESXi 9.1"," "
"Hewlett Packard Enterprise","HPE 1.92TB NVMe RI BC U.2 P5520 SSD","NVMe","ESXi 9.1"," "
"Hewlett Packard Enterprise","HPE 3.84TB NVMe RI SCN U.2 P5520 SSD","NVMe","ESXi 9.1"," "
"Hewlett Packard Enterprise","HPE 7.68TB NVMe RI SCN U.2 P5520 SSD","NVMe","ESXi 9.1"," "
"Hewlett Packard Enterprise","KCM6XRUL960G","NVMe","ESXi 9.1"," "
"Hewlett Packard Enterprise","HPE 7.68TB NVMe RI BC U.2 P5520 SSD","NVMe","ESXi 9.1"," "
"Hewlett Packard Enterprise","KCD6XLUL1T92","NVMe","ESXi 9.1"," "
"Hewlett Packard Enterprise","HPE 3.84TB NVMe RI BC U.3 PQC CD9P SSD","NVMe","ESXi 9.1"," "
"Hewlett Packard Enterprise","HPE 7.68TB NVMe RI SFF BC U.3 CM9 SSD","NVMe","ESXi 9.1"," "
"Hewlett Packard Enterprise","MO006400KYLHN","NVMe","ESXi 9.1"," "
"Hewlett Packard Enterprise","HPE InfiniBand EDR/Ethernet 100Gb 2-port 841QSFP28 Adapter","Network","ESXi 9.1"," "
"Hewlett Packard Enterprise","VO007680KYLHH","NVMe","ESXi 9.1"," "
"Hewlett Packard Enterprise","VO015360KYLHK","NVMe","ESXi 9.1"," "
"Hewlett Packard Enterprise","MO003200KYLHL","NVMe","ESXi 9.1"," "
"Hewlett Packard Enterprise","P26104-B21 ; P26104-H21  HPE 7.68TB NVMe x4 RI SFF SC U.3 SSD","NVMe","ESXi 9.1"," "
"Hewlett Packard Enterprise","HPE Smart Array P824i-p MR Gen10","SAS","ESXi 9.1"," "
"Hewlett Packard Enterprise","HPE 3.84TB NVMe RI SFF BC U.3 CM9 SSD","NVMe","ESXi 9.1"," "
"Hewlett Packard Enterprise","MTFDLBQ30T7THA-1BK1JABHA","NVMe","ESXi 9.1"," "
"Hewlett Packard Enterprise","HPE 30.72TB NVMe RI E3S EC1 CM9 SSD","NVMe","ESXi 9.1"," "
"Hewlett Packard Enterprise","HPE InfiniBand NDR/Ethernet 400Gb 1-port QSFP112 PCIe5 x16 MCX715105AS-WEAT Adapter","Network","ESXi 9.1"," "
"Hewlett Packard Enterprise","P19807-H21 HPE 960GB NVMe MAIN RI SFF SC U.3 SSD","NVMe","ESXi 9.1"," "
"Hewlett Packard Enterprise","HPE 15.36TB NVMe RI E3S EC1 CM9 SSD","NVMe","ESXi 9.1"," "
"Hewlett Packard Enterprise","HPE Ethernet 10/25Gb 2-port 640FLR-SFP28 Adapter","Network","ESXi 9.1"," "
"Hewlett Packard Enterprise","HPE InfiniBand NDR200/Ethernet 200Gb 1-port OSFP PCIe5 x16 MCX75310AAS-HEAT Generic Adapter","Network","ESXi 9.1"," "
"Hewlett Packard Enterprise","HPE 3.84TB NVMe RI BC U.3ST PM1753 SSD","NVMe","ESXi 9.1"," "
"Hewlett Packard Enterprise","HPE Ethernet 4x25Gb 1-port 620QSFP28 Adapter","Network","ESXi 9.1","Restricted"
"Hewlett Packard Enterprise","HPE 1.6T NVMe MU SFF SC U.3ST V2 MV SSD","NVMe","ESXi 9.1"," "
"Hewlett Packard Enterprise","P26934-B21 HPE 1.6TB PCIe x8 MU HH DS Card","NVMe","ESXi 9.1"," "
"Hewlett Packard Enterprise","HPE InfiniBand HDR/Ethernet 200Gb 2-port QSFP56 MCX653106A-HDAT PCIe4 x16 Adapter","Network","ESXi 9.1"," "
"Hewlett Packard Enterprise","HPE 15.36TB NVMe RI E3S EC1 SED CD9P SSD","NVMe","ESXi 9.1"," "
"Hewlett Packard Enterprise","HPE 1.92T NVMe RI SFF BC U.3ST V2 MV SSD","NVMe","ESXi 9.1"," "
"Hewlett Packard Enterprise","P47842-B21 
P47842-H21 HPE 3.84TB NVMe RI SFF SC U.3 ST MV SSD","NVMe","ESXi 9.1"," "
"Hewlett Packard Enterprise","P13695-H21 HPE 2TB NVMe x4 RI SFF SCN DS SSD","NVMe","ESXi 9.1"," "
"Hewlett Packard Enterprise","P40495-B21 HPE 6.4TB NVMe MU SFF BC U.3 CM6 SSD","NVMe","ESXi 9.1"," "
"Hewlett Packard Enterprise","P03616-B21 HPE 1TB NVMe x4 RI SFF RW DS SSD","NVMe","ESXi 9.1"," "
"Hewlett Packard Enterprise","P47841-B21 ; P47841-H21 HPE 1.92TB NVMe RI SFF SC U.3 ST MV SSD SSD","NVMe","ESXi 9.1"," "
"Hewlett Packard Enterprise","P03618-B21 HPE 2TB NVMe x4 RI SFF RW DS SSD","NVMe","ESXi 9.1"," "
"Hewlett Packard Enterprise","HPE 6.4TB NVMe MU BC U.3 PQC CD9P SSD","NVMe","ESXi 9.1"," "
"Hewlett Packard Enterprise","HPE 6.4TB NVMe MU E3S EC1 FIPS CM7 SSD","NVMe","ESXi 9.1"," "
"Hewlett Packard Enterprise","HPE 15.36TB NVMe RI SFF BC U.3ST MV SSD","NVMe","ESXi 9.1"," "
"Hewlett Packard Enterprise","HPE 3.84TB NVMe MAIN RI SFF SCN U.3 SSD/KCD6XLUL3T84","NVMe","ESXi 9.1"," "
"Hewlett Packard Enterprise","P47843-B21; P47843-H21 HPE 7.68TB NVMe RI SFF SC U.3 ST MV SSD","NVMe","ESXi 9.1"," "
"Hewlett Packard Enterprise","P47844-B21 ; P47844-K21 HPE 960GB NVMe RI SFF BC U.3 Static MV SSD","NVMe","ESXi 9.1"," "
"Hewlett Packard Enterprise","P20133-B21 HPE 3.84TB NVMe MAIN RI SFF SC U.3 SSD/KCD6XLUL3T84","NVMe","ESXi 9.1"," "
"Hewlett Packard Enterprise","P20141-K21 HPE 3.84TB NVMe MAIN RI SFF SCN U.3 SSD/KCD6XLUL3T84","NVMe","ESXi 9.1"," "
"Hewlett Packard Enterprise","P20133-H21 HPE 3.84TB NVMe MAIN RI SFF SC U.3 SSD/KCD6XLUL3T84","NVMe","ESXi 9.1"," "
"Hewlett Packard Enterprise","VV001920KYNVB","NVMe","ESXi 9.1"," "
"Hewlett Packard Enterprise","P20141-B21 HPE 3.84TB NVMe MAIN RI SFF SCN U.3 SSD/KCD6XLUL3T84","NVMe","ESXi 9.1"," "
"Hewlett Packard Enterprise","MV001600KYNVA","NVMe","ESXi 9.1"," "
"Hewlett Packard Enterprise","P20084-B21 HPE 800GB NVMe PERF MU SFF U.3 SC DS SSD/KCM6XVUL800G","NVMe","ESXi 9.1"," "
"Hewlett Packard Enterprise","P20094-H21 HPE 800GB NVMe PERF MU SFF U.3 SCN SSD/KCM6XVUL800G","NVMe","ESXi 9.1"," "
"Hewlett Packard Enterprise","P20094-K21 HPE 800GB NVMe PERF MU SFF U.3 SCN SSD/KCM6XVUL800G","NVMe","ESXi 9.1"," "
"Hewlett Packard Enterprise","P22329-H21 HPE 800GB NVMe x4 MU SFF SCN U.3 SSD","NVMe","ESXi 9.1"," "
"Hewlett Packard Enterprise","P22274-K21 HPE 12.8TB NVMe x4 MU SFF SCN U.3 SSD","NVMe","ESXi 9.1"," "
"Hewlett Packard Enterprise","HPE 2TB NVMe RI SFF BC U.2 SSD","NVMe","ESXi 9.1"," "
"Hewlett Packard Enterprise","HPE 4TB NVMe RI SFF BC U.2 SSD","NVMe","ESXi 9.1"," "
"Hewlett Packard Enterprise","HPE 1.6TB NVMe MU SFF BC U.2 SSD","NVMe","ESXi 9.1"," "
"Hewlett Packard Enterprise","HPE 3.2TB NVMe MU SFF BC U.2 SSD","NVMe","ESXi 9.1"," "
"Hewlett Packard Enterprise","HPE 6.4TB NVMe MU SFF BC U.2 SSD","NVMe","ESXi 9.1"," "
"Hewlett Packard Enterprise","VR001920KYXQB","NVMe","ESXi 9.1"," "
"Hewlett Packard Enterprise","P26124-B21 ; P26124-H21 HPE 6.4TB NVMe x4 MU SFF SCN U.3  SSD","NVMe","ESXi 9.1"," "
"Hewlett Packard Enterprise","P22272-B21 ; P22272-H21
 P22272-K21  HPE 6.4TB NVMe x4 MU SFF SC U.3 SSD","NVMe","ESXi 9.1"," "
"Hewlett Packard Enterprise","HPE 7.68TB NVMe RI E3S EC1 PM9D3a SSD","NVMe","ESXi 9.1"," "
"Hewlett Packard Enterprise","P22329-K21 HPE 800GB NVMe x4 MU SFF SCN U.3 SSD","NVMe","ESXi 9.1"," "
"Hewlett Packard Enterprise","HPE 15.36TB NVMe RI E3S EC1 FIPS CM7 SSD","NVMe","ESXi 9.1"," "
"Hewlett Packard Enterprise","Broadcom BCM57504 Ethernet 10/25Gb 4-port SFP28 Adapter for HPE","Network","ESXi 9.1"," "
"Hewlett Packard Enterprise","P22331-B21 ; P22331-H21 ; P22331-K21  HPE 960GB NVMe x4 RI SFF SCN U.3  SSD","NVMe","ESXi 9.1"," "
"Hewlett Packard Enterprise","HPE SR932i-p Gen10+","SAS-SATA-NVME Tri-mode RAID","ESXi 9.1"," "
"Hewlett Packard Enterprise","P16497-B21 ; P16497-H21 HPE 1.6TB NVMe x4 MU SFF SC U.3 DS SSD","NVMe","ESXi 9.1"," "
"Hewlett Packard Enterprise","P22268-B21 ; P22268-H21 ; P22268-K21 HPE 1.6TB NVMe x4 MU SFF SCN U.3 SSD","NVMe","ESXi 9.1"," "
"Hewlett Packard Enterprise","P40570-B21 ; P40570-K21 HPE 1.6TB NVMe MU SFF BC U.3 PM1735 SSD","NVMe","ESXi 9.1"," "
"Hewlett Packard Enterprise","P16499-B21; P16499-H21 HPE 3.2TB NVMe x4 MU SFF SC U.3 DS SSD","NVMe","ESXi 9.1"," "
"Hewlett Packard Enterprise","877984-B21  HPE 1TB NVMe x4 RI SFF SCN DS SSD","NVMe","ESXi 9.1"," "
"Hewlett Packard Enterprise","877986-B21  HPE 2TB NVMe x4 RI SFF SCN DS SSD","NVMe","ESXi 9.1"," "
"Hewlett Packard Enterprise","877988-B21  HPE 4TB NVMe x4 RI SFF SCN DS SSD","NVMe","ESXi 9.1"," "
"Hewlett Packard Enterprise","MTFDLBQ7T6THA-1BK1JABHA","NVMe","ESXi 9.1"," "
"Hewlett Packard Enterprise","877831-B21  HPE 4TB PCIe x4 RI HH DS Card","NVMe","ESXi 9.1"," "
"Hewlett Packard Enterprise","MTFDLBQ15T3THA-1BK1JABHA","NVMe","ESXi 9.1"," "
"Hewlett Packard Enterprise","MTFDLBQ3T2THB-1BK1JABHA","NVMe","ESXi 9.1"," "
"Hewlett Packard Enterprise","MTFDLBQ12T8THB-1BK1JABHA","NVMe","ESXi 9.1"," "
"Hewlett Packard Enterprise","P40568-B21 ; P40568-K21  HPE 15.36TB NVMe RI BC U.3 PM1733 SSD","NVMe","ESXi 9.1"," "
"Hewlett Packard Enterprise","P40564-B21 ; P40564-K21  HPE 960GB NVMe RI SFF BC U.3 PM1733 SSD","NVMe","ESXi 9.1"," "
"Hewlett Packard Enterprise","P16501-B21 ; P16501-H21  HPE 1.92TB NVMe x4 RI SFF SC U.3 DS SSD","NVMe","ESXi 9.1"," "
"Hewlett Packard Enterprise","P22329-B21 ; P22329-H21 ; P22329-K21  HPE 800GB NVMe x4 MU SFF SCN U.3  SSD","NVMe","ESXi 9.1"," "
"Hewlett Packard Enterprise","HPE 6.4TB NVMe MU E3S EC1 CD8P SSD","NVMe","ESXi 9.1"," "
"Hewlett Packard Enterprise","HPE 3.2TB NVMe MU E3S EC1 CD8P SSD","NVMe","ESXi 9.1"," "
"Hewlett Packard Enterprise","P29166-K21 HPE 800GB NVMe MU SFF BC U.3 PE8030 SSD","NVMe","ESXi 9.1"," "
"Hewlett Packard Enterprise","HPE 1.6TB NVMe MU E3S EC1 CD8P SSD","NVMe","ESXi 9.1"," "
"Hewlett Packard Enterprise","HPE 15.36TB NVMe RI E3S EC1 CD8P SSD","NVMe","ESXi 9.1"," "
"Hewlett Packard Enterprise","P25944-B21 HPE 960GB NVMe MAIN RI SFF SCN U.3 SSD/KCD6XLUL960G","NVMe","ESXi 9.1"," "
"Hewlett Packard Enterprise","P25944-K21 HPE 960GB NVMe MAIN RI SFF SCN U.3 SSD/KCD6XLUL960G","NVMe","ESXi 9.1"," "
"Hewlett Packard Enterprise","765036-B21 HPE 800GB NVMe x4 MU SFF SCN SSD","NVMe","ESXi 9.1"," "
"Hewlett Packard Enterprise","P25948-B21 HPE 800GB NVMe MAIN MU SFF SC U.3 SSD/KCD6XVUL800G","NVMe","ESXi 9.1"," "
"Hewlett Packard Enterprise","P25948-H21 HPE 800GB NVMe MAIN MU SFF SC U.3 SSD/KCD6XVUL800G","NVMe","ESXi 9.1"," "
"Hewlett Packard Enterprise","P20137-B21 HPE 15.36TB NVMe MAIN RI SFF SC U.3 SSD/KCD6XLUL15T3","NVMe","ESXi 9.1"," "
"Hewlett Packard Enterprise","P22278-B21 HPE 3.84TB NVMe x4 RI SFF SCN U.3 SSD","NVMe","ESXi 9.1"," "
"Hewlett Packard Enterprise","P25953-H21 HPE 800GB NVMe MAIN MU SFF SCN U.3 SSD/KCD6XVUL800G","NVMe","ESXi 9.1"," "
"Hewlett Packard Enterprise","P20137-H21 HPE 15.36TB NVMe MAIN RI SFF SC U.3 SSD/KCD6XLUL15T3","NVMe","ESXi 9.1"," "
"Hewlett Packard Enterprise","P20145-H21 HPE 15.36TB NVMe MAIN RI SFF SCN U.3 SSD/KCD6XLUL15T3","NVMe","ESXi 9.1"," "
"Hewlett Packard Enterprise","PE47843-B21 HPE 7.68TB NVMe RI SFF SC U.3ST MV SSD","NVMe","ESXi 9.1"," "
"Hewlett Packard Enterprise","HPE 3.84TB NVMe RI E3S EC1 CD8P SSD","NVMe","ESXi 9.1"," "
"Hewlett Packard Enterprise","P20145-K21 HPE 15.36TB NVMe MAIN RI SFF SCN U.3 SSD/KCD6XLUL15T3","NVMe","ESXi 9.1"," "
"Hewlett Packard Enterprise","P25953-K21 HPE 800GB NVMe MAIN MU SFF SCN U.3 SSD/KCD6XVUL800G","NVMe","ESXi 9.1"," "
"Hewlett Packard Enterprise","HPE Ethernet 10Gb 2-port 562FLR-T Adapter","Network","ESXi 9.1"," "
"Hewlett Packard Enterprise","P20197-B21 HPE 3.2TB NVMe MAIN MU SFF SC U.3 SSD/KCD6XVUL3T20","NVMe","ESXi 9.1"," "
"Hewlett Packard Enterprise","P26543-B21 ; P26543-H21  HPE 800GB NVMe x4 MU SFF SC U.3 SSD","NVMe","ESXi 9.1"," "
"Hewlett Packard Enterprise","P20205-K21 HPE 3.2TB NVMe MAIN MU SFF SCN U.3 SSD/KCD6XVUL3T20","NVMe","ESXi 9.1"," "
"Hewlett Packard Enterprise","P26104-B21 HPE 7.68TB NVMe x4 RI SFF SC U.3 SSD","NVMe","ESXi 9.1"," "
"Hewlett Packard Enterprise","P20007-H21 HPE 1.92TB NVMe PERF RI SFF SC U.3 SSD/KCM6XRUL1T92","NVMe","ESXi 9.1"," "
"Hewlett Packard Enterprise","P20199-B21 HPE 6.4TB NVMe MAIN MU SFF SC U.3 SSD/KCD6XVUL6T40","NVMe","ESXi 9.1"," "
"Hewlett Packard Enterprise","P20199-H21 HPE 6.4TB NVMe MAIN MU SFF SC U.3 SSD/KCD6XVUL6T40","NVMe","ESXi 9.1"," "
"Hewlett Packard Enterprise","P20207-B21 HPE 6.4TB NVMe MAIN MU SFF SCN U.3 SSD/KCD6XVUL6T40","NVMe","ESXi 9.1"," "
"Hewlett Packard Enterprise","P22282-K21 HPE 15.36TB NVMe x4 RI SFF SCN U.3 SSD","NVMe","ESXi 9.1"," "
"Hewlett Packard Enterprise","P20207-K21 HPE 6.4TB NVMe MAIN MU SFF SCN U.3 SSD/KCD6XVUL6T40","NVMe","ESXi 9.1"," "
"Hewlett Packard Enterprise","P22270-B21 ; P22270-H21 ; P22270-K21 HPE 3.2TB NVMe x4 MU SFF SCN U.3 SSD","NVMe","ESXi 9.1"," "
"Hewlett Packard Enterprise","P20135-H21 HPE 7.68TB NVMe MAIN RI SFF SC U.3 SSD/KCD6XLUL7T68","NVMe","ESXi 9.1"," "
"Hewlett Packard Enterprise","P47844-K21 HPE 960GB NVMe RI SFF SC U.3ST MV SSD","NVMe","ESXi 9.1"," "
"Hewlett Packard Enterprise","P20143-B21 HPE 7.68TB NVMe MAIN RI SFF SCN U.3 SSD/KCD6XLUL7T68","NVMe","ESXi 9.1"," "
"Hewlett Packard Enterprise","P20143-H21 HPE 7.68TB NVMe MAIN RI SFF SCN U.3 SSD/KCD6XLUL7T68","NVMe","ESXi 9.1"," "
"Hewlett Packard Enterprise","P20143-K21 HPE 7.68TB NVMe MAIN RI SFF SCN U.3 SSD/KCD6XLUL7T68","NVMe","ESXi 9.1"," "
"Hewlett Packard Enterprise","P20201-B21 HPE 12.8TB NVMe MAIN MU SFF SC U.3 SSD/KCD6XVUL12T8","NVMe","ESXi 9.1"," "
"Hewlett Packard Enterprise","P20209-B21 HPE 12.8TB NVMe MAIN MU SFF SCN U.3 SSD/KCD6XVUL12T8","NVMe","ESXi 9.1"," "
"Hewlett Packard Enterprise","P47845-B21 HPE 1.92TB NVMe RI SFF BC U.3ST MV SSD","NVMe","ESXi 9.1"," "
"Hewlett Packard Enterprise","Broadcom BCM57608 Ethernet 100Gb 2-port QSFP112 Adapter for HPE","Network","ESXi 9.1"," "
"Hewlett Packard Enterprise","P22270-K21 HPE 3.2TB NVMe x4 MU SFF SCN U.3 SSD","NVMe","ESXi 9.1"," "
"Hewlett Packard Enterprise","HPE 6.4TB NVMe MU BC U.3ST SPDM MV SSD / P81659-B21
 P81658-H21
 P81658-K21","NVMe","ESXi 9.1"," "
"Hewlett Packard Enterprise","HPE 1.92TB NVMe RI BC U.3ST SPDM MV SSD / P81664-B21
 P81663-H21
 P81663-K21","NVMe","ESXi 9.1"," "
"Hewlett Packard Enterprise","P22280-B21 ; P22278-H21 ; P22278-K21  HPE 7.68TB NVMe x4 RI SFF SCN U.3  SSD","NVMe","ESXi 9.1"," "
"Hewlett Packard Enterprise","HPE 7.68TB NVMe RI BC U.3ST SPDM MV SSD / P81668-B21
 P81667-H21
 P81667-K21","NVMe","ESXi 9.1"," "
"Hewlett Packard Enterprise","P40567-B21 ; P40567-K21  HPE 7.68TB NVMe RI BC U.3 PM1733 SSD","NVMe","ESXi 9.1"," "
"Hewlett Packard Enterprise","HPE 3.84TB NVMe RI E3S EC1 PM9D3a SSD","NVMe","ESXi 9.1"," "
"Hewlett Packard Enterprise","P19813-K21 HPE 1.92TB NVMe MAIN RI SFF SCN U.3 SSD","NVMe","ESXi 9.1"," "
"Hewlett Packard Enterprise","P40572-B21 ; P40572-K21  HPE 6.4TB NVMe MU SFF BC U.3 PM1735 SSD","NVMe","ESXi 9.1"," "
"Hewlett Packard Enterprise","HPE Synergy 5331C 32Gb FC HBA","FC","ESXi 9.1"," "
"Hewlett Packard Enterprise","HPE MR416i-o Gen11","SAS-SATA-NVME Tri-mode","ESXi 9.1"," "
"Hewlett Packard Enterprise","P26129-B21 ; P26129-H21  HPE 12.8TB NVMe x4 MU SFF SC U.3 SSD","NVMe","ESXi 9.1"," "
"Hewlett Packard Enterprise","P22274-B21 ; P22274-H21 ; P22274-K21  HPE 12.8TB NVMe x4 MU SFF SCN U.3  SSD","NVMe","ESXi 9.1"," "
"Hewlett Packard Enterprise","P20139-H21 HPE 1.92TB NVMe MAIN RI SFF SCN U.3 SSD/KCD6XLUL1T92","NVMe","ESXi 9.1"," "
"Hewlett Packard Enterprise","P20139-K21 HPE 1.92TB NVMe MAIN RI SFF SCN U.3 SSD/KCD6XLUL1T92","NVMe","ESXi 9.1"," "
"Hewlett Packard Enterprise","P20011-B21 HPE 7.68TB NVMe PERF RI SFF SC U.3 SSD/KCM6XRUL7T68","NVMe","ESXi 9.1"," "
"Hewlett Packard Enterprise","HPE MR408i-p Gen11","SAS-SATA-NVME Tri-mode","ESXi 9.1"," "
"Hewlett Packard Enterprise","VR000960YYXPR","NVMe","ESXi 9.1"," "
"Hewlett Packard Enterprise","P44568-B21 HPE 1.92TB NVMe RI SC FIPS U.3 CM6 SSD","NVMe","ESXi 9.1"," "
"Hewlett Packard Enterprise","HPE NS204i-u Boot Controller","NVMe","ESXi 9.1"," "
"Hewlett Packard Enterprise","P19813-H21 HPE 1.92TB NVMe MAIN RI SFF SCN U.3 SSD","NVMe","ESXi 9.1"," "
"Hewlett Packard Enterprise","P19831-H21 HPE 3.2TB NVMe MAIN MU SFF SC U.3 SSD","NVMe","ESXi 9.1"," "
"Hewlett Packard Enterprise","P20019-B21 HPE 3.84TB NVMe PERF RI SFF SCN U.3 SSD/KCM6XRUL3T84","NVMe","ESXi 9.1"," "
"Hewlett Packard Enterprise","P20009-H21 HPE 3.84TB NVMe PERF RI SFF SC U.3 SSD/KCM6XRUL3T84","NVMe","ESXi 9.1"," "
"Hewlett Packard Enterprise","P20019-K21 HPE 3.84TB NVMe PERF RI SFF SCN U.3 SSD/KCM6XRUL3T84","NVMe","ESXi 9.1"," "
"Hewlett Packard Enterprise","P20023-H21 HPE 15.36TB NVMe PERF RI SFF SCN U.3 SSD/KCM6XRUL15T3","NVMe","ESXi 9.1"," "
"Hewlett Packard Enterprise","P16501-B21 HPE 1.92TB NVMe x4 RI SFF SC U.3 DS SSD","NVMe","ESXi 9.1"," "
"Hewlett Packard Enterprise","P26124-H21 HPE 6.4TB NVMe x4 MU SFF U.3 SC SSD","NVMe","ESXi 9.1"," "
"Hewlett Packard Enterprise","P20015-B21 HPE 960GB NVMe PERF RI SFF SCN U.3 SSD/KCM6XRUL960G","NVMe","ESXi 9.1"," "
"Hewlett Packard Enterprise","P20015-H21 HPE 960GB NVMe PERF RI SFF SCN U.3 SSD/KCM6XRUL960G","NVMe","ESXi 9.1"," "
"Hewlett Packard Enterprise","P20084-H21 HPE 800GB NVMe PERF MU SFF U.3 SCN SSD/KCM6XVUL800G","NVMe","ESXi 9.1"," "
"Hewlett Packard Enterprise","P47834-B21 HPE 1.6TB NVMe MU SFF SC U.3ST MV SSD","NVMe","ESXi 9.1"," "
"Hewlett Packard Enterprise","P20017-B21 HPE 1.92TB NVMe PERF RI SFF SCN U.3 SSD/KCM6XRUL1T92","NVMe","ESXi 9.1"," "
"Hewlett Packard Enterprise","P16497-H21 HPE 1.6TB NVMe x4 MU SFF SC U.3 DS SSD","NVMe","ESXi 9.1"," "
"Hewlett Packard Enterprise","P20017-K21 HPE 1.92TB NVMe PERF RI SFF SCN U.3 SSD/KCM6XRUL1T92","NVMe","ESXi 9.1"," "
"Hewlett Packard Enterprise","P20013-H21 HPE 15.36TB NVMe PERF RI SFF SC U.3 SSD/KCM6XRUL15T3","NVMe","ESXi 9.1"," "
"Hewlett Packard Enterprise","P20092-B21 HPE 12.8TB NVMe PERF MU SFF U.3 SC SSD/KCM6XVUL12T8","NVMe","ESXi 9.1"," "
"Hewlett Packard Enterprise","P20102-B21 HPE 12.8TB NVMe PERF MU SFF U.3 SCN SSD/KCM6XVUL12T8","NVMe","ESXi 9.1"," "
"Hewlett Packard Enterprise","P47842-H21 HPE 3.84TB NVMe RI SFF SC U.3ST MV SSD","NVMe","ESXi 9.1"," "
"Hewlett Packard Enterprise","HPE 15.36TB NVMe VRO E3S EC1 P5430 SSD","NVMe","ESXi 9.1"," "
"Hewlett Packard Enterprise","HPE 15.36TB NVMe RI E3S EC1 PM9D3a SSD","NVMe","ESXi 9.1"," "
"Hewlett Packard Enterprise","P20102-K21 HPE 12.8TB NVMe PERF MU SFF U.3 SCN SSD/KCM6XVUL12T8","NVMe","ESXi 9.1"," "
"Hewlett Packard Enterprise","P20086-H21 HPE 1.6TB NVMe PERF MU SFF  U.3 SC SSD/KCM6XVUL1T60","NVMe","ESXi 9.1"," "
"Hewlett Packard Enterprise","P20096-B21 HPE 1.6TB NVMe PERF MU SFF  U.3 SCN SSD/KCM6XVUL1T60","NVMe","ESXi 9.1"," "
"Hewlett Packard Enterprise","P20096-K21 HPE 1.6TB NVMe PERF MU SFF  U.3 SCN SSD/KCM6XVUL1T60","NVMe","ESXi 9.1"," "
"Hewlett Packard Enterprise","P20013-B21 HPE 15.36TB NVMe PERF RI SFF SC U.3 SSD/KCM6XRUL15T3","NVMe","ESXi 9.1"," "
"Hewlett Packard Enterprise","P20096-H21 HPE 1.6TB NVMe PERF MU SFF  U.3 SCN SSD/KCM6XVUL1T60","NVMe","ESXi 9.1"," "
"Hewlett Packard Enterprise","P20131-H21 HPE 1.92TB NVMe MAIN RI SFF SC U.3 SSD/KCD6XLUL1T92","NVMe","ESXi 9.1"," "
"Hewlett Packard Enterprise","P20131-B21 HPE 1.92TB NVMe MAIN RI SFF SC U.3 SSD/KCD6XLUL1T92","NVMe","ESXi 9.1"," "
"Hewlett Packard Enterprise","P40571-B21 ; P40571-K21 HPE 3.2TB NVMe MU SFF BC U.3 PM1735 SSD","NVMe","ESXi 9.1"," "
"Hewlett Packard Enterprise","P31189-B21 HPE 7.68TB NVMe RI BC U.3 PE8010 SSD","NVMe","ESXi 9.1"," "
"Hewlett Packard Enterprise","P20011-H21 HPE 7.68TB NVMe PERF RI SFF SC U.3 SSD/KCM6XRUL7T68","NVMe","ESXi 9.1"," "
"Hewlett Packard Enterprise","HPE 960GB NVMe x4 RI SFF SCN DS SSD/VO000960KWVBR","NVMe","ESXi 9.1"," "
"Hewlett Packard Enterprise","HPE 1.92TB NVMe x4 RI SFF SCN DS SSD/VO001920KWVBT","NVMe","ESXi 9.1"," "
"Hewlett Packard Enterprise","HPE 3.84TB NVMe x4 RI SFF SCN DS SSD/VO003840KWVBU","NVMe","ESXi 9.1"," "
"Hewlett Packard Enterprise","P19815-H21 HPE 3.84TB NVMe MAIN RI SFF SC U.3 SSD","NVMe","ESXi 9.1"," "
"Hewlett Packard Enterprise","MO001600KYFFF","NVMe","ESXi 9.1"," "
"Hewlett Packard Enterprise","P20100-K21 HPE 6.4TB NVMe PERF MU SFF U.3 SCN SSD/KCM6XVUL6T40","NVMe","ESXi 9.1"," "
"Hewlett Packard Enterprise","HPE 3.84TB NVMeRI SFF BC U.3ST V2 MV SSD","NVMe","ESXi 9.1"," "
"Hewlett Packard Enterprise","P20141-H21 HPE 3.84TB NVMe MAIN RI SFF SCN U.3 SSD/KCD6XLUL3T84","NVMe","ESXi 9.1"," "
"Hewlett Packard Enterprise","HPE 15.36TB NVMe RI BC U.3ST SPDM MV SSD","NVMe","ESXi 9.1"," "
"Hewlett Packard Enterprise","HPE 1.92TB NVMe x4 RI SFF SCN DS SSD/VO001920KWUEB","NVMe","ESXi 9.1"," "
"Hewlett Packard Enterprise","VV003840KYFFH","NVMe","ESXi 9.1"," "
"Hewlett Packard Enterprise","P20195-H21 HPE 1.6TB NVMe MAIN MU SFF SC U.3 SSD/KCD6XVUL1T60","NVMe","ESXi 9.1"," "
"Hewlett Packard Enterprise","HPE 7.68TB NVMe x4 RI SFF SCN DS SSD/VO007680KWUED","NVMe","ESXi 9.1"," "
"Hewlett Packard Enterprise","P20098-K21 HPE 3.2TB NVMe PERF MU SFF U.3 SCN SSD/KCM6XVUL3T20","NVMe","ESXi 9.1"," "
"Hewlett Packard Enterprise","877998-B21  HPE 3.2TB NVMe x4 MU SFF SCN DS SSD","NVMe","ESXi 9.1"," "
"Hewlett Packard Enterprise","P47820-B21 HPE 1.6TB NVMe MU SFF SCN U.2 MV SSD","NVMe","ESXi 9.1"," "
"Hewlett Packard Enterprise","P47820-K21 HPE 1.6TB NVMe MU SFF SCN U.2 MV SSD","NVMe","ESXi 9.1"," "
"Hewlett Packard Enterprise","HPE 960GB NVMe RI SFF BC U.3ST V2 MV SSD","NVMe","ESXi 9.1"," "
"Hewlett Packard Enterprise","Intel E810-CQDA2 Ethernet 100Gb 2-port QSFP28 Adapter for HPE","Network","ESXi 9.1"," "
"Hewlett Packard Enterprise","P20023-K21 HPE 15.36TB NVMe PERF RI SFF SCN U.3 SSD/KCM6XRUL15T3","NVMe","ESXi 9.1"," "
"Hewlett Packard Enterprise","HPE 6.4TB NVMe x4 MU SFF SCN DS SSD/MO006400KWUDV","NVMe","ESXi 9.1"," "
"Hewlett Packard Enterprise","Intel E810-XXVDA2 Ethernet 10/25Gb 2-port SFP28 Adapter for HPE","Network","ESXi 9.1"," "
"Hewlett Packard Enterprise","P31195-K21 HPE 6.4TB NVMe MU SFF BC U.3 PE8030 SSD","NVMe","ESXi 9.1"," "
"Hewlett Packard Enterprise","P19813-B21 (SC2) HPE 1.92TB NVMe MAIN RI SFF SCN U.3 SSD","NVMe","ESXi 9.1"," "
"Hewlett Packard Enterprise","VR000480KYXPQ","NVMe","ESXi 9.1"," "
"Hewlett Packard Enterprise","HPE Ethernet 1Gb 2-port 332i Adapter","Network","ESXi 9.1"," "
"Hewlett Packard Enterprise","HPE 7.68TB NVMe PERF RI SFF SCN U.3 SSD/KCM6XVUL7T68","NVMe","ESXi 9.1"," "
"Hewlett Packard Enterprise","HPE 3.84TB NVMe RI E3S EC1 PM1753 SSD","NVMe","ESXi 9.1"," "
"Hewlett Packard Enterprise","Intel E810-2CQDA2 Ethernet 100Gb 2-port QSFP28 Adapter for HPE","Network","ESXi 9.1"," "
"Hewlett Packard Enterprise","HPE 7.68TB NVMe MAIN RI SFF SCN U.3 SSD/KCD6XLUL7T68","NVMe","ESXi 9.1"," "
"Hewlett Packard Enterprise","HPE 7.68TB NVMe MAIN RI SFF SC U.3 SSD/KCD6XLUL7T68","NVMe","ESXi 9.1"," "
"Hewlett Packard Enterprise","HPE 800GB NVMe MAIN MU SFF SC U.3 SSD/KCD6XVUL800G","NVMe","ESXi 9.1"," "
"Hewlett Packard Enterprise","HPE 1.6TB NVMe MAIN MU SFF SC U.3 SSD/KCD6XVUL1T60","NVMe","ESXi 9.1"," "
"Hewlett Packard Enterprise","P47840-H21  HPE 6.4TB NVMe MU SFF BC U.3ST MV SSD","NVMe","ESXi 9.1"," "
"Hewlett Packard Enterprise","HPE 1.6TB NVMe MAIN MU SFF SCN U.3 SSD/KCD6XVUL1T60","NVMe","ESXi 9.1"," "
"Hewlett Packard Enterprise","P26543-B21 HPE 800GB NVMe x4 MU SFF U.3 SC SSD","NVMe","ESXi 9.1"," "
"Hewlett Packard Enterprise","HPE 3.2TB NVMe MAIN MU SFF SC U.3 SSD/KCD6XVUL3T20","NVMe","ESXi 9.1"," "
"Hewlett Packard Enterprise","P19821-B21 (SC2) HPE 7.68TB NVMe MAIN FI SFF SCN U.3 SSD","NVMe","ESXi 9.1"," "
"Hewlett Packard Enterprise","P19825-B21 HPE 800GB NVMe MAIN MU SFF SCN U.3 SSD","NVMe","ESXi 9.1"," "
"Hewlett Packard Enterprise","P19821-H21 HPE 7.68TB NVMe MAIN FI SFF SCN U.3 SSD","NVMe","ESXi 9.1"," "
"Hewlett Packard Enterprise","P19825-H21 HPE 800GB NVMe MAIN MU SFF SCN U.3 SSD","NVMe","ESXi 9.1"," "
"Hewlett Packard Enterprise","HPE 6.4TB NVMe MAIN MU SFF SC U.3 SSD/KCD6XVUL6T40","NVMe","ESXi 9.1"," "
"Hewlett Packard Enterprise","P47835-B21 HPE 3.2TB NVMe MU SFF SC U.3ST MV SSD","NVMe","ESXi 9.1"," "
"Hewlett Packard Enterprise","HPE 960GB NVMe PERF RI SFF SC U.3 SSD/KCM6XRUL960G","NVMe","ESXi 9.1"," "
"Hewlett Packard Enterprise","P19829-K21 HPE 1.6TB NVMe MAIN MU SFF SCN U.3 SSD","NVMe","ESXi 9.1"," "
"Hewlett Packard Enterprise","HPE 1.92TB NVMe PERF RI SFF SC U.3 SSD/KCM6XRUL1T92","NVMe","ESXi 9.1"," "
"Hewlett Packard Enterprise","HPE 1.92TB NVMe PERF RI SFF SCN U.3 SSD/KCM6XRUL1T92","NVMe","ESXi 9.1"," "
"Hewlett Packard Enterprise","HPE 6.4TB NVMe PERF MU SFF U.3 SCN SSD/KCM6XVUL6T40","NVMe","ESXi 9.1"," "
"Hewlett Packard Enterprise","HPE 3.84TB NVMe PERF RI SFF SC U.3 SSD/KCM6XRUL3T84","NVMe","ESXi 9.1"," "
"Hewlett Packard Enterprise","P19837-B21 HPE 6.4TB NVMe MAIN MU SFF SCN U.3 SSD","NVMe","ESXi 9.1"," "
"Hewlett Packard Enterprise","HPE 3.84TB NVMe PERF RI SFF SCN U.3 SSD/KCM6XRUL3T84","NVMe","ESXi 9.1"," "
"Hewlett Packard Enterprise","HPE 3.2TB NVMe PERF MU SFF U.3 SC SSD/KCM6XVUL3T20","NVMe","ESXi 9.1"," "
"Hewlett Packard Enterprise","HPE 3.2TB NVMe PERF MU SFF U.3 SCN SSD/KCM6XVUL3T20","NVMe","ESXi 9.1"," "
"Hewlett Packard Enterprise","HPE 6.4TB NVMe PERF MU SFF U.3 SC SSD/KCM6XVUL6T40","NVMe","ESXi 9.1"," "
"Hewlett Packard Enterprise","P40493-H21 HPE 1.6TB NVMe MU SFF BC U.3 CM6 SSD","NVMe","ESXi 9.1"," "
"Hewlett Packard Enterprise","HPE 7.68TB NVMe PERF RI SFF SC U.3 SSD/KCM6XRUL7T68","NVMe","ESXi 9.1"," "
"Hewlett Packard Enterprise","P22278-K21 HPE 3.84TB NVMe x4 RI SFF SCN U.3 SSD","NVMe","ESXi 9.1"," "
"Hewlett Packard Enterprise","HPE 800GB NVMe PERF MU SFF U.3 SC DS SSD/KCM6XVUL800G","NVMe","ESXi 9.1"," "
"Hewlett Packard Enterprise","HPE 1.6TB NVMe PERF MU SFF  U.3 SC SSD/KCM6XVUL1T60","NVMe","ESXi 9.1"," "
"Hewlett Packard Enterprise","HPE 1.6T NVMe MU SFF BC U.3ST V2 MV SSD","NVMe","ESXi 9.1"," "
"Hewlett Packard Enterprise","HPE 1.6TB NVMe PERF MU SFF  U.3 SCN SSD/KCM6XVUL1T60","NVMe","ESXi 9.1"," "
"Hewlett Packard Enterprise","HPE 960GB NVMe MAIN RI SFF SC U.3 SSD/KCD6XLUL960G","NVMe","ESXi 9.1"," "
"Hewlett Packard Enterprise","HPE 1.92TB NVMe MAIN RI SFF SC U.3 SSD/KCD6XLUL1T92","NVMe","ESXi 9.1"," "
"Hewlett Packard Enterprise","HPE 1.92TB NVMe MAIN RI SFF SCN U.3 SSD/KCD6XLUL1T92","NVMe","ESXi 9.1"," "
"Hewlett Packard Enterprise","HPE 375GB NVMe x4 WI SFF SCN DS SSD","NVMe","ESXi 9.1","Restricted"
"Hewlett Packard Enterprise","HPE 3.84TB NVMe MAIN RI SFF SC U.3 SSD/KCD6XLUL3T84","NVMe","ESXi 9.1"," "
"Hewlett Packard Enterprise","P06952-B21 HPE 750GB NVMe x4 WI SFF SCN DS SSD","NVMe","ESXi 9.1","Restricted"
"Hewlett Packard Enterprise","Broadcom BCM5719 Ethernet 1Gb 4-port Base-T Adapter for HPE","Network","ESXi 9.1"," "
"Hewlett Packard Enterprise","Intel E610-IT4 Ethernet 1Gb 4-port BASE-T OCP3 Adapter for HPE","Network","ESXi 9.1"," "
"Hewlett Packard Enterprise","P22268-B21 HPE 1.6TB NVMe x4 MU SFF SCN U.3 SSD","NVMe","ESXi 9.1"," "
"Hewlett Packard Enterprise","HPE Ethernet 10Gb 2-port BaseT BCM57416 Adapter","Network","ESXi 9.1"," "
"Hewlett Packard Enterprise","HPE SN1720E2P 64Gb 2p FC HBA","FC","ESXi 9.1"," "
"Hewlett Packard Enterprise","P20203-H21 HPE 1.6TB NVMe MAIN MU SFF SCN U.3 SSD/KCD6XVUL1T60","NVMe","ESXi 9.1"," "
"Hewlett Packard Enterprise","HPE 7.68T NVMeRISFF U.3ST V2 SSD","NVMe","ESXi 9.1"," "
"Hewlett Packard Enterprise","P16501-H21 HPE 1.92TB NVMe x4 RI SFF SCN U.3 DS SSD","NVMe","ESXi 9.1"," "
"Hewlett Packard Enterprise","VO015360KYFER","NVMe","ESXi 9.1"," "
"Hewlett Packard Enterprise","P16503-H21 HPE 3.84TB NVMe x4 RI SFF SCN U.3 DS SSD","NVMe","ESXi 9.1"," "
"Hewlett Packard Enterprise","P44568-K21 HPE 1.92TB NVMe RI SC FIPS U.3 CM6 SSD","NVMe","ESXi 9.1"," "
"Hewlett Packard Enterprise","MV003200KYFFK","NVMe","ESXi 9.1"," "
"Hewlett Packard Enterprise","P20209-K21 HPE 12.8TB NVMe MAIN MU SFF SCN U.3 SSD/KCD6XVUL12T8","NVMe","ESXi 9.1"," "
"Hewlett Packard Enterprise","VV007680KYFFL","NVMe","ESXi 9.1"," "
"Hewlett Packard Enterprise","VO003840KYFEP","NVMe","ESXi 9.1"," "
"Hewlett Packard Enterprise","P16497-K21 HPE 1.6TB NVMe x4 MU SFF SCN U.3 DS SSD","NVMe","ESXi 9.1"," "
"Hewlett Packard Enterprise","P16499-B21 HPE 3.2TB NVMe x4 MU SFF SCN U.3 DS SSD","NVMe","ESXi 9.1"," "
"Hewlett Packard Enterprise","HPE Ethernet 10Gb 2-port SFP+ MCX4121A-XCHT Adapter","Network","ESXi 9.1"," "
"Hewlett Packard Enterprise","P26934-H21 HPE 1.6TB PCIe x8 MU HH DS Card","NVMe","ESXi 9.1"," "
"Hewlett Packard Enterprise","Synergy 6810C 25/50Gb Ethernet Adptr","Network","ESXi 9.1","Restricted"
"Hewlett Packard Enterprise","P26934-K21 HPE 1.6TB PCIe x8 MU HH DS Card","NVMe","ESXi 9.1"," "
"Hewlett Packard Enterprise","HPE 750GB PCIe x4 WI HH DS Card","NVMe","ESXi 9.1","Restricted"
"Hewlett Packard Enterprise","P47841-H21 HPE 1.92TB NVMe RI SFF SC U.3ST MV SSD","NVMe","ESXi 9.1"," "
"Hewlett Packard Enterprise","HPE 3.2TB NVMe x4 MU SFF SCN DS SSD/MO003200KWUDU","NVMe","ESXi 9.1"," "
"Hewlett Packard Enterprise","P19827-H21 HPE 1.6TB NVMe MAIN MU SFF SC U.3 SSD","NVMe","ESXi 9.1"," "
"Hewlett Packard Enterprise","HPE Ethernet 10/25Gb 2-port SFP28 MCX512F-ACHT Adapter","Network","ESXi 9.1"," "
"Hewlett Packard Enterprise","878000-B21 HPE 6.4TB NVMe x4 MU SFF SCN DS SSD","NVMe","ESXi 9.1"," "
"Hewlett Packard Enterprise","HPE 30.72TB NVMe RI SFF BC U.3 CM9 SSD","NVMe","ESXi 9.1"," "
"Hewlett Packard Enterprise","HPE 1.92TB NVMe RI SFF BC U.3 CM9 SSD","NVMe","ESXi 9.1"," "
"Hewlett Packard Enterprise","HPE Synergy 7330c 64GB FC HBA","FC","ESXi 9.1"," "
"Hewlett Packard Enterprise","HPE 7.68TB NVMe RI E3S EC1 SED 7600 SSD","NVMe","ESXi 9.1"," "
"Hewlett Packard Enterprise","HPE 3.84TB NVMe RI E3S EC1 CM9 SSD","NVMe","ESXi 9.1"," "
"Hewlett Packard Enterprise","HPE Ethernet 10Gb 2-port SFP+ BCM57412 Adapter","Network","ESXi 9.1"," "
"Hewlett Packard Enterprise","HPE 6.4TB NVMe MU SFF BC U.3 CM9 SSD","NVMe","ESXi 9.1"," "
"Hewlett Packard Enterprise","HPE 6.4TB NVMe MU E3S EC1 CM9 SSD","NVMe","ESXi 9.1"," "
"Hewlett Packard Enterprise","HPE 12.8TB NVMe MU E3S EC1 CM9 SSD","NVMe","ESXi 9.1"," "
"Hewlett Packard Enterprise","P40492-K21 HPE 800GB NVMe MU SFF BC U.3 CM6 SSD","NVMe","ESXi 9.1"," "
"Hewlett Packard Enterprise","Intel I350-T4 Ethernet 1Gb 4-port BASE-T Adapter for HPE","Network","ESXi 9.1"," "
"Hewlett Packard Enterprise","HPE 12.8TB NVMe Main MU CD6 SSD","NVMe","ESXi 9.1"," "
"Hewlett Packard Enterprise","HPE 3.2T NVMe MU SFF U.3ST V2 MV SSD","NVMe","ESXi 9.1"," "
"Hewlett Packard Enterprise","HPE 3.2TB NVMe MU SFF SCN U.2 P5620 SSD","NVMe","ESXi 9.1"," "
"Hewlett Packard Enterprise","HPE 1.6TB NVMe MU SFF SCN U.2 P5620 SSD","NVMe","ESXi 9.1"," "
"Hewlett Packard Enterprise","HPE 960GB NVMe RI BC U.3ST SPDM MV SSD / P81661-B21
 P81660-H21
 P81660-K21","NVMe","ESXi 9.1"," "
"Hewlett Packard Enterprise","HPE 3.84TB NVMe RI BC U.2 P5520 SSD","NVMe","ESXi 9.1"," "
"Hewlett Packard Enterprise","HPE Ethernet 10/25Gb 2-port SFP28 MCX562A-ACAI OCP3 Adapter","Network","ESXi 9.1"," "
"Hewlett Packard Enterprise","P20209-H21 HPE 12.8TB NVMe MAIN MU SFF SCN U.3 SSD/KCD6XVUL12T8","NVMe","ESXi 9.1"," "
"Hewlett Packard Enterprise","P20023-B21 HPE 15.36TB NVMe PERF RI SFF SCN U.3 SSD/KCM6XRUL15T3","NVMe","ESXi 9.1"," "
"Hewlett Packard Enterprise","MV003200KYNVC","NVMe","ESXi 9.1"," "
"Hewlett Packard Enterprise","P40494-H21 HPE 3.2TB NVMe MU SFF BC U.3 CM6 SSD","NVMe","ESXi 9.1"," "
"Hewlett Packard Enterprise","P40495-K21 HPE 6.4TB NVMe MU SFF BC U.3 CM6 SSD","NVMe","ESXi 9.1"," "
"Hewlett Packard Enterprise","HPE 3.84TB NVMe RI E3S EC1 SED 7600 SSD","NVMe","ESXi 9.1"," "
"Hewlett Packard Enterprise","P40490-K21 HPE 1.92TB NVMe RI SFF BC U.3 CM6 SSD","NVMe","ESXi 9.1"," "
"Hewlett Packard Enterprise","P40492-H21 HPE 800GB NVMe MU SFF BC U.3 CM6 SSD","NVMe","ESXi 9.1"," "
"Hewlett Packard Enterprise","HPE 3.2TB NVMe MU BC U.3 PQC CD9P SSD","NVMe","ESXi 9.1"," "
"Hewlett Packard Enterprise","HPE 30.72TB NVMe RI BC U.3 PQC CD9P SSD","NVMe","ESXi 9.1"," "
"Hewlett Packard Enterprise","HPE 15.36TB NVMe RI BC U.3 PQC CD9P SSD","NVMe","ESXi 9.1"," "
"Hewlett Packard Enterprise","P40490-B21 HPE 1.92TB NVMe RI SFF BC U.3 CM6 SSD","NVMe","ESXi 9.1"," "
"Hewlett Packard Enterprise","HPE 7.68TB NVMe RI BC U.3 PQC CD9P SSD","NVMe","ESXi 9.1"," "
"Hewlett Packard Enterprise","HPE 3.2TB NVMe MU E3S EC1 CD9P SSD","NVMe","ESXi 9.1"," "
"Hewlett Packard Enterprise","HPE 15.36TB NVMe RI E3S EC1 CD9P SSD","NVMe","ESXi 9.1"," "
"Hewlett Packard Enterprise","HPE 1.92TB NVMe RI E3S EC1 CD9P SSD ","NVMe","ESXi 9.1"," "
"Hewlett Packard Enterprise","HPE 7.68TB NVMe RI E3S EC1 CD9P SSD ","NVMe","ESXi 9.1"," "
"Hewlett Packard Enterprise","P44572-K21 HPE 1.92TB NVMe RI SCN FIPS U.3 CM6 SSD","NVMe","ESXi 9.1"," "
"Hewlett Packard Enterprise","P41404-B21 HPE 1.6TB NVMe MU BC FIPS U.3 CM6 SSD","NVMe","ESXi 9.1"," "
"Hewlett Packard Enterprise","HPE StoreFabric CN1300R 10/25Gb Dual Port Converged Network Adapter (iSCSI)","iSCSI","ESXi 9.1","Restricted"
"Hewlett Packard Enterprise","HPE 1.6TB NVMe MU BC U.3 PQC CD9P SSD","NVMe","ESXi 9.1"," "
"Hewlett Packard Enterprise","P41405-K21 HPE 3.2TB NVMe MU BC FIPS U.3 CM6 SSD","NVMe","ESXi 9.1"," "
"Hewlett Packard Enterprise","764894-B21 HPE 2TB NVMe x4 WI SFF SCN SSD","NVMe","ESXi 9.1"," "
"Hewlett Packard Enterprise","P20203-K21 HPE 1.6TB NVMe MAIN MU SFF SCN U.3 SSD/KCD6XVUL1T60","NVMe","ESXi 9.1"," "
"Hewlett Packard Enterprise","P41405-B21 HPE 3.2TB NVMe MU BC FIPS U.3 CM6 SSD","NVMe","ESXi 9.1"," "
"Hewlett Packard Enterprise","HPE 1.92TB NVMeRI SFF BC U.3ST V2 MV SSD","NVMe","ESXi 9.1"," "
"Hewlett Packard Enterprise","P40491-K21 HPE 3.84TB NVMe RI SFF BC U.3 CM6 SSD","NVMe","ESXi 9.1"," "
"Hewlett Packard Enterprise","HPE 30.72TB NVMe RI E3S EC1 CD9P SSD","NVMe","ESXi 9.1"," "
"Hewlett Packard Enterprise","P40483-B21 HPE 1.92TB NVMe RI SFF BC U.3 CD6 SSD","NVMe","ESXi 9.1"," "
"Hewlett Packard Enterprise","P40483-K21 HPE 1.92TB NVMe RI SFF BC U.3 CD6 SSD","NVMe","ESXi 9.1"," "
"Hewlett Packard Enterprise","P40484-B21 HPE 3.84TB NVMe RI SFF BC U.3 CD6 SSD","NVMe","ESXi 9.1"," "
"Hewlett Packard Enterprise","P40484-K21 HPE 3.84TB NVMe RI SFF BC U.3 CD6 SSD","NVMe","ESXi 9.1"," "
"Hewlett Packard Enterprise","P40485-B21 HPE 7.68TB NVMe RI SFF BC U.3 CD6 SSD","NVMe","ESXi 9.1"," "
"Hewlett Packard Enterprise","P40485-K21 HPE 7.68TB NVMe RI SFF BC U.3 CD6 SSD","NVMe","ESXi 9.1"," "
"Hewlett Packard Enterprise","P40488-B21 HPE 3.2TB NVMe MU SFF BC U.3 CD6 SSD","NVMe","ESXi 9.1"," "
"Hewlett Packard Enterprise","P40488-K21 HPE 3.2TB NVMe MU SFF BC U.3 CD6 SSD","NVMe","ESXi 9.1"," "
"Hewlett Packard Enterprise","P40489-B21 HPE 6.4TB NVMe MU SFF BC U.3 CD6 SSD","NVMe","ESXi 9.1"," "
"Hewlett Packard Enterprise","P40489-H21 HPE 6.4TB NVMe MU SFF BC U.3 CD6 SSD","NVMe","ESXi 9.1"," "
"Hewlett Packard Enterprise","P40486-B21 HPE 800GB NVMe MU SFF BC U.3 CD6 SSD","NVMe","ESXi 9.1"," "
"Hewlett Packard Enterprise","P40486-H21 HPE 800GB NVMe MU SFF BC U.3 CD6 SSD","NVMe","ESXi 9.1"," "
"Hewlett Packard Enterprise","P40486-K21 HPE 800GB NVMe MU SFF BC U.3 CD6 SSD","NVMe","ESXi 9.1"," "
"Hewlett Packard Enterprise","764906-B21 HPE 1.2TB NVMe x4 RI SFF SCN SSD","NVMe","ESXi 9.1"," "
"Hewlett Packard Enterprise","P40487-H21 HPE 1.6TB NVMe MU SFF BC U.3 CD6 SSD","NVMe","ESXi 9.1"," "
"Hewlett Packard Enterprise","P40487-K21 HPE 1.6TB NVMe MU SFF BC U.3 CD6 SSD","NVMe","ESXi 9.1"," "
"Hewlett Packard Enterprise","P47842-H21 HPE 3.84TB NVMe RI SFF SC U.3ST MV SSD","NVMe","ESXi 9.1"," "
"Hewlett Packard Enterprise","HPE Synergy 6410C 25/50Gb Ethernet Adapter","Network","ESXi 9.1","Restricted"
"Hewlett Packard Enterprise","HPE InfiniBand FDR/Ethernet 40/50Gb 2-port 547FLR-QSFP Adapter","Network","ESXi 9.1"," "
"Hewlett Packard Enterprise","HPE Ethernet 100Gb 1-port 842QSFP28 Adapter","Network","ESXi 9.1"," "
"Hewlett Packard Enterprise","VO001920KYLEB","NVMe","ESXi 9.1"," "
"Hewlett Packard Enterprise","MO001600KYLEC","NVMe","ESXi 9.1"," "
"Hewlett Packard Enterprise","P44572-H21 HPE 1.92TB NVMe RI SCN FIPS U.3 CM6 SSD","NVMe","ESXi 9.1"," "
"Hewlett Packard Enterprise","P41404-K21 HPE 1.6TB NVMe MU BC FIPS U.3 CM6 SSD","NVMe","ESXi 9.1"," "
"Hewlett Packard Enterprise","HPE InfiniBand EDR/Ethernet 100Gb 1-port 840QSFP28 Adapter","Network","ESXi 9.1","Restricted"
"Hewlett Packard Enterprise","P44572-B21 HPE 1.92TB NVMe RI SCN FIPS U.3 CM6 SSD","NVMe","ESXi 9.1"," "
"Hewlett Packard Enterprise","HPE 6.4TB NVMe MU E3S EC1 CD9P SSD","NVMe","ESXi 9.1"," "
"Hewlett Packard Enterprise","P44584-B21 HPE 1.6TB NVMe MU SC FIPS U.3 CM6 SSD","NVMe","ESXi 9.1"," "
"Hewlett Packard Enterprise","P44592-H21 HPE 3.2TB NVMe MU SC FIPS U.3 CM6 SSD","NVMe","ESXi 9.1"," "
"Hewlett Packard Enterprise","P44596-B21 HPE 3.2TB NVMe MU SCN FIPS U.3 CM6 SSD","NVMe","ESXi 9.1"," "
"Hewlett Packard Enterprise","P44596-K21 HPE 3.2TB NVMe MU SCN FIPS U.3 CM6 SSD","NVMe","ESXi 9.1"," "
"Hewlett Packard Enterprise","HPE 1.6TB NVMe MU E3S EC1 SED CD9P SSD","NVMe","ESXi 9.1"," "
"Hewlett Packard Enterprise","P44576-K21 HPE 3.84TB NVMe RI SC FIPS U.3 CM6 SSD","NVMe","ESXi 9.1"," "
"Hewlett Packard Enterprise","HPE 3.84TB NVMe RI E3S EC1 SED CD9P SSD","NVMe","ESXi 9.1"," "
"Hewlett Packard Enterprise","HPE 15.36TB NVMe Main RI CD6 SSD","NVMe","ESXi 9.1"," "
"Hewlett Packard Enterprise","P44580-B21 HPE 3.84TB NVMe RI SCN FIPS U.3 CM6 SSD","NVMe","ESXi 9.1"," "
"Hewlett Packard Enterprise","P44580-H21 HPE 3.84TB NVMe RI SCN FIPS U.3 CM6 SSD","NVMe","ESXi 9.1"," "
"Hewlett Packard Enterprise","HPE 15.36TB NVMe RI BC U.3ST PM1753 SSD","NVMe","ESXi 9.1"," "
"Hewlett Packard Enterprise","HPE 6.4TB NVMe MU BC U.3ST PM1755 SSD","NVMe","ESXi 9.1"," "
"Hewlett Packard Enterprise","P44584-K21 HPE 1.6TB NVMe MU SC FIPS U.3 CM6 SSD","NVMe","ESXi 9.1"," "
"Hewlett Packard Enterprise","HPE 7.68TB NVMe RI E3S EC1 PM1753 SSD","NVMe","ESXi 9.1"," "
"Hewlett Packard Enterprise","HPE 3.2TB NVMe MU E3S EC1 PM1755 SSD","NVMe","ESXi 9.1"," "
"Hewlett Packard Enterprise","P41402-B21 HPE 1.92TB NVMe RI BC FIPS U.3 CM6 SSD","NVMe","ESXi 9.1"," "
"Hewlett Packard Enterprise","HPE 6.4TB NVMe MU E3S EC1 PM1755 SSD","NVMe","ESXi 9.1"," "
"Hewlett Packard Enterprise","HPE 3.2TB NVMe MU SFF BC U.2 P5620 SSD","NVMe","ESXi 9.1"," "
"Hewlett Packard Enterprise","HPE 6.4TB NVMe MU SFF SCN U.2 P5620 SSD","NVMe","ESXi 9.1"," "
"Hewlett Packard Enterprise","P41403-B21 HPE 3.84TB NVMe RI BC FIPS U.3 CM6 SSD","NVMe","ESXi 9.1"," "
"Hewlett Packard Enterprise","P41403-K21 HPE 3.84TB NVMe RI BC FIPS U.3 CM6 SSD","NVMe","ESXi 9.1"," "
"Hewlett Packard Enterprise","HPE Ethernet 10/25Gb 2-port FLR-SFP28 QL41401-A2G Converged Network Adapter (622FLR)","Network","ESXi 9.1","Restricted"
"Hewlett Packard Enterprise","HPE Ethernet 10/25Gb 2-port FLR-SFP28 QL41401-A2G Converged Network Adapter (622FLR) [SR-IOV]","Network","ESXi 9.1","Restricted"
"Hewlett Packard Enterprise","HPE StoreFabric CN1300R 10/25Gb Dual Port Converged Network Adapter","Network","ESXi 9.1","Restricted"
"Hewlett Packard Enterprise","HPE StoreFabric CN1300R 10/25Gb Dual Port Converged Network Adapter (SR-IOV)","Network","ESXi 9.1","Restricted"
"Hewlett Packard Enterprise","HPE Ethernet 10/25Gb 2-port FLR-SFP28 QL41401-A2G Converged Network Adapter (622FLR)","iSCSI","ESXi 9.1","Restricted"
"Hewlett Packard Enterprise","P20015-K21 HPE 960GB NVMe PERF RI SFF SCN U.3 SSD/KCM6XRUL960G","NVMe","ESXi 9.1"," "
"Hewlett Packard Enterprise","HPE 15.36TB NVMe RI SFF BC U.3 CM9 SSD","NVMe","ESXi 9.1"," "
"Hewlett Packard Enterprise","HPE StoreFabric CN1200R 10Gb Base-T Converged Network Adapter","Network","ESXi 9.1","Restricted"
"Hewlett Packard Enterprise","HPE 15.36TB NVMe x4 RI SFF SCN DS SSD/VO015360KWUEE","NVMe","ESXi 9.1"," "
"Hewlett Packard Enterprise","P22280-H21 HPE 7.68TB NVMe x4 RI SFF SCN U.3 SSD","NVMe","ESXi 9.1"," "
"Hewlett Packard Enterprise","HPE Ethernet 10/25Gb 2-port FLR-SFP28 QL41401-A2G Converged Network Adapter (622FLR)","FCoE CNAs","ESXi 9.1","Restricted"
"Hewlett Packard Enterprise","VO003840KYLHF","NVMe","ESXi 9.1"," "
"Hewlett Packard Enterprise","HPE StoreFabric CN1300R 10/25Gb Dual Port Converged Network Adapter (FCoE)","FCoE CNAs","ESXi 9.1","Restricted"
"Hewlett Packard Enterprise","P47844-B21 HPE 960GB NVMe RI SFF SC U.3ST MV SSD","NVMe","ESXi 9.1"," "
"Hewlett Packard Enterprise","HPE StoreFabric CN1200R 10Gb Base-T Converged Network Adapter (FCoE)","FCoE CNAs","ESXi 9.1","Restricted"
"Hewlett Packard Enterprise","P47845-B21 HPE 1.92TB NVMe RI SFF BC U.3ST MV SSD","NVMe","ESXi 9.1"," "
"Hewlett Packard Enterprise","P47845-K21 HPE 1.92TB NVMe RI SFF BC U.3ST MV SSD","NVMe","ESXi 9.1"," "
"Hewlett Packard Enterprise","P47841-B21 HPE 1.92TB NVMe RI SFF SC U.3ST MV SSD","NVMe","ESXi 9.1"," "
"Hewlett Packard Enterprise","HPE Ethernet 10Gb 2-port 562T Adapter","Network","ESXi 9.1"," "
"Hewlett Packard Enterprise","P47842-B21 HPE 3.84TB NVMe RI SFF SC U.3ST MV SSD","NVMe","ESXi 9.1"," "
"Hewlett Packard Enterprise","P47843-B21 HPE 7.68TB NVMe RI SFF SC U.3ST MV SSD","NVMe","ESXi 9.1"," "
"Hewlett Packard Enterprise","P47843-H21 HPE 7.68TB NVMe RI SFF SC U.3ST MV SSD","NVMe","ESXi 9.1"," "
"Hewlett Packard Enterprise","P47824-B21 HPE 3.84TB NVMe RI SFF SCN U.2 MV SSD","NVMe","ESXi 9.1"," "
"Hewlett Packard Enterprise","P47824-K21 HPE 3.84TB NVMe RI SFF SCN U.2 MV SSD","NVMe","ESXi 9.1"," "
"Hewlett Packard Enterprise","P47825-B21 HPE 7.68TB NVMe RI SFF SCN U.2 MV SSD","NVMe","ESXi 9.1"," "
"Hewlett Packard Enterprise","P47825-H21 HPE 7.68TB NVMe RI SFF SCN U.2 MV SSD","NVMe","ESXi 9.1"," "
"Hewlett Packard Enterprise","P47822-B21 HPE 6.4TB NVMe MU SFF SCN U.2 MV SSD","NVMe","ESXi 9.1"," "
"Hewlett Packard Enterprise","P47822-H21 HPE 6.4TB NVMe MU SFF SCN U.2 MV SSD","NVMe","ESXi 9.1"," "
"Hewlett Packard Enterprise","P47822-K21 HPE 6.4TB NVMe MU SFF SCN U.2 MV SSD","NVMe","ESXi 9.1"," "
"Hewlett Packard Enterprise","P47823-H21 HPE 1.92TB NVMe RI SFF SCN U.2 MV SSD","NVMe","ESXi 9.1"," "
"Hewlett Packard Enterprise","P47823-K21 HPE 1.92TB NVMe RI SFF SCN U.2 MV SSD","NVMe","ESXi 9.1"," "
"Hewlett Packard Enterprise","P47839-B21 HPE 3.2TB NVMe MU SFF BC U.3ST MV SSD","NVMe","ESXi 9.1"," "
"Hewlett Packard Enterprise","P47839-H21 HPE 3.2TB NVMe MU SFF BC U.3ST MV SSD","NVMe","ESXi 9.1"," "
"Hewlett Packard Enterprise","P47839-K21 HPE 3.2TB NVMe MU SFF BC U.3ST MV SSD","NVMe","ESXi 9.1"," "
"Hewlett Packard Enterprise","P47840-B21 HPE 6.4TB NVMe MU SFF BC U.3ST MV SSD","NVMe","ESXi 9.1"," "
"Hewlett Packard Enterprise","P47847-B21 HPE 7.68TB NVMe RI SFF BC U.3ST MV SSD","NVMe","ESXi 9.1"," "
"Hewlett Packard Enterprise","P47847-K21 HPE 7.68TB NVMe RI SFF BC U.3ST MV SSD","NVMe","ESXi 9.1"," "
"Hewlett Packard Enterprise","P47840-H21 HPE 6.4TB NVMe MU SFF BC U.3ST MV SSD","NVMe","ESXi 9.1"," "
"Hewlett Packard Enterprise","P47834-B21 HPE 1.6TB NVMe MU SFF SC U.3ST MV SSD","NVMe","ESXi 9.1"," "
"Hewlett Packard Enterprise","P47834-H21 HPE 1.6TB NVMe MU SFF SC U.3ST MV SSD","NVMe","ESXi 9.1"," "
"Hewlett Packard Enterprise","P10222-B21 HPE 1.6TB NVMe x4 MU SFF SCN DS SSD","NVMe","ESXi 9.1"," "
"Hewlett Packard Enterprise","P47835-B21 HPE 3.2TB NVMe MU SFF SC U.3ST MV SSD","NVMe","ESXi 9.1"," "
"Hewlett Packard Enterprise","P47836-B21 HPE 6.4TB NVMe MU SFF SC U.3ST MV SSD","NVMe","ESXi 9.1"," "
"Hewlett Packard Enterprise","P10226-B21 HPE 6.4TB NVMe x4 MU SFF SCN DS SSD","NVMe","ESXi 9.1"," "
"Hewlett Packard Enterprise","P47820-B21 HPE 1.6TB NVMe MU SFF SCN U.2 MV SSD","NVMe","ESXi 9.1"," "
"Hewlett Packard Enterprise","P47820-K21 HPE 1.6TB NVMe MU SFF SCN U.2 MV SSD","NVMe","ESXi 9.1"," "
"Hewlett Packard Enterprise","P47837-B21 HPE 800GB NVMe MU SFF BC U.3ST MV SSD","NVMe","ESXi 9.1"," "
"Hewlett Packard Enterprise","SN1600Q-2P","FC","ESXi 9.1"," "
"Hewlett Packard Enterprise","P47821-B21 HPE 3.2TB NVMe MU SFF SCN U.2 MV SSD","NVMe","ESXi 9.1"," "
"Hewlett Packard Enterprise","P47821-K21 HPE 3.2TB NVMe MU SFF SCN U.2 MV SSD","NVMe","ESXi 9.1"," "
"Hewlett Packard Enterprise","SN1100Q-1P","FC","ESXi 9.1"," "
"Hewlett Packard Enterprise","P47837-K21 HPE 800GB NVMe MU SFF BC U.3ST MV SSD","NVMe","ESXi 9.1"," "
"Hewlett Packard Enterprise","P47838-H21 HPE 1.6TB NVMe MU SFF BC U.3ST MV SSD","NVMe","ESXi 9.1"," "
"Hewlett Packard Enterprise","P47838-K21 HPE 1.6TB NVMe MU SFF BC U.3ST MV SSD","NVMe","ESXi 9.1"," "
"Hewlett Packard Enterprise","SN1100Q-2P","FC","ESXi 9.1"," "
"Hewlett Packard Enterprise","P20009-B21 HPE 3.84TB NVMe PERF RI SFF SC U.3 SSD/KCM6XRUL3T84","NVMe","ESXi 9.1"," "
"Hewlett Packard Enterprise","Mellanox MCX631102AS-ADAT Ethernet 10/25Gb 2-port SFP28 Adapter for HPE","Network","ESXi 9.1"," "
"Hewlett Packard Enterprise","Mellanox MCX631432AS-ADAI Ethernet 10/25Gb 2-port SFP28 OCP3 Adapter for HPE","Network","ESXi 9.1"," "
"Hewlett Packard Enterprise","HPE NV60100M 100Gb 2-port Storage Offload Adapter","Network","ESXi 9.1"," "
"Hewlett Packard Enterprise","P47825-K21 HPE 7.68TB NVMe RI SFF SCN U.2 MV SSD","NVMe","ESXi 9.1"," "
"Hewlett Packard Enterprise","P47823-B21 HPE 1.92TB NVMe RI SFF SCN U.2 MV SSD","NVMe","ESXi 9.1"," "
"Hewlett Packard Enterprise","P40569-B21 ; P40569-K21  HPE 800GB NVMe MU SFF BC U.3 PM1735 SSD","NVMe","ESXi 9.1"," "
"Hewlett Packard Enterprise","803195-B21 HPE 800GB PCIe x4 WI HH Card","NVMe","ESXi 9.1"," "
"Hewlett Packard Enterprise","P29161-B21 HPE 960GB NVMe RI SFF BC U.3 PE8010 SSD","NVMe","ESXi 9.1"," "
"Hewlett Packard Enterprise","HPE Ethernet 10/25Gb 2-port 640SFP28 Adapter","Network","ESXi 9.1"," "
"Hewlett Packard Enterprise","P47844-B21 HPE 960GB NVMe RI SFF BC U.3ST MV SSD","NVMe","ESXi 9.1"," "
"Hewlett Packard Enterprise","P10214-B21 HPE 1.92TB NVMe x4 RI SFF SCN DS SSD","NVMe","ESXi 9.1"," "
"Hewlett Packard Enterprise","P31185-B21 HPE 1.92TB NVMe RI BC U.3 PE8010 SSD","NVMe","ESXi 9.1"," "
"Hewlett Packard Enterprise","P10216-B21 HPE 3.84TB NVMe x4 RI SFF SCN DS SSD","NVMe","ESXi 9.1"," "
"Hewlett Packard Enterprise","P40488-H21 HPE 3.2TB NVMe MU SFF BC U.3 CD6 SSD","NVMe","ESXi 9.1"," "
"Hewlett Packard Enterprise","P25944-H21 HPE 960GB NVMe MAIN RI SFF SCN U.3 SSD/KCD6XLUL960G","NVMe","ESXi 9.1"," "
"Hewlett Packard Enterprise","P10218-B21 HPE 7.68TB NVMe x4 RI SFF SCN DS SSD","NVMe","ESXi 9.1"," "
"Hewlett Packard Enterprise","P40489-K21 HPE 6.4TB NVMe MU SFF BC U.3 CD6 SSD","NVMe","ESXi 9.1"," "
"Hewlett Packard Enterprise","P25939-B21 HPE 960GB NVMe MAIN RI SFF SC U.3 SSD/KCD6XLUL960G","NVMe","ESXi 9.1"," "
"Hewlett Packard Enterprise","P13691-K21 HPE 1.92TB NVMe x4 RI M.2 22110 DS SSD","NVMe","ESXi 9.1"," "
"Hewlett Packard Enterprise","P40487-B21 HPE 1.6TB NVMe MU SFF BC U.3 CD6 SSD","NVMe","ESXi 9.1"," "
"Hewlett Packard Enterprise","P25939-H21 HPE 960GB NVMe MAIN RI SFF SC U.3 SSD/KCD6XLUL960G","NVMe","ESXi 9.1"," "
"Hewlett Packard Enterprise","P20197-H21 HPE 3.2TB NVMe MAIN MU SFF SC U.3 SSD/KCD6XVUL3T20","NVMe","ESXi 9.1"," "
"Hewlett Packard Enterprise","P10268-B21 HPE 6.4TB NVMe x8 MU HH DS Card","NVMe","ESXi 9.1"," "
"Hewlett Packard Enterprise","P20201-H21 HPE 12.8TB NVMe MAIN MU SFF SC U.3 SSD/KCD6XVUL12T8","NVMe","ESXi 9.1"," "
"Hewlett Packard Enterprise","P10266-B21 HPE 3.2TB NVMe x8 MU HH DS Card","NVMe","ESXi 9.1"," "
"Hewlett Packard Enterprise","P10264-B21 HPE 1.6TB NVMe x8 MU HH DS Card","NVMe","ESXi 9.1"," "
"Hewlett Packard Enterprise","HPE MR416i-p Gen11","SAS-SATA-NVME Tri-mode","ESXi 9.1"," "
"Hewlett Packard Enterprise","P20205-B21 HPE 3.2TB NVMe MAIN MU SFF SCN U.3 SSD/KCD6XVUL3T20","NVMe","ESXi 9.1"," "
"Hewlett Packard Enterprise","P44576-H21 HPE 3.84TB NVMe RI SC FIPS U.3 CM6 SSD","NVMe","ESXi 9.1"," "
"Hewlett Packard Enterprise","P20021-K21 HPE 7.68TB NVMe PERF RI SFF SCN U.3 SSD/KCM6XRUL7T68","NVMe","ESXi 9.1"," "
"Hewlett Packard Enterprise","P13695-B21 HPE 2TB NVMe x4 RI SFF SCN DS SSD","NVMe","ESXi 9.1"," "
"Hewlett Packard Enterprise","P03614-B21 HPE 3.2TB NVMe x4 MU SFF RW DS SSD","NVMe","ESXi 9.1"," "
"Hewlett Packard Enterprise","HPE 3.2TB NVMe MU E3S EC1 FIPS CM7 SSD","NVMe","ESXi 9.1"," "
"Hewlett Packard Enterprise","P13697-B21 HPE 4TB NVMe x4 RI SFF SCN DS SSD","NVMe","ESXi 9.1"," "
"Hewlett Packard Enterprise","P13699-B21 HPE 1.6TB NVMe x4 MU SFF SCN DS SSD","NVMe","ESXi 9.1"," "
"Hewlett Packard Enterprise","P13701-B21 HPE 3.2TB NVMe x4 MU SFF SCN DS SSD","NVMe","ESXi 9.1"," "
"Hewlett Packard Enterprise","P13703-B21 HPE 6.4TB NVMe x4 MU SFF SCN DS SSD","NVMe","ESXi 9.1"," "
"Hewlett Packard Enterprise","HPE Ethernet 1Gb 4-port 331T Adapter","Network","ESXi 9.1"," "
"Hewlett Packard Enterprise","HPE MR932i-p Gen12","SAS-SATA-NVME Tri-mode RAID","ESXi 9.1"," "
"Hewlett Packard Enterprise","HPE 10/25Gb Ethernet Adapter","Network","ESXi 9.1","Restricted"
"Hewlett Packard Enterprise","P26109-B21 ; P26109-H21  HPE 15.36TB NVMe x4 RI SFF SC U.3 SSD","NVMe","ESXi 9.1"," "
"Hewlett Packard Enterprise","P44592-K21 HPE 3.2TB NVMe MU SC FIPS U.3 CM6 SSD","NVMe","ESXi 9.1"," "
"Hewlett Packard Enterprise","HPE 800GB NVMe x4 MU SFF SCN DS SSD/MO000800KWUDR","NVMe","ESXi 9.1"," "
"Hewlett Packard Enterprise","P20021-H21 HPE 7.68TB NVMe PERF RI SFF SCN U.3 SSD/KCM6XRUL7T68","NVMe","ESXi 9.1"," "
"Hewlett Packard Enterprise","HPE 15.36TB NVMe RI BC U.3ST V2 MV SSD","NVMe","ESXi 9.1"," "
"Hewlett Packard Enterprise","HPE 3.84TB NVMe RI E3S EC1 CD9P SSD","NVMe","ESXi 9.1"," "
"Hewlett Packard Enterprise","HPE MR216i-p Gen10+","SAS-SATA-NVME Tri-mode","ESXi 9.1"," "
"Hewlett Packard Enterprise","PE47825-K21 HPE 7.68TB NVMe RI SFF SCN U.2 MV SSD","NVMe","ESXi 9.1"," "
"Hewlett Packard Enterprise","P29166-B21 HPE 800GB NVMe MU SFF BC U.3 PE8030 SSD","NVMe","ESXi 9.1"," "
"Hewlett Packard Enterprise","VV007680KYNVF","NVMe","ESXi 9.1"," "
"Hewlett Packard Enterprise","P47837-B21 HPE 800GB NVMe MU SFF BC U.3ST MV SSD","NVMe","ESXi 9.1"," "
"Hewlett Packard Enterprise","P47837-H21 HPE 800GB NVMe MU SFF BC U.3ST MV SSD","NVMe","ESXi 9.1"," "
"Hewlett Packard Enterprise","P47837-K21 HPE 800GB NVMe MU SFF BC U.3ST MV SSD","NVMe","ESXi 9.1"," "
"Hewlett Packard Enterprise","PE47843-H21 HPE 7.68TB NVMe RI SFF SC U.3ST MV SSD","NVMe","ESXi 9.1"," "
"Hewlett Packard Enterprise","HPE Synergy 5330C 32Gb FC HBA","FC","ESXi 9.1"," "
"Hewlett Packard Enterprise","PE47847-K21 HPE 7.68TB NVMe RI SFF BC U.3ST MV SSD","NVMe","ESXi 9.1"," "
"Hewlett Packard Enterprise","PE47825-H21 HPE 7.68TB NVMe RI SFF SCN U.2 MV SSD","NVMe","ESXi 9.1"," "
"Hewlett Packard Enterprise","P47841-B21 HPE 1.92TB NVMe RI SFF SC U.3ST MV SSD","NVMe","ESXi 9.1"," "
"Hewlett Packard Enterprise","HPE MR416i-a Gen10+","SAS-SATA-NVME Tri-mode","ESXi 9.1"," "
"Hewlett Packard Enterprise","P47841-h21 HPE 1.92TB NVMe RI SFF SC U.3ST MV SSD","NVMe","ESXi 9.1"," "
"Hewlett Packard Enterprise","P47845-K21 HPE 1.92TB NVMe RI SFF BC U.3ST MV SSD","NVMe","ESXi 9.1"," "
"Hewlett Packard Enterprise","P47823-B21 HPE 1.92TB NVMe RI SFF SCN U.2 MV SSD","NVMe","ESXi 9.1"," "
"Hewlett Packard Enterprise","P47823-H21 HPE 1.92TB NVMe RI SFF SCN U.2 MV SSD","NVMe","ESXi 9.1"," "
"Hewlett Packard Enterprise","P31187-B21 HPE 3.84TB NVMe RI BC U.3 PE8010 SSD","NVMe","ESXi 9.1"," "
"Hewlett Packard Enterprise","P31187-K21 HPE 3.84TB NVMe RI BC U.3 PE8010 SSD","NVMe","ESXi 9.1"," "
"Hewlett Packard Enterprise","P47842-B21 HPE 3.84TB NVMe RI SFF SC U.3ST MV SSD","NVMe","ESXi 9.1"," "
"Hewlett Packard Enterprise","P4846-B21 HPE 3.84TB NVMe RI SFF BC U.3ST MV SSD","NVMe","ESXi 9.1"," "
"Hewlett Packard Enterprise","P31191-B21 HPE 1.6TB NVMe MU SFF BC U.3 PE8030 SSD","NVMe","ESXi 9.1"," "
"Hewlett Packard Enterprise","P31191-K21 HPE 1.6TB NVMe MU SFF BC U.3 PE8030 SSD","NVMe","ESXi 9.1"," "
"Hewlett Packard Enterprise","P47834-H21 HPE 1.6TB NVMe MU SFF SC U.3ST MV SSD","NVMe","ESXi 9.1"," "
"Hewlett Packard Enterprise","P47837-B21 HPE 1.6TB NVMe MU SFF BC U.3ST MV SSD","NVMe","ESXi 9.1"," "
"Hewlett Packard Enterprise","P47837-H21 HPE 1.6TB NVMe MU SFF BC U.3ST MV SSD","NVMe","ESXi 9.1"," "
"Hewlett Packard Enterprise","P47824-B21 HPE 3.84TB NVMe RI SFF SCN U.2 MV SSD","NVMe","ESXi 9.1"," "
"Hewlett Packard Enterprise","P47824-H21 HPE 3.84TB NVMe RI SFF SCN U.2 MV SSD","NVMe","ESXi 9.1"," "
"Hewlett Packard Enterprise","P47824-K21 HPE 3.84TB NVMe RI SFF SCN U.2 MV SSD","NVMe","ESXi 9.1"," "
"Hewlett Packard Enterprise","P31189-K21 HPE 7.68TB NVMe RI BC U.3 PE8010 SSD","NVMe","ESXi 9.1"," "
"Hewlett Packard Enterprise","P47837-K21 HPE 1.6TB NVMe MU SFF BC U.3ST MV SSD","NVMe","ESXi 9.1"," "
"Hewlett Packard Enterprise","P31193-B21 HPE 3.2TB NVMe MU SFF BC U.3 PE8030 SSD","NVMe","ESXi 9.1"," "
"Hewlett Packard Enterprise","P31193-K21 HPE 3.2TB NVMe MU SFF BC U.3 PE8030 SSD","NVMe","ESXi 9.1"," "
"Hewlett Packard Enterprise","P47820-H21 HPE 1.6TB NVMe MU SFF SCN U.2 MV SSD","NVMe","ESXi 9.1"," "
"Hewlett Packard Enterprise","P47821-H21  HPE 3.2TB NVMe MU SFF SCN U.2 MV SSD","NVMe","ESXi 9.1"," "
"Hewlett Packard Enterprise","P47821-K21  HPE 3.2TB NVMe MU SFF SCN U.2 MV SSD","NVMe","ESXi 9.1"," "
"Hewlett Packard Enterprise","P31195-B21 HPE 6.4TB NVMe MU SFF BC U.3 PE8030 SSD","NVMe","ESXi 9.1"," "
"Hewlett Packard Enterprise","P47836-B21  HPE 6.4TB NVMe MU SFF SC U.3ST MV SSD","NVMe","ESXi 9.1"," "
"Hewlett Packard Enterprise","P47836-H21  HPE 6.4TB NVMe MU SFF SC U.3ST MV SSD","NVMe","ESXi 9.1"," "
"Hewlett Packard Enterprise","P47840-B21  HPE 6.4TB NVMe MU SFF BC U.3ST MV SSD","NVMe","ESXi 9.1"," "
"Hewlett Packard Enterprise","P47822-B21  HPE 6.4TB NVMe MU SFF SCN U.2 MV SSD","NVMe","ESXi 9.1"," "
"Hewlett Packard Enterprise","P47840-K21  HPE 6.4TB NVMe MU SFF BC U.3ST MV SSD","NVMe","ESXi 9.1"," "
"Hewlett Packard Enterprise","P47822-K21  HPE 6.4TB NVMe MU SFF SCN U.2 MV SSD","NVMe","ESXi 9.1"," "
"Hewlett Packard Enterprise","P47822-H21  HPE 6.4TB NVMe MU SFF SCN U.2 MV SSD","NVMe","ESXi 9.1"," "
"Hewlett Packard Enterprise","HPE 800GB NVMe WI U.2 SSD","NVMe","ESXi 9.1"," "
"Hewlett Packard Enterprise","P47835-H21 HPE 3.2TB NVMe MU SFF SC U.3ST MV SSD","NVMe","ESXi 9.1"," "
"Hewlett Packard Enterprise","P47839-H21 HPE 3.2TB NVMe MU SFF BC U.3ST MV SSD","NVMe","ESXi 9.1"," "
"Hewlett Packard Enterprise","P47839-K21 HPE 3.2TB NVMe MU SFF BC U.3ST MV SSD","NVMe","ESXi 9.1"," "
"Hewlett Packard Enterprise","P47821-B21  HPE 3.2TB NVMe MU SFF SCN U.2 MV SSD","NVMe","ESXi 9.1"," "
"Hewlett Packard Enterprise","P44588-H21 HPE 1.6TB NVMe MU SCN FIPS U.3 CM6 SSD","NVMe","ESXi 9.1"," "
"Hewlett Packard Enterprise","HPE Synergy 4820c 10/20/25Gb Converged Network Adapter","Network","ESXi 9.1","Restricted"
"Hewlett Packard Enterprise","HPE Synergy 4820c 10/20/25Gb Converged Network Adapter (SR-IOV)","Network","ESXi 9.1","Restricted"
"Hewlett Packard Enterprise","HPE Synergy 4820c 10/20/25Gb Converged Network Adapter (iSCSI)","iSCSI","ESXi 9.1","Restricted"
"Hewlett Packard Enterprise","VV003840KYNVE","NVMe","ESXi 9.1"," "
"Hewlett Packard Enterprise","Intel E810-XXVDA4 Ethernet 10/25Gb 4-port SFP28 Adapter for HPE","Network","ESXi 9.1"," "
"Hewlett Packard Enterprise","HPE Synergy 4820c 10/20/25Gb Converged Network Adapter (FCoE)","FCoE CNAs","ESXi 9.1","Restricted"
"Hewlett Packard Enterprise","HPE MR416i-p Gen 10+","SAS-SATA-NVME Tri-mode","ESXi 9.1"," "
"Hewlett Packard Enterprise","Intel E810-XXVDA4 Ethernet 10/25Gb 4-port SFP28 OCP3 Adapter for HPE","Network","ESXi 9.1"," "
"Hewlett Packard Enterprise","HPE SR416i-a Gen10+","SAS-SATA-NVME Tri-mode RAID","ESXi 9.1"," "
"Hewlett Packard Enterprise","HPE EL 960GB NVMe MU M.2 22110 PM9A3 SSD","NVMe","ESXi 9.1"," "
"Hewlett Packard Enterprise","HPE EL 1.92TB NVMe MU M.2 22110 PM9A3 SSD","NVMe","ESXi 9.1"," "
"Hewlett Packard Enterprise","HPE SN1700Q 64Gb Single Port Fibre Channel Host Bus Adapter","FC","ESXi 9.1"," "
"Hewlett Packard Enterprise","HPE EL 3.84TB NVMe MU M.2 22110 PM9A3 SSD","NVMe","ESXi 9.1"," "
"Hewlett Packard Enterprise","P10264-B21 HPE 1.6TB NVMe x8 MU HH DS Card","NVMe","ESXi 9.1"," "
"Hewlett Packard Enterprise","P47824-H21 HPE 3.84TB NVMe RI SFF SCN U.2 MV SSD","NVMe","ESXi 9.1"," "
"Hewlett Packard Enterprise","HPE 15.36TB NVMe RI E3S EC1 PM1753 SSD","NVMe","ESXi 9.1"," "
"Hewlett Packard Enterprise","P10266-B21 HPE 3.2TB NVMe x8 MU HH DS Card","NVMe","ESXi 9.1"," "
"Hewlett Packard Enterprise","P10268-B21 HPE 6.4TB NVMe x8 MU HH DS Card","NVMe","ESXi 9.1"," "
"Hewlett Packard Enterprise","Intel I350-T4 Ethernet 1Gb 4-port BASE-T OCP3 Adapter for HPE","Network","ESXi 9.1"," "
"Hewlett Packard Enterprise","Intel X710-DA2 Ethernet 10Gb 2-port SFP+ Adapter for HPE","Network","ESXi 9.1"," "
"Hewlett Packard Enterprise","HPE 7.68TB NVMe RI E3S EC1 CM9 SSD","NVMe","ESXi 9.1"," "
"Hewlett Packard Enterprise","Intel X710-DA2 Ethernet 10Gb 2-port SFP+ OCP3 Adapter for HPE","Network","ESXi 9.1"," "
"Hewlett Packard Enterprise","HPE 1.6TB NVMe MU SFF BC U.3 CM9 SSD","NVMe","ESXi 9.1"," "
"Hewlett Packard Enterprise","HPE 3.2TB NVMe MU SFF BC U.3 CM9 SSD","NVMe","ESXi 9.1"," "
"Hewlett Packard Enterprise","P20100-B21 HPE 6.4TB NVMe PERF MU SFF U.3 SCN SSD/KCM6XVUL6T40","NVMe","ESXi 9.1"," "
"Hewlett Packard Enterprise","HPE 750GB NVMe x4 WI SFF SCN DS SSD","NVMe","ESXi 9.1","Restricted"
"Hewlett Packard Enterprise","HPE 1.6TB PCIe x4 MU HH DS Card","NVMe","ESXi 9.1"," "
"Hewlett Packard Enterprise","P41402-K21 HPE 1.92TB NVMe RI BC FIPS U.3 CM6 SSD","NVMe","ESXi 9.1"," "
"Hewlett Packard Enterprise","P47846-B21 HPE 3.84TB NVMe RI SFF BC U.3ST MV SSD","NVMe","ESXi 9.1"," "
"Hewlett Packard Enterprise","MV006400KYNVD","NVMe","ESXi 9.1"," "
"Hewlett Packard Enterprise","HPE 3.2TB NVMe MU E3S EC1 CM9 SSD","NVMe","ESXi 9.1"," "
"Hewlett Packard Enterprise","HPE 3.2TB PCIe x4 MU HH DS Card","NVMe","ESXi 9.1"," "
"Hewlett Packard Enterprise","HPE 6.4TB PCIe x4 MU HH DS Card","NVMe","ESXi 9.1"," "
"Hewlett Packard Enterprise","HPE 3.84TB NVMe x4 RI SFF RW DS SSD/VO003840KWUEC","NVMe","ESXi 9.1"," "
"Hewlett Packard Enterprise","P10222-B21 HPE 1.6TB NVMe x4 MU SFF SCN DS SSD","NVMe","ESXi 9.1"," "
"Hewlett Packard Enterprise","P10224-B21 HPE 3.2TB NVMe x4 MU SFF SCN DS SSD","NVMe","ESXi 9.1"," "
"Hewlett Packard Enterprise","P10226-B21 HPE 6.4TB NVMe x4 MU SFF SCN DS SSD","NVMe","ESXi 9.1"," "
"Hewlett Packard Enterprise","P12114-B21 HPE 1.6TB NVMe x4 MU SFF RW DS SSD","NVMe","ESXi 9.1"," "
"Hewlett Packard Enterprise","P10214-B21 HPE 1.92TB NVMe x4 RI SFF SCN DS SSD","NVMe","ESXi 9.1"," "
"Hewlett Packard Enterprise","P10216-B21 HPE 3.84TB NVMe x4 RI SFF SCN DS SSD","NVMe","ESXi 9.1"," "
"Hewlett Packard Enterprise","P10218-B21 HPE 7.68TB NVMe x4 RI SFF SCN DS SSD","NVMe","ESXi 9.1"," "
"Hewlett Packard Enterprise","P40494-K21 HPE 3.2TB NVMe MU SFF BC U.3 CM6 SSD","NVMe","ESXi 9.1"," "
"Hewlett Packard Enterprise","HPE Synergy 5830C 32Gb FC HBA","FC","ESXi 9.1"," "
"Hewlett Packard Enterprise","HPE 3.84TB NVMe RI BC U.3ST SPDM MV SSD / P81666-B21
 P81665-H21
 P81665-K21","NVMe","ESXi 9.1"," "
"Hewlett Packard Enterprise","HPE Ethernet 10Gb 2-port SFP+ QL41401-A2G Adapter (524SFP+)","Network","ESXi 9.1","Restricted"
"Hewlett Packard Enterprise","P20088-H21 HPE 3.2TB NVMe PERF MU SFF U.3 SC SSD/KCM6XVUL3T20","NVMe","ESXi 9.1"," "
"Hewlett Packard Enterprise","HPE Ethernet 10Gb 2-port SFP+ QL41401-A2G Adapter (524SFP+) [SR-IOV]","Network","ESXi 9.1","Restricted"
"Hewlett Packard Enterprise","VR000960KYXQA","NVMe","ESXi 9.1"," "
"Hewlett Packard Enterprise","P25953-B21 HPE 800GB NVMe MAIN MU SFF SCN U.3 SSD/KCD6XVUL800G","NVMe","ESXi 9.1"," "
"Hewlett Packard Enterprise","HPE Eth 10Gb 4p 563SFP+ Adptr","Network","ESXi 9.1"," "
"Hewlett Packard Enterprise","HPE Ethernet 10/25Gb 2-port 661SFP28 Adapter","Network","ESXi 9.1"," "
"Hewlett Packard Enterprise","HPE Ethernet 40Gb 2-port 565QSFP+ adapter","Network","ESXi 9.1"," "
"Hewlett Packard Enterprise","P12114-B21 HPE 1.6TB NVMe x4 MU SFF RW DS SSD","NVMe","ESXi 9.1"," "
"Hewlett Packard Enterprise","P20145-B21 HPE 15.36TB NVMe MAIN RI SFF SCN U.3 SSD/KCD6XLUL15T3","NVMe","ESXi 9.1"," "
"Hewlett Packard Enterprise","P13668-B21 HPE 800GB NVMe x4 MU SFF SCN DS SSD","NVMe","ESXi 9.1"," "
"Hewlett Packard Enterprise","HPE Smart Array E208i-p SR Gen10 Controller","SAS-RAID","ESXi 9.1"," "
"Hewlett Packard Enterprise","P13670-B21 HPE 1.6TB NVMe x4 MU SFF SCN DS SSD","NVMe","ESXi 9.1"," "
"Hewlett Packard Enterprise","P47846-K21 HPE 3.84TB NVMe RI SFF BC U.3ST MV SSD","NVMe","ESXi 9.1"," "
"Hewlett Packard Enterprise","P20088-B21 HPE 3.2TB NVMe PERF MU SFF U.3 SC SSD/KCM6XVUL3T20","NVMe","ESXi 9.1"," "
"Hewlett Packard Enterprise","MTFDLBQ3T8THA-1BK1JABHA","NVMe","ESXi 9.1"," "
"Hewlett Packard Enterprise","PE47825-B21 HPE 7.68TB NVMe RI SFF SCN U.2 MV SSD","NVMe","ESXi 9.1"," "
"Hewlett Packard Enterprise","P20205-H21 HPE 3.2TB NVMe MAIN MU SFF SCN U.3 SSD/KCD6XVUL3T20","NVMe","ESXi 9.1"," "
"Hewlett Packard Enterprise","HPE 3.2TB NVMe MU BC U.3ST SPDM MV SSD / P81657-B21
 P81656-H21
 P81656-K21","NVMe","ESXi 9.1"," "
"Hewlett Packard Enterprise","P20098-B21 HPE 3.2TB NVMe PERF MU SFF U.3 SCN SSD/KCM6XVUL3T20","NVMe","ESXi 9.1"," "
"Hewlett Packard Enterprise","HPE 960GB NVMe x4 RI SFF SCN DS SSD/VO000960KWUEA","NVMe","ESXi 9.1"," "
"Hewlett Packard Enterprise","P13676-B21 HPE 960GB NVMe x4 RI SFF SCN DS SSD","NVMe","ESXi 9.1"," "
"Hewlett Packard Enterprise","P13678-B21 HPE 1.92TB NVMe x4 RI SFF SCN DS SSD","NVMe","ESXi 9.1"," "
"Hewlett Packard Enterprise","P13680-B21 HPE 3.84TB NVMe x4 RI SFF SCN DS SSD","NVMe","ESXi 9.1"," "
"Hewlett Packard Enterprise","P13682-B21 HPE 7.68TB NVMe x4 RI SFF SCN DS SSD","NVMe","ESXi 9.1"," "
"Hewlett Packard Enterprise","P20207-H21 HPE 6.4TB NVMe MAIN MU SFF SCN U.3 SSD/KCD6XVUL6T40","NVMe","ESXi 9.1"," "
"Hewlett Packard Enterprise","HPE 1.92TB NVMe RI E3S EC1 PM9D3a SSD","NVMe","ESXi 9.1"," "
"Hewlett Packard Enterprise","P22276-B21 ; P22276-H21 ; P22276-K21  HPE 1.92TB NVMe x4 RI SFF SCN U.3  SSD","NVMe","ESXi 9.1"," "
"Hewlett Packard Enterprise","PE47847-B21 HPE 7.68TB NVMe RI SFF BC U.3ST MV SSD","NVMe","ESXi 9.1"," "
"Hewlett Packard Enterprise","HPE SN1620E2P 32Gb 2p FC HBA","FC","ESXi 9.1"," "
"Hewlett Packard Enterprise","SN1600Q-1P","FC","ESXi 9.1"," "
"Hewlett Packard Enterprise","HPE 1.6TB NVMe MU BC U.3ST SPDM MV SSD / P81655-B21
 P81654-H21
 P81654-K21","NVMe","ESXi 9.1"," "
"Hewlett Packard Enterprise","P22278-B21 ; P22278-H21 ; P22278-K21  HPE 3.84TB NVMe x4 RI SFF SCN U.3  SSD","NVMe","ESXi 9.1"," "
"Hewlett Packard Enterprise","P47836-H21 HPE 6.4TB NVMe MU SFF SC U.3ST MV SSD","NVMe","ESXi 9.1"," "
"Hewlett Packard Enterprise","P47820-H21 HPE 1.6TB NVMe MU SFF SCN U.2 MV SSD","NVMe","ESXi 9.1"," "
"Hewlett Packard Enterprise","P10224-B21 HPE 3.2TB NVMe x4 MU SFF SCN DS SSD","NVMe","ESXi 9.1"," "
"Hewlett Packard Enterprise","P13674-B21 HPE 6.4TB NVMe x4 MU SFF SCN DS SSD","NVMe","ESXi 9.1"," "
"Hewlett Packard Enterprise","P47835-H21 HPE 3.2TB NVMe MU SFF SC U.3ST MV SSD","NVMe","ESXi 9.1"," "
"Hewlett Packard Enterprise","Broadcom BCM57608 Ethernet 100Gb 2-port QSFP112 OCP3 Adapter for HPE","Network","ESXi 9.1"," "
"Hewlett Packard Enterprise","P20090-H21 HPE 6.4TB NVMe PERF MU SFF U.3 SC SSD/KCM6XVUL6T40","NVMe","ESXi 9.1"," "
"Hewlett Packard Enterprise","HPE Synergy 6820c 25/50GbE Converged Network Adapter (FCoE)","FCoE CNAs","ESXi 9.1","Restricted"
"Hewlett Packard Enterprise","HPE Synergy 6820c 25/50GbE Converged Network Adapter","Network","ESXi 9.1","Restricted"
"Hewlett Packard Enterprise","P44584-H21 HPE 1.6TB NVMe MU SC FIPS U.3 CM6 SSD","NVMe","ESXi 9.1"," "
"Hewlett Packard Enterprise","HPE Synergy 6820c 25/50GbE Converged Network Adapter (SR-IOV)","Network","ESXi 9.1","Restricted"
"Hewlett Packard Enterprise","HPE Synergy 6820c 25/50GbE Converged Network Adapter (iSCSI)","iSCSI","ESXi 9.1","Restricted"
"Hewlett Packard Enterprise","P20090-B21 HPE 6.4TB NVMe PERF MU SFF U.3 SC SSD/KCM6XVUL6T40","NVMe","ESXi 9.1"," "
"Hewlett Packard Enterprise","P40565-B21 ; P40565-K21  HPE 1.92TB NVMe RI BC U.3 PM1733 SSD","NVMe","ESXi 9.1"," "
"Hewlett Packard Enterprise","HPE Ethernet 10Gb 2-port 568FLR-MMT Adapter","Network","ESXi 9.1"," "
"Hewlett Packard Enterprise","DRV
 960GB NVMe RI SFF PE8110 SSD-SKH
 VO000960KXPRU","NVMe","ESXi 9.1"," "
"Hewlett Packard Enterprise","DRV
 1.92TB NVMe RI SFF PE8110 SSD-SKH
 VO001920KXPTN","NVMe","ESXi 9.1"," "
"Hewlett Packard Enterprise","DRV
 7.68TB NVMe RI SFF PE8110 SSD-SKH
 VO007680KXPTQ","NVMe","ESXi 9.1"," "
"Hewlett Packard Enterprise","DRV
 800GB NVMe MU SFF PE8130 SSD-SKH
 MO000800KXPRV","NVMe","ESXi 9.1"," "
"Hewlett Packard Enterprise","DRV
 1.6TB NVMe MU SFF PE8130 SSD-SKH
 MO001600KXPTR","NVMe","ESXi 9.1"," "
"Hewlett Packard Enterprise","DRV
 6.4TB NVMe MU SFF PE8130 SSD-SKH
 MO006400KXPTU","NVMe","ESXi 9.1"," "
"Hewlett Packard Enterprise","877994-B21  HPE 1.6TB NVMe x4 MU SFF SCN DS SSD","NVMe","ESXi 9.1"," "
"Hewlett Packard Enterprise","HPE Smart Array P408i-p SR Gen10","SAS","ESXi 9.1"," "
"Hewlett Packard Enterprise","SN1610Q – 1P Enhanced 32GFC Single Port Fibre Channel Host Bus Adapter","FC","ESXi 9.1"," "
"Hewlett Packard Enterprise","SN1610Q – 2P Enhanced 32GFC Dual Port Fibre Channel Host Bus Adapter","FC","ESXi 9.1"," "
"Hewlett Packard Enterprise","HPE Smart Array P408e-p SR Gen10","SAS","ESXi 9.1"," "
"Hewlett Packard Enterprise","HPE Smart Array P204i-c SR Gen10","SAS","ESXi 9.1"," "
"Hewlett Packard Enterprise","P50225-B21;P50225-H21;P50225-K21 HPE 1.6TB NVMe MU SCN U.3 PM1735a SSD","NVMe","ESXi 9.1"," "
"Hewlett Packard Enterprise","P50226-B21;P50226-H21;P50226-K21 HPE 1.6TB NVMe MU SFF SC U.3 PM1735a SSD","NVMe","ESXi 9.1"," "
"Hewlett Packard Enterprise","P50227-B21;P50227-H21;P50227-K21 HPE 1.6TB NVMe MU SFF BC U.3 PM1735a SSD","NVMe","ESXi 9.1"," "
"Hewlett Packard Enterprise","P44596-H21 HPE 3.2TB NVMe MU SCN FIPS U.3 CM6 SSD","NVMe","ESXi 9.1"," "
"Hewlett Packard Enterprise","P50229-B21;P50229-H21;P50229-K21 HPE 3.2TB NVMe MU SFF SC U.3 PM1735a SSD","NVMe","ESXi 9.1"," "
"Hewlett Packard Enterprise","HPE Ethernet 10Gb 2-port 568FLR-MMSFP+ Adapter","Network","ESXi 9.1"," "
"Hewlett Packard Enterprise","HPE Ethernet 10Gb 2-port 568i Adapter","Network","ESXi 9.1"," "
"Hewlett Packard Enterprise","HPE Ethernet 1Gb 2-port 368FLR-MMT Adapter","Network","ESXi 9.1"," "
"Hewlett Packard Enterprise","MTFDLBQ6T4THB-1BK1JABHA","NVMe","ESXi 9.1"," "
"Hewlett Packard Enterprise","P47823-K21 HPE 1.92TB NVMe RI SFF SCN U.2 MV SSD","NVMe","ESXi 9.1"," "
"Hewlett Packard Enterprise","HPE Edgeline 960GB NVMe x4 MU M.2 22110 XTEMP SSD P05892-B21","NVMe","ESXi 9.1"," "
"Hewlett Packard Enterprise","HPE Edgeline 1.92TB NVMe x4 MU M.2 22110 XTEMP SSD P05896-B21","NVMe","ESXi 9.1"," "
"Hewlett Packard Enterprise","HPE Edgeline 3.84TB NVMe x4 MU M.2 22110 XTEMP SSD P05900-B21","NVMe","ESXi 9.1"," "
"Hewlett Packard Enterprise","P50215-B21;P50215-H21;P50215-K21 HPE 1.92TB NVMe RI SC U.3 PM1733a SSD","NVMe","ESXi 9.1"," "
"Hewlett Packard Enterprise","P50216-B21;P50216-H21;P50216-K21 HPE 1.92TB NVMe RI BC U.3 PM1733a SSD","NVMe","ESXi 9.1"," "
"Hewlett Packard Enterprise","P50217-B21;P50217-H21;P50217-K21 HPE 3.84TB NVMe RI SCN U.3 PM1733a SSD","NVMe","ESXi 9.1"," "
"Hewlett Packard Enterprise","P20005-H21 HPE 960GB NVMe PERF RI SFF SC U.3 SSD/KCM6XRUL960G","NVMe","ESXi 9.1"," "
"Hewlett Packard Enterprise","P50219-B21;P50219-H21;P50219-K21 HPE 3.84TB NVMe RI BC U.3 PM1733a SSD","NVMe","ESXi 9.1"," "
"Hewlett Packard Enterprise","P50231-B21;P50231-H21;P50231-K21 HPE 6.4TB NVMe MU SCN U.3 PM1735a SSD","NVMe","ESXi 9.1"," "
"Hewlett Packard Enterprise","P50232-B21;P50232-H21;P50232-K21 HPE 6.4TB NVMe MU SFF SC U.3 PM1735a SSD","NVMe","ESXi 9.1"," "
"Hewlett Packard Enterprise","765036-B21 HPE 800GB NVMe x4 MU SFF SCN SSD","NVMe","ESXi 9.1"," "
"Hewlett Packard Enterprise","P50220-B21;P50220-H21;P50220-K21 HPE 7.68TB NVMe RI SCN U.3 PM1733a SSD","NVMe","ESXi 9.1"," "
"Hewlett Packard Enterprise","P50221-B21;P50221-H21;P50221-K21 HPE 7.68TB NVMe RI SC U.3 PM1733a SSD","NVMe","ESXi 9.1"," "
"Hewlett Packard Enterprise","P50222-B21;P50222-H21;P50222-K21 HPE 7.68TB NVMe RI BC U.3 PM1733a SSD","NVMe","ESXi 9.1"," "
"Hewlett Packard Enterprise","P20017-H21 HPE 1.92TB NVMe PERF RI SFF SCN U.3 SSD/KCM6XRUL1T92","NVMe","ESXi 9.1"," "
"Hewlett Packard Enterprise","HPE Ethernet 10Gb 2-port 535FLR-T Adapter","Network","ESXi 9.1"," "
"Hewlett Packard Enterprise","HPE Smart Array E208e-p SR Gen10 Controller","SAS","ESXi 9.1"," "
"Hewlett Packard Enterprise","P50223-B21;P50223-H21;P50223-K21 HPE 15.36TB NVMe RI SC U.3 PM1733a SSD","NVMe","ESXi 9.1"," "
"Hewlett Packard Enterprise","P50224-B21;P50224-H21;P50224-K21 HPE 15.36TB NVMe RI BC U.3 PM1733a SSD","NVMe","ESXi 9.1"," "
"Hewlett Packard Enterprise","P20092-H21 HPE 12.8TB NVMe PERF MU SFF U.3 SC SSD/KCM6XVUL12T8","NVMe","ESXi 9.1"," "
"Hewlett Packard Enterprise","P40513-B21; P40513-H21; P40513-K21 HPE 480GB NVMe RI M.2 22110 MV SSD","NVMe","ESXi 9.1"," "
"Hewlett Packard Enterprise","HPE 1.92TB NVMe RI U.2 P5520 SSD","NVMe","ESXi 9.1"," "
"Hewlett Packard Enterprise","P20086-B21 HPE 1.6TB NVMe PERF MU SFF  U.3 SC SSD/KCM6XVUL1T60","NVMe","ESXi 9.1"," "
"Hewlett Packard Enterprise","P20139-B21 HPE 1.92TB NVMe MAIN RI SFF SCN U.3 SSD/KCD6XLUL1T92","NVMe","ESXi 9.1"," "
"Hewlett Packard Enterprise","HPE 7.68TB NVMe RI U.2 P5520 SSD","NVMe","ESXi 9.1"," "
"Hewlett Packard Enterprise","HPE Smart Array E208i-c SR Gen10 Controller","SAS","ESXi 9.1"," "
"Hewlett Packard Enterprise","HPE 1.6TB NVMe MU U.2 P5620 SSD","NVMe","ESXi 9.1"," "
"Hewlett Packard Enterprise","HPE 3.2TB NVMe MU U.2 P5620 SSD","NVMe","ESXi 9.1"," "
"Hewlett Packard Enterprise","P4846-K21 HPE 3.84TB NVMe RI SFF BC U.3ST MV SSD","NVMe","ESXi 9.1"," "
"Hewlett Packard Enterprise","HPE Smart Array P816i-a SR Gen10 Controller","SAS","ESXi 9.1"," "
"Hewlett Packard Enterprise","HPE 6.4TB NVMe MU U.2 P5620 SSD","NVMe","ESXi 9.1"," "
"Hewlett Packard Enterprise","HPE Smart Array P416ie-m SR Gen10 Controller","SAS","ESXi 9.1"," "
"Hewlett Packard Enterprise","Marvell FastLinQ 41000 Series - 2P 10GbE  SFP+ QL41132HQCU-HC OCP3 Adapter (SR-IOV)","Network","ESXi 9.1","Restricted"
"Hewlett Packard Enterprise","Marvell FastLinQ 41000 Series - 4P 10GbE SFP+ QL41134HLCU-HC MD2 Adapter","Network","ESXi 9.1","Restricted"
"Hewlett Packard Enterprise","Marvell FastLinQ 41000 Series - 4P 10GbE SFP+ QL41134HLCU-HC MD2 Adapter (SR-IOV)","Network","ESXi 9.1","Restricted"
"Hewlett Packard Enterprise","Marvell FastLinQ 41000 Series - 2P 25GbE SFP28 QL41232HQCU-HC OCP3 Adapter","Network","ESXi 9.1","Restricted"
"Hewlett Packard Enterprise","Marvell FastLinQ 41000 Series - 2P 25GbE SFP28 QL41232HQCU-HC OCP3 Adapter (SR-IOV)","Network","ESXi 9.1","Restricted"
"Hewlett Packard Enterprise","Marvell FastLinQ 41000 Series - 2P 25GbE SFP28 QL41232HLCU-HC MD2 Adapter","Network","ESXi 9.1","Restricted"
"Hewlett Packard Enterprise","Marvell FastLinQ 41000 Series - 2P 10GbE SFP+ QL41132HLCU-HC MD2 Adapter","Network","ESXi 9.1","Restricted"
"Hewlett Packard Enterprise","Marvell FastLinQ 41000 Series - 2P 10GbE SFP+ QL41132HLCU-HC MD2 Adapter (SR-IOV)","Network","ESXi 9.1","Restricted"
"Hewlett Packard Enterprise","Marvell FastLinQ 41000 Series - 2P 10GbE 10GBASE-T QL41132HQRJ-HC OCP3 Adapter","Network","ESXi 9.1","Restricted"
"Hewlett Packard Enterprise","Marvell FastLinQ 41000 Series - 2P 10GbE 10GBASE-T QL41132HQRJ-HC OCP3 Adapter (SR-IOV)","Network","ESXi 9.1","Restricted"
"Hewlett Packard Enterprise","HPE 7.68TB NVMe RI E3S EC1 FIPS CM7 SSD","NVMe","ESXi 9.1"," "
"Hewlett Packard Enterprise","Marvell FastLinQ 41000 Series - 2P 10GbE 10GBASE-T QL41132HLRJ-HC MD2 Adapter","Network","ESXi 9.1","Restricted"
"Hewlett Packard Enterprise","Marvell FastLinQ 41000 Series - 2P 10GbE 10GBASE-T QL41132HLRJ-HC MD2 Adapter (SR-IOV)","Network","ESXi 9.1","Restricted"
"Hewlett Packard Enterprise","P47838-B21 HPE 1.6TB NVMe MU SFF BC U.3ST MV SSD","NVMe","ESXi 9.1"," "
"Hewlett Packard Enterprise","HPE 750GB PCIe x4 WI HH DS Card","NVMe","ESXi 9.1","Restricted"
"Hewlett Packard Enterprise","P47840-K21 HPE 6.4TB NVMe MU SFF BC U.3ST MV SSD","NVMe","ESXi 9.1"," "
"Hewlett Packard Enterprise","P47837-H21 HPE 800GB NVMe MU SFF BC U.3ST MV SSD","NVMe","ESXi 9.1"," "
"Hewlett Packard Enterprise","877986-K21 HPE 2TB NVMe x4 RI SFF SCN DS SSD","NVMe","ESXi 9.1"," "
"Hewlett Packard Enterprise","P47821-H21 HPE 3.2TB NVMe MU SFF SCN U.2 MV SSD","NVMe","ESXi 9.1"," "
"Hewlett Packard Enterprise","P03614-H21 HPE 3.2TB NVMe x4 MU SFF RW DS SSD","NVMe","ESXi 9.1"," "
"Hewlett Packard Enterprise","P03614-K21 HPE 3.2TB NVMe x4 MU SFF RW DS SSD","NVMe","ESXi 9.1"," "
"Hewlett Packard Enterprise","P13695-K21 HPE 2TB NVMe x4 RI SFF SCN DS SSD","NVMe","ESXi 9.1"," "
"Hewlett Packard Enterprise","HPE 3.84TB NVMe x4 RI SFF SCN DS SSD/VO003840KWUEC","NVMe","ESXi 9.1"," "
"Hewlett Packard Enterprise","P13697-K21 HPE 4TB NVMe x4 RI SFF SCN DS SSD","NVMe","ESXi 9.1"," "
"Hewlett Packard Enterprise","P13699-K21 HPE 1.6TB NVMe x4 MU SFF SCN DS SSD","NVMe","ESXi 9.1"," "
"Hewlett Packard Enterprise","P13703-K21 HPE 6.4TB NVMe x4 MU SFF SCN DS SSD","NVMe","ESXi 9.1"," "
"Hewlett Packard Enterprise","P24188-B21 HPE 480GB NVMe x4 RI M.2 22110 DS SSD","NVMe","ESXi 9.1"," "
"Hewlett Packard Enterprise","P13689-B21 HPE 960GB NVMe x4 RI M.2 22110 DS SSD","NVMe","ESXi 9.1"," "
"Hewlett Packard Enterprise","P13691-B21 HPE 1.92TB NVMe x4 RI M.2 22110 DS SSD","NVMe","ESXi 9.1"," "
"Hewlett Packard Enterprise","P13693-B21 HPE 3.84TB NVMe x4 RI M.2 22110 DS SSD","NVMe","ESXi 9.1"," "
"Hewlett Packard Enterprise","P24188-H21 HPE 480GB NVMe x4 RI M.2 22110 DS SSD","NVMe","ESXi 9.1"," "
"Hewlett Packard Enterprise","P13689-H21 HPE 960GB NVMe x4 RI M.2 22110 DS SSD","NVMe","ESXi 9.1"," "
"Hewlett Packard Enterprise","P13691-H21 HPE 1.92TB NVMe x4 RI M.2 22110 DS SSD","NVMe","ESXi 9.1"," "
"Hewlett Packard Enterprise","P13693-H21 HPE 3.84TB NVMe x4 RI M.2 22110 DS SSD","NVMe","ESXi 9.1"," "
"Hewlett Packard Enterprise","P26538-B21 ; P26538-H21  HPE 960GB NVMe x4 RI SFF SC U.3 SSD","NVMe","ESXi 9.1"," "
"Hewlett Packard Enterprise","P24188-K21 HPE 480GB NVMe x4 RI M.2 22110 DS SSD","NVMe","ESXi 9.1"," "
"Hewlett Packard Enterprise","P13689-K21 HPE 960GB NVMe x4 RI M.2 22110 DS SSD","NVMe","ESXi 9.1"," "
"Hewlett Packard Enterprise","P47845-B21 ; P47845-K21  HPE 1.92TB NVMe RI SFF BC U.3 Static MV SSD","NVMe","ESXi 9.1"," "
"Hewlett Packard Enterprise","P13693-K21 HPE 3.84TB NVMe x4 RI M.2 22110 DS SSD","NVMe","ESXi 9.1"," "
"Hewlett Packard Enterprise","P47846-B21 ; P47846-K21 HPE 3.84TB NVMe RI SFF BC U.3 Static MV SSD","NVMe","ESXi 9.1"," "
"Hewlett Packard Enterprise","P47847-B21 
P47847-K21 HPE 7.68TB NVMe RI SFF BC U.3 Static MV SSD","NVMe","ESXi 9.1"," "
"Hewlett Packard Enterprise","P13697-H21 HPE 4TB NVMe x4 RI SFF SCN DS SSD","NVMe","ESXi 9.1"," "
"Hewlett Packard Enterprise","Intel E810-XXVDA4 Ethernet 10/25Gb 4-port SFP28 MCLK Adapter for HPE","Network","ESXi 9.1"," "
"Hewlett Packard Enterprise","P13699-H21 HPE 1.6TB NVMe x4 MU SFF SCN DS SSD","NVMe","ESXi 9.1"," "
"Hewlett Packard Enterprise","P13701-H21 HPE 3.2TB NVMe x4 MU SFF SCN DS SSD","NVMe","ESXi 9.1"," "
"Hewlett Packard Enterprise","P13703-H21 HPE 6.4TB NVMe x4 MU SFF SCN DS SSD","NVMe","ESXi 9.1"," "
"Hewlett Packard Enterprise","877986-H21 HPE 2TB NVMe x4 RI SFF SCN DS SSD","NVMe","ESXi 9.1"," "
"Hewlett Packard Enterprise","HPE Ethernet 10/25Gb 2-port SFP28 BCM57414 Adapter","Network","ESXi 9.1"," "
"Hewlett Packard Enterprise","HPE SN1700E 64Gb 2P FC HBA","FC","ESXi 9.1"," "
"Hewlett Packard Enterprise","HPE SN1700E 64Gb 1P FC HBA","FC","ESXi 9.1"," "
"Hewlett Packard Enterprise","P44568-H21 HPE 1.92TB NVMe RI SC FIPS U.3 CM6 SSD","NVMe","ESXi 9.1"," "
"Hewlett Packard Enterprise","DRV
 3.84TB NVMe RI SFF PE8110 SSD-SKH
 VO003840KXPTP","NVMe","ESXi 9.1"," "
"Hewlett Packard Enterprise","Broadcom BCM5719 Ethernet 1Gb 4-port Base-T OCP3 Adapter for HPE","Network","ESXi 9.1"," "
"Hewlett Packard Enterprise","Broadcom BCM5720 Ethernet 1Gb 2-port BASE-T LOM Adapter for HPE","Network","ESXi 9.1"," "
"Hewlett Packard Enterprise","P13672-B21 HPE 3.2TB NVMe x4 MU SFF SCN DS SSD","NVMe","ESXi 9.1"," "
"Hewlett Packard Enterprise","HPE Ethernet 10/25Gb 2-port 641SFP28 Adapter","Network","ESXi 9.1"," "
"Hewlett Packard Enterprise","HPE Ethernet 10Gb 2-port 548SFP+ Adapter","Network","ESXi 9.1"," "
"Hewlett Packard Enterprise","DRV
 3.2TB NVMe MU SFF PE8130 SSD-SKH
 MO003200KXPTT","NVMe","ESXi 9.1"," "
"Hewlett Packard Enterprise","P20135-B21 HPE 7.68TB NVMe MAIN RI SFF SC U.3 SSD/KCD6XLUL7T68","NVMe","ESXi 9.1"," "
"Hewlett Packard Enterprise","HPE Ethernet 100Gb 2-port QSFP28 MCX516A-CCHT Adapter","Network","ESXi 9.1"," "
"Hewlett Packard Enterprise","HPE Smart Array P408i-a SR Gen10","SAS","ESXi 9.1"," "
"Hewlett Packard Enterprise","P19817-H21 HPE 3.84TB NVMe MAIN RI SFF SCN U.3 SSD","NVMe","ESXi 9.1"," "
"Hewlett Packard Enterprise","HPE Ethernet 10/25Gb 2-port SFP28 MCX4621A-ACAB OCP3 Adapter","Network","ESXi 9.1"," "
"Hewlett Packard Enterprise","HPE 15.36TB NVMe RI BC U.3 7500b SSD","NVMe","ESXi 9.1"," "
"Hewlett Packard Enterprise","P22282-B21 ; P22278-H21 ; P22278-K21  HPE 15.36TB NVMe x4 RI SFF SCN U.3  SSD","NVMe","ESXi 9.1"," "
"Hewlett Packard Enterprise","HPE 7.68TB NVMe RI E3S EC1 CM7 SSD / P61183-B21
P61183-H21
P61183-K21","NVMe","ESXi 9.1"," "
"Hewlett Packard Enterprise","HPE Smart Array P408i-c SR Gen10","SAS","ESXi 9.1"," "
"Hewlett Packard Enterprise","Intel E810-XXVDA2 Ethernet 10/25Gb 2-port SFP28 OCP3 Adapter for HPE","Network","ESXi 9.1"," "
"Hewlett Packard Enterprise","HPE Ethernet 10/25Gb 2-port SFP28 BCM57414 OCP3 Adapter","Network","ESXi 9.1"," "
"Hewlett Packard Enterprise","Intel E810-CQDA2 Ethernet 100Gb 2-port QSFP28 OCP3 Adapter for HPE","Network","ESXi 9.1"," "
"Hewlett Packard Enterprise","HPE 800GB NVMe MAIN MU SFF SCN U.3 SSD/KCD6XVUL800G","NVMe","ESXi 9.1"," "
"Hewlett Packard Enterprise","HPE 3.2TB NVMe MAIN MU SFF SCN U.3 SSD/KCD6XVUL3T20","NVMe","ESXi 9.1"," "
"Hewlett Packard Enterprise","P03612-B21 HPE 1.6TB NVMe x4 MU SFF RW DS SSD","NVMe","ESXi 9.1"," "
"Hewlett Packard Enterprise","HPE 6.4TB NVMe MAIN MU SFF SCN U.3 SSD/KCD6XVUL6T40","NVMe","ESXi 9.1"," "
"Hewlett Packard Enterprise","HPE 960GB NVMe PERF RI SFF SCN U.3 SSD/KCM6XRUL960G","NVMe","ESXi 9.1"," "
"Hewlett Packard Enterprise","P47839-B21 HPE 3.2TB NVMe MU SFF BC U.3ST MV SSD","NVMe","ESXi 9.1"," "
"Hewlett Packard Enterprise","HPE 400GB NVMe WI U.2 SSD","NVMe","ESXi 9.1"," "
"Hewlett Packard Enterprise","P50228-B21;P50228-H21;P50228-K21 HPE 3.2TB NVMe MU SCN U.3 PM1735a SSD","NVMe","ESXi 9.1"," "
"Hewlett Packard Enterprise","P50230-B21;P50230-H21;P50230-K21 HPE 3.2TB NVMe MU SFF BC U.3 PM1735a SSD","NVMe","ESXi 9.1"," "
"Hewlett Packard Enterprise","HPE InfiniBand NDR/Ethernet 1-port OSFP PCIe5 x16 MCX75310AAS-NEAT Adapter","Network","ESXi 9.1"," "
"Hewlett Packard Enterprise","HPE 7.68TB NVMeRI SFF BC U.3ST V2 MV SSD","NVMe","ESXi 9.1"," "
"Hewlett Packard Enterprise","HPE Ethernet 1Gb 2-port 368i Adapter","Network","ESXi 9.1"," "
"Hewlett Packard Enterprise","HPE SR416ie-m Gen11","SAS-SATA-NVME Tri-mode RAID","ESXi 9.1"," "
"Hewlett Packard Enterprise","HPE SR932i-p Gen11","SAS-SATA-NVME Tri-mode RAID","ESXi 9.1"," "
"Hewlett Packard Enterprise","HPE 1.6TB NVMe x4 MU SFF SCN DS SSD/MO001600KWUDT","NVMe","ESXi 9.1"," "
"Hewlett Packard Enterprise","HPE Ethernet 1Gb 4-port 369i Adapter","Network","ESXi 9.1"," "
"Hewlett Packard Enterprise","HPE 800G NVMe MU SFF BC U.3ST V2 MV SSD","NVMe","ESXi 9.1"," "
"Hewlett Packard Enterprise","HPE 800GB NVMe PERF MU SFF U.3 SCN SSD/KCM6XVUL800G","NVMe","ESXi 9.1"," "
"Hewlett Packard Enterprise","HPE Ethernet 100Gb 2-port QSFP56 MCX623106AS-CDAT Adapter(P25962-001/P25960-B21)","Network","ESXi 9.1"," "
"Hewlett Packard Enterprise","HPE 960GB NVMe MAIN RI SFF SCN U.3 SSD/KCD6XLUL960G","NVMe","ESXi 9.1"," "
"Hewlett Packard Enterprise","HPE 3.84T NVMe RI SFF BC U.3ST V2 MV SSD","NVMe","ESXi 9.1"," "
"Hewlett Packard Enterprise","P50214-B21;P50214-H21;P50214-K21 HPE 1.92TB NVMe RI SCN U.3 PM1733a SSD","NVMe","ESXi 9.1"," "
"Hewlett Packard Enterprise","HPE Ethernet 200Gb 1-port QSFP56 MCX623105AS-VDAT Adapter(P10180-B21)","Network","ESXi 9.1"," "
"Hewlett Packard Enterprise","P50218-B21;P50218-H21;P50218-K21 HPE 3.84TB NVMe RI SC U.3 PM1733a SSD","NVMe","ESXi 9.1"," "
"Hewlett Packard Enterprise","HPE 3.2T NVMe MU SFF SC U.3ST V2 MV SSD","NVMe","ESXi 9.1"," "
"Hewlett Packard Enterprise","HPE Storefabric SN1610E 32Gb 2P FC HBA","FC","ESXi 9.1"," "
"Hewlett Packard Enterprise","HPE 6.4T NVMe MU SFF BC U.3ST V2 MV SSD","NVMe","ESXi 9.1"," "
"Hewlett Packard Enterprise","HPE InfiniBand HDR/Ethernet 200Gb 2-port QSFP56 MCX653436A-HDAI OCP3 PCIe4 x16 Adapter","Network","ESXi 9.1"," "
"Hewlett Packard Enterprise","P50233-B21;P50233-H21;P50233-K21 HPE 6.4TB NVMe MU SFF BC U.3 PM1735a SSD","NVMe","ESXi 9.1"," "
"Hewlett Packard Enterprise","HPE Ethernet 100Gb 1-port QSFP28 MCX515A-CCAT PCIe3 x16 Adapter","Network","ESXi 9.1"," "
"Hewlett Packard Enterprise","HPE InfiniBand HDR/Ethernet 200Gb 1-port QSFP56 MCX653435A-HDAI OCP3 PCIe4 x16 Adapter","Network","ESXi 9.1"," "
"Hewlett Packard Enterprise","P26936-B21 HPE 3.2TB PCIe x8 MU HH DS Card","NVMe","ESXi 9.1"," "
"Hewlett Packard Enterprise","764904-B21 HPE 400GB NVMe x4 RI SFF SCN SSD","NVMe","ESXi 9.1"," "
"Hewlett Packard Enterprise","Pensando DSC25v2 10/25G 2p 32G Spl Card","DPU","ESXi 9.1"," "
"Hewlett Packard Enterprise","P16501-K21 HPE 1.92TB NVMe x4 RI SFF SCN U.3 DS SSD","NVMe","ESXi 9.1"," "
"Hewlett Packard Enterprise","764906-B21 HPE 1.2TB NVMe x4 RI SFF SCN SSD","NVMe","ESXi 9.1"," "
"Hewlett Packard Enterprise","Broadcom BCM57504 Ethernet 10/25Gb 4-port SFP28 OCP3 Adapter for HPE","Network","ESXi 9.1"," "
"Hewlett Packard Enterprise","764908-B21 HPE 2TB NVMe x4 RI SFF SCN SSD","NVMe","ESXi 9.1"," "
"Hewlett Packard Enterprise","HPE Ethernet 10Gb 2-port BaseT BCM57416 OCP3 Adapter","Network","ESXi 9.1"," "
"Hewlett Packard Enterprise","765034-B21 HPE 400GB NVMe x4 MU SFF SCN SSD","NVMe","ESXi 9.1"," "
"Hewlett Packard Enterprise","P20098-H21 HPE 3.2TB NVMe PERF MU SFF U.3 SCN SSD/KCM6XVUL3T20","NVMe","ESXi 9.1"," "
"Hewlett Packard Enterprise","HPE NS204i-p Gen10+ Boot Controller","NVMe","ESXi 9.1"," "
"Hewlett Packard Enterprise","HPE NS204i-s Gen10+ Boot Controller","NVMe","ESXi 9.1"," "
"Hewlett Packard Enterprise","HPE NS204i-t Gen10+ Boot Controller","NVMe","ESXi 9.1"," "
"Hewlett Packard Enterprise","HPE NS204i-d Gen10+ Boot Controller","NVMe","ESXi 9.1"," "
"Hewlett Packard Enterprise","HPE NS204i-r Gen10+ Boot Controller","NVMe","ESXi 9.1"," "
"Hewlett Packard Enterprise","HPE MR216i-a Gen10+","SAS-SATA-NVME Tri-mode","ESXi 9.1"," "
"HGST","HGST Ultrastar SN200 Series PCIe SSD HUSMR7680BDP301 (800GB
 2.5-inch
 3DWPD)","NVMe","ESXi 9.1"," "
"HGST","HGST Ultrastar SN200 Series PCIe SSD HUSMR7696BDP3Y1 (960GB
 2.5-inch
 1DWPD)","NVMe","ESXi 9.1"," "
"HGST","HGST Ultrastar SN200 Series PCIe SSD HUSMR7616BDP301 (1.6TB
 2.5-inch
 3DWPD)","NVMe","ESXi 9.1"," "
"HGST","HGST Ultrastar SN200 Series PCIe SSD HUSMR7619BDP3Y1 (1.92TB
 2.5-inch
 1DWPD)","NVMe","ESXi 9.1"," "
"HGST","HGST Ultrastar SN200 Series PCIe SSD HUSMR7632BDP301 (3.2TB
 2.5-inch
 3DWPD)","NVMe","ESXi 9.1"," "
"HGST","HGST Ultrastar SN200 Series PCIe SSD HUSMR7638BDP3Y1 (3.84TB
 2.5-inch
 1DWPD)","NVMe","ESXi 9.1"," "
"HGST","HGST Ultrastar SN200 Series PCIe SSD HUSMR7664BDP301 (6.4TB
 2.5-inch
 3DWPD)","NVMe","ESXi 9.1"," "
"HGST","HGST Ultrastar SN260 Series PCIe SSD HUSMR7616BHP301 (1.6TB
 AIC-HHHL
 3DWPD)","NVMe","ESXi 9.1"," "
"HGST","HGST Ultrastar SN260 Series PCIe SSD HUSMR7619BHP3Y1 (1.92TB
 AIC-HHHL
 1DWPD)","NVMe","ESXi 9.1"," "
"HGST","HGST Ultrastar SN260 Series PCIe SSD HUSMR7638BHP3Y1 (3.84TB
 AIC-HHHL
 1DWPD)","NVMe","ESXi 9.1"," "
"HGST","HGST Ultrastar SN260 Series PCIe SSD HUSMR7676BHP3Y1 (7.68TB
 AIC-HHHL
 1DWPD)","NVMe","ESXi 9.1"," "
"HGST","HGST Ultrastar SN200 Series PCIe SSD HUSMR7676BDP3Y1 (7.68TB
 2.5-inch
 1DWPD)","NVMe","ESXi 9.1"," "
"HGST","HGST Ultrastar SN260 Series PCIe SSD HUSMR7632BHP301 (3.2TB
 AIC-HHHL
 3DWPD)","NVMe","ESXi 9.1"," "
"HGST","HGST Ultrastar SN260 Series PCIe SSD HUSMR7664BHP301 (6.4TB
 AIC-HHHL
 3DWPD)","NVMe","ESXi 9.1"," "
"Hitachi Vantara","HPE InfiniBand HDR100/Ethernet 100Gb 2-port MCX653106A-ECAT QSFP56 x16 Adapter(P23666-B21/P23666-H21)","Network","ESXi 9.1"," "
"Hitachi Vantara","HPE InfiniBand NDR/Ethernet 1-port OSFP PCIe5 x16 MCX75310AAS-NEAT Adapter(P45641-B21)","Network","ESXi 9.1"," "
"Hitachi Vantara","Mellanox MCX631102AS-ADAT Ethernet 10/25Gb 2-port SFP28 Adapter","Network","ESXi 9.1"," "
"Hitachi Vantara","HPE Ethernet 100Gb 2-port QSFP56 MCX623106AS-CDAT Adapter(P25962-001/P25960-B21)","Network","ESXi 9.1"," "
"Hitachi
Ltd.","Ethernet 10Gb 2-port BaseT BCM57416 OCP3 Adapter","Network","ESXi 9.1"," "
"Hitachi
Ltd.","Ethernet 10Gb 2-port SFP+ BCM57412 OCP3 Adapter","Network","ESXi 9.1"," "
"Hitachi
Ltd.","Ethernet 10/25Gb 2-port SFP28 BCM57414 OCP3 Adapter","Network","ESXi 9.1"," "
"Hitachi
Ltd.","Ethernet 10/25Gb 2-port SFP28 MCX562A-ACAI OCP3 Adapter","Network","ESXi 9.1"," "
"Hitachi
Ltd.","Ethernet 10/25Gb 2-port SFP28 MCX512F-ACHT Adapter","Network","ESXi 9.1"," "
"Hitachi
Ltd.","375GB NVMe x4 WI SFF SCN DS SSD","NVMe","ESXi 9.1","Restricted"
"Hitachi
Ltd.","1.6TB NVMe Perf MU CM6 SSD/KCM6XVUL1T60","NVMe","ESXi 9.1"," "
"Hitachi
Ltd.","800GB NVMe Perf MU CM6 SSD/KCM6XVUL800G","NVMe","ESXi 9.1"," "
"Hitachi
Ltd.","NS204i-r Gen10+ Boot Controller","NVMe","ESXi 9.1"," "
"Hitachi
Ltd.","NS204i-p Gen10+ Boot Controller","NVMe","ESXi 9.1"," "
"Hitachi
Ltd.","MR216i-o Gen11","SAS-SATA-NVME Tri-mode","ESXi 9.1"," "
"Hitachi
Ltd.","MR216i-p Gen11","SAS-SATA-NVME Tri-mode","ESXi 9.1"," "
"Hitachi
Ltd.","MR408i-o Gen11","SAS-SATA-NVME Tri-mode","ESXi 9.1"," "
"Hitachi
Ltd.","MR416i-o Gen11","SAS-SATA-NVME Tri-mode","ESXi 9.1"," "
"Hitachi
Ltd.","MR416i-p Gen11","SAS-SATA-NVME Tri-mode","ESXi 9.1"," "
"Hitachi
Ltd.","Mellanox MCX631432AS-ADAI Ethernet 10/25Gb 2-port SFP28 OCP3 Adapter for Hitachi","Network","ESXi 9.1"," "
"Hitachi
Ltd.","Mellanox MCX631102AS-ADAT Ethernet 10/25Gb 2-port SFP28 Adapter for Hitachi","Network","ESXi 9.1"," "
"Hitachi
Ltd.","P50227-B21 1.6TB NVMe MU SFF BC U.3 PM1735a SSD","NVMe","ESXi 9.1"," "
"Hitachi
Ltd.","P50230-B21 3.2TB NVMe MU SFF BC U.3 PM1735a SSD","NVMe","ESXi 9.1"," "
"Hitachi
Ltd.","P50233-B21 6.4TB NVMe MU SFF BC U.3 PM1735a SSD","NVMe","ESXi 9.1"," "
"Hitachi
Ltd.","TQxNNC-817718-B21 Ethernet 10/25Gb 2-port 631SFP28 Adapter","Network","ESXi 9.1"," "
"Hitachi
Ltd.","NS204i-u Boot Controller","NVMe","ESXi 9.1"," "
"Hitachi
Ltd.","Tx-Sxx-P47840-B21 6.4TB NVMe MU SFF BC U.3ST MV SSD","NVMe","ESXi 9.1"," "
"Hitachi
Ltd.","Ethernet 100Gb 2-port QSFP56 MCX623106AS-CDAT Adapter(P25960-B21)","Network","ESXi 9.1"," "
"Hitachi
Ltd.","P50216-B21 1.92TB NVMe RI BC U.3 PM1733a SSD","NVMe","ESXi 9.1"," "
"Hitachi
Ltd.","1.6TB NVMe MU BC FIPS U.3 CM7 SSD","NVMe","ESXi 9.1"," "
"Hitachi
Ltd.","Ethernet 10Gb 2-port 562FLR-SFP+ Adapter","Network","ESXi 9.1"," "
"Hitachi
Ltd.","Smart Array E208i-a SR Gen10 Controller","SAS","ESXi 9.1"," "
"Hitachi
Ltd.","Ethernet 10/25Gb 2-port 640FLR-SFP28 Adapter","Network","ESXi 9.1"," "
"Hitachi
Ltd.","SR932i-p Gen11","SAS-SATA-NVME Tri-mode RAID","ESXi 9.1"," "
"Hitachi
Ltd.","DRV
 800GB NVMe MU SFF PE8130 SSD-SKH
 MO000800KXPRV","NVMe","ESXi 9.1"," "
"Hitachi
Ltd.","DRV
 3.84TB NVMe RI SFF PE8110 SSD-SKH
 VO003840KXPTP","NVMe","ESXi 9.1"," "
"Hitachi
Ltd.","DRV
 1.6TB NVMe MU SFF PE8130 SSD-SKH
 MO001600KXPTR","NVMe","ESXi 9.1"," "
"Hitachi
Ltd.","Ethernet 10/25Gb 2-port 640SFP28 Adapter","Network","ESXi 9.1"," "
"Hitachi
Ltd.","P50222-B21 7.684TB NVMe RI BC U.3 PM1733a SSD","NVMe","ESXi 9.1"," "
"Hitachi
Ltd.","P50224-B21 15.36TB NVMe RI BC U.3 PM1733a SSD","NVMe","ESXi 9.1"," "
"Hitachi
Ltd.","DRV
 960GB NVMe RI SFF PE8110 SSD-SKH
 VO000960KXPRU","NVMe","ESXi 9.1"," "
"Hitachi
Ltd.","Smart Array E208i-p SR Gen10 Controller","SAS","ESXi 9.1"," "
"Hitachi
Ltd.","6.4TB NVMe MU BC FIPS U.3 CM7 SSD","NVMe","ESXi 9.1"," "
"Hitachi
Ltd.","Smart Array P408i-p SR Gen10 Controller","SAS","ESXi 9.1"," "
"Hitachi
Ltd.","Smart Array P816i-a SR Gen10 Controller","SAS","ESXi 9.1"," "
"Hitachi
Ltd.","Ethernet 10Gb 2-port 562SFP+ Adapter","Network","ESXi 9.1"," "
"Hitachi
Ltd.","MR408i-p Gen11","SAS-SATA-NVME Tri-mode","ESXi 9.1"," "
"Hitachi
Ltd.","MV003200KYNVC","NVMe","ESXi 9.1"," "
"Hitachi
Ltd.","VV001920KYNVB","NVMe","ESXi 9.1"," "
"Hitachi
Ltd.","VV003840KYNVE","NVMe","ESXi 9.1"," "
"Hitachi
Ltd.","VV007680KYNVF","NVMe","ESXi 9.1"," "
"Hitachi
Ltd.","Broadcom BCM5719 Ethernet 1Gb 4-port Base-T Adapter for Hitachi","Network","ESXi 9.1"," "
"Hitachi
Ltd.","Broadcom BCM5719 Ethernet 1Gb 4-port Base-T OCP3 Adapter for Hitachi","Network","ESXi 9.1"," "
"Hitachi
Ltd.","3.84TB NVMe RI SFF BC U.3 CM7 SSD","NVMe","ESXi 9.1"," "
"Hitachi
Ltd.","HITACHI SAS 3404 iMR ROMB","SAS","ESXi 9.1"," "
"Hitachi
Ltd.","Tx-Sxx-P47821-B21 3.2TB NVMe MU SFF SCN U.2 MV SSD","NVMe","ESXi 9.1"," "
"Hitachi
Ltd.","Ethernet 10Gb 2-port BaseT BCM57416 Adapter","Network","ESXi 9.1"," "
"Hitachi
Ltd.","Tx-Sxx-P47838-B21 HPE 1.6TB NVMe MU SFF BC U.3ST MV SSD","NVMe","ESXi 9.1"," "
"Hitachi
Ltd.","Smart Array P408i-a SR Gen10 Controller","SAS","ESXi 9.1"," "
"Hitachi
Ltd.","DRV
 1.92TB NVMe RI SFF PE8110 SSD-SKH
 VO001920KXPTN","NVMe","ESXi 9.1"," "
"Hitachi
Ltd.","Ethernet 10Gb 2-port SFP+ BCM57412 Adapter","Network","ESXi 9.1"," "
"Hitachi
Ltd.","DRV
 3.2TB NVMe MU SFF PE8130 SSD-SKH
 MO003200KXPTT","NVMe","ESXi 9.1"," "
"Hitachi
Ltd.","P50219-B21 3.84TB NVMe RI BC U.3 PM1733a SSD","NVMe","ESXi 9.1"," "
"Hitachi
Ltd.","DRV
 6.4TB NVMe MU SFF PE8130 SSD-SKH
 MO006400KXPTU","NVMe","ESXi 9.1"," "
"Hitachi
Ltd.","3.2TB NVMe MU BC FIPS U.3 CM7 SSD","NVMe","ESXi 9.1"," "
"Hitachi
Ltd.","DRV
 7.68TB NVMe RI SFF PE8110 SSD-SKH
 VO007680KXPTQ","NVMe","ESXi 9.1"," "
"Hitachi
Ltd.","Ethernet 10/25Gb 2-port SFP28 BCM57414 Adapter","Network","ESXi 9.1"," "
"Hitachi
Ltd.","Tx-Sxx-P47825-B21 7.68TB NVMe RI SFF SCN U.2 MV SSD","NVMe","ESXi 9.1"," "
"Hitachi
Ltd.","MV001600KYNVA","NVMe","ESXi 9.1"," "
"Hitachi
Ltd.","MV006400KYNVD","NVMe","ESXi 9.1"," "
"Hitachi
Ltd.","VO007680KYFEQ","NVMe","ESXi 9.1"," "
"Hitachi
Ltd.","1.92TB NVMe RI BC FIPS U.3 CM7 SSD","NVMe","ESXi 9.1"," "
"Hitachi
Ltd.","MO003200KYFET","NVMe","ESXi 9.1"," "
"Hitachi
Ltd.","375GB NVMe x4 WI SFF SCN DS SSD","NVMe","ESXi 9.1","Restricted"
"Hitachi
Ltd.","MO006400KYFEU","NVMe","ESXi 9.1"," "
"Hitachi
Ltd.","Ethernet 10Gb 2-port 562FLR-T Adapter","Network","ESXi 9.1"," "
"Hitachi
Ltd.","Ethernet 10Gb 2-port 562T Adapter","Network","ESXi 9.1"," "
"Hitachi
Ltd.","3.84TB NVMe RI BC FIPS U.3 CM7 SSD","NVMe","ESXi 9.1"," "
"Hitachi
Ltd.","OCl14104-U2-HI","Network","ESXi 9.1","Restricted"
"Hitachi
Ltd.","OCl14104-U2-HI","Network","ESXi 9.1","Restricted"
"Hitachi
Ltd.","OCl14104-U2-HI","Network","ESXi 9.1","Restricted"
"Hitachi
Ltd.","SR416i-a Gen10+","SAS-SATA-NVME Tri-mode RAID","ESXi 9.1"," "
"Hitachi
Ltd.","VV015300KYNVH","NVMe","ESXi 9.1"," "
"Hitachi
Ltd.","HPE SR932i-p Gen10+","SAS-SATA-NVME Tri-mode RAID","ESXi 9.1"," "
"Hitachi
Ltd.","7.68TB NVMe RI BC FIPS U.3 CM7 SSD","NVMe","ESXi 9.1"," "
"Hitachi
Ltd.","6.4TB NVMe x4 MU SFF SCN DS SSD","NVMe","ESXi 9.1"," "
"Hitachi
Ltd.","1.6TB NVMe x4 MU SFF SCN DS SSD","NVMe","ESXi 9.1"," "
"Hitachi
Ltd.","3.2TB NVMe x4 MU SFF SCN DS SSD","NVMe","ESXi 9.1"," "
"Hitachi
Ltd.","TQ-SNx-P13697-B21 4TB NVMe x4 RI SFF SCN DS SSD","NVMe","ESXi 9.1"," "
"Hitachi
Ltd.","TQ-SNx-P13695-B21 2TB NVMe x4 RI SFF SCN DS SSD","NVMe","ESXi 9.1"," "
"Hitachi
Ltd.","TQ-SNx-P13701-B21 3.2TB NVMe x4 MU SFF SCN DS SSD","NVMe","ESXi 9.1"," "
"Hitachi
Ltd.","TQ-SNx-P13703-B21 6.4TB NVMe x4 MU SFF SCN DS SSD","NVMe","ESXi 9.1"," "
"Hitachi
Ltd.","TQ-SNx-P06952-B21 750GB NVMe x4 WI SFF SCN DS SSD","NVMe","ESXi 9.1","Restricted"
"Hitachi
Ltd.","TQ-SNx-P13699-B21 1.6TB NVMe x4 MU SFF SCN DS SSD","NVMe","ESXi 9.1"," "
"Hitachi
Ltd.","VO015360KYFER","NVMe","ESXi 9.1"," "
"Hitachi
Ltd.","1.6TB NVMe MU SFF BC U.3 CM7 SSD","NVMe","ESXi 9.1","Restricted"
"Hitachi
Ltd.","3.2TB NVMe MU SFF BC U.3 CM7 SSD","NVMe","ESXi 9.1"," "
"Hitachi
Ltd.","6.4TB NVMe MU SFF BC U.3 CM7 SSD","NVMe","ESXi 9.1"," "
"Hitachi
Ltd.","7.68TB NVMe RI SFF BC U.3 CM7 SSD","NVMe","ESXi 9.1"," "
"Hitachi
Ltd.","15.36TB NVMe RI SFF BC U.3 CM7 SSD","NVMe","ESXi 9.1"," "
"Hitachi
Ltd.","MR216i-a Gen10+","SAS-SATA-NVME Tri-mode","ESXi 9.1"," "
"Hitachi
Ltd.","MR216i-p Gen10+","SAS-SATA-NVME Tri-mode","ESXi 9.1"," "
"Hitachi
Ltd.","MR416i-a Gen10+","SAS-SATA-NVME Tri-mode","ESXi 9.1"," "
"Hitachi
Ltd.","MR416i-p Gen 10+","SAS-SATA-NVME Tri-mode","ESXi 9.1"," "
"Hitachi
Ltd.","TQxNNC-629135-B22 1Gb 4-port 331FLR Adapter","Network","ESXi 9.1"," "
"Hitachi
Ltd.","TQxNNC-647594-B21 1Gb 4-port 331T Adapter","Network","ESXi 9.1"," "
"Hitachi
Ltd.","Tx-Sxx-P47824-B21 3.84TB NVMe RI SFF SCN U.2 MV SSD","NVMe","ESXi 9.1"," "
"Hitachi
Ltd.","Tx-Sxx-P47823-B21 1.92TB NVMe RI SFF SCN U.2 MV SSD","NVMe","ESXi 9.1"," "
"Hitachi
Ltd.","Tx-Sxx-P47822-B21 6.4TB NVMe MU SFF SCN U.2 MV SSD","NVMe","ESXi 9.1"," "
"Hitachi
Ltd.","Tx-Sxx-P47821-B21 3.2TB NVMe MU SFF SCN U.2 MV SSD","NVMe","ESXi 9.1"," "
"Hitachi
Ltd.","Tx-Sxx-P47820-B21 1.6TB NVMe MU SFF SCN U.2 MV SSD","NVMe","ESXi 9.1"," "
"Hitachi
Ltd.","Tx-Sxx-P47845-B21 1.92TB NVMe RI SFF BC U.3ST MV SSD","NVMe","ESXi 9.1"," "
"Hitachi
Ltd.","Tx-Sxx-P47844-B21 960GB NVMe RI SFF BC U.3ST MV SSD","NVMe","ESXi 9.1"," "
"Hitachi
Ltd.","Tx-Sxx-P47839-B21 3.2TB NVMe MU SFF BC U.3ST MV SSD","NVMe","ESXi 9.1"," "
"Hitachi
Ltd.","Tx-Sxx-P47838-B21 HPE 1.6TB NVMe MU SFF BC U.3ST MV SSD","NVMe","ESXi 9.1"," "
"Hitachi
Ltd.","Tx-Sxx-P47837-B21 800GB NVMe MU SFF BC U.3ST MV SSD","NVMe","ESXi 9.1"," "
"Hitachi
Ltd.","Tx-Sxx-P47822-B21 6.4TB NVMe MU SFF SCN U.2 MV SSD","NVMe","ESXi 9.1"," "
"Hitachi
Ltd.","Tx-Sxx-P47823-B21 1.92TB NVMe RI SFF SCN U.2 MV SSD","NVMe","ESXi 9.1"," "
"Hitachi
Ltd.","Tx-Sxx-P47824-B21 3.84TB NVMe RI SFF SCN U.2 MV SSD","NVMe","ESXi 9.1"," "
"Hitachi
Ltd.","Tx-Sxx-P47820-B21 HPE 1.6TB NVMe MU SFF SCN U.2 MV SSD","NVMe","ESXi 9.1"," "
"Hitachi
Ltd.","Tx-Sxx-P47846-B21 3.84TB NVMe RI SFF BC U.3ST MV SSD","NVMe","ESXi 9.1"," "
"Hitachi
Ltd.","Tx-Sxx-P47847-B21 7.68TB NVMe RI SFF BC U.3ST MV SSD","NVMe","ESXi 9.1"," "
"Hitachi
Ltd.","Tx-Sxx-P47837-B21 800GB NVMe MU SFF BC U.3ST MV SSD","NVMe","ESXi 9.1"," "
"Hitachi
Ltd.","Tx-Sxx-P47839-B21 3.2TB NVMe MU SFF BC U.3ST MV SSD","NVMe","ESXi 9.1"," "
"Hitachi
Ltd.","Tx-Sxx-P47844-B21 960GB NVMe RI SFF BC U.3ST MV SSD","NVMe","ESXi 9.1"," "
"Hitachi
Ltd.","Tx-Sxx-P47840-B21 6.4TB NVMe MU SFF BC U.3ST MV SSD","NVMe","ESXi 9.1"," "
"Hitachi
Ltd.","Tx-Sxx-P47845-B21 1.92TB NVMe RI SFF BC U.3ST MV SSD","NVMe","ESXi 9.1"," "
"Hitachi
Ltd.","1.92TB NVMe RI SFF BC U.3 CM7 SSD","NVMe","ESXi 9.1"," "
"HP","Smart Array P731m","SAS","ESXi 9.1","Restricted"
"HP","BCM5717C0","Network","ESXi 9.1"," "
"HP","HP Ethernet 1Gb 4-port 331i Adapter","Network","ESXi 9.1"," "
"HP","Smart Array P830","SAS","ESXi 9.1","Restricted"
"HP","Smart Array P830i","SAS","ESXi 9.1","Restricted"
"HP","HPE FlexFabric 10Gb 2-port 556FLR-T Adapter","Network","ESXi 9.1","Restricted"
"HP","HPE FlexFabric 10Gb 2-port FLR-SFP+ 57810S Adapter (534FLR)","FCoE CNAs","ESXi 9.1","Restricted"
"HP","Smart Array P711m","SAS","ESXi 9.1","Restricted"
"HP","(HP  331i) NetXtreme BCM5719 Gigabit Ethernet","Network","ESXi 9.1"," "
"HP","Smart Array P212","SAS","ESXi 9.1","Restricted"
"HP","HPE FlexFabric 10Gb 2-port FLR-T 57810S Adapter (533FLR-T)","Network","ESXi 9.1","Restricted"
"HP","HP Ethernet 10Gb 2-port 561FLR-T Adapter","Network","ESXi 9.1"," "
"HP","Smart Array P230i","SAS","ESXi 9.1","Restricted"
"HP","Smart Array P410","SAS","ESXi 9.1","Restricted"
"HP","HP Ethernet 10Gb 2-port 561T Adapter","Network","ESXi 9.1"," "
"HP","HPE Ethernet 10Gb 2-port 562FLR-SFP+ Adapter","Network","ESXi 9.1"," "
"HP","HPE Ethernet 10Gb 2-port 562SFP+ Adapter","Network","ESXi 9.1"," "
"HP","HP Ethernet 1Gb 1-port 364i Adapter","Network","ESXi 9.1"," "
"HP","HPE Ethernet 10Gb 2-port SFP+ 57810S Adapter (530SFP+)","Network","ESXi 9.1","Restricted"
"HP","HP Ethernet 1Gb 2-port 367i Adapter","Network","ESXi 9.1"," "
"HP","HP Ethernet 10Gb 2-port 560SFP+ Adapter","Network","ESXi 9.1","Restricted"
"HP","HP Ethernet 1Gb 2-port 361i Adapter","Network","ESXi 9.1"," "
"HP","Smart Array 542D","SAS-RAID","ESXi 9.1","Restricted"
"HP","Smart Array P240nr","SAS-RAID","ESXi 9.1","Restricted"
"HP","Smart HBA H240nr","SAS-RAID","ESXi 9.1","Restricted"
"HP","HP H241 Smart HBA","SAS","ESXi 9.1","Restricted"
"HP","HPE FlexFabric 10Gb 2-port FLR-T 57810S Adapter (533FLR-T) [NPAR]","FCoE CNAs","ESXi 9.1","Restricted"
"HP","Smart Array P800 G2","SAS","ESXi 9.1","Restricted"
"HP","330i","Network","ESXi 9.1"," "
"HP","HP Ethernet 1Gb 4-port 366i Adapter","Network","ESXi 9.1"," "
"HP","HPE Ethernet 10Gb 2-port BASE-T 57810S Adapter (530T)","Network","ESXi 9.1","Restricted"
"HP","Smart Array P431","SAS","ESXi 9.1","Restricted"
"HP","HP Ethernet 10Gb 2-port 560FLR-SFP+ Adapter","Network","ESXi 9.1","Restricted"
"HP","HP Ethernet 1Gb 4-port 366FLR Adapter","Network","ESXi 9.1"," "
"HP","Smart Array P741m","SAS","ESXi 9.1","Restricted"
"HP","Smart Array P841","SAS","ESXi 9.1","Restricted"
"HP","Smart Array P410i","SAS","ESXi 9.1","Restricted"
"HP","Ethernet 1Gb 2-port 363i Adapter","Network","ESXi 9.1"," "
"HP","HP Ethernet 10Gb 2-port 557SFP+ Adapter","Network","ESXi 9.1","Restricted"
"HP","332i","Network","ESXi 9.1"," "
"HP","HPE Smart Array P240nr","SAS","ESXi 9.1","Restricted"
"HP","HPE Smart Array P542D","SAS","ESXi 9.1","Restricted"
"HP","HPE StoreFabric CN1200E 10GBASE-T Dual PortConverged Network Adapter","Network","ESXi 9.1","Restricted"
"HP","HPE FlexFabric 10Gb 4-port FLR-T 57840S Adapter (536FLR-T)","Network","ESXi 9.1","Restricted"
"HP","HPE SN1200E1P 16Gb 1p FC HBA","FC","ESXi 9.1"," "
"HP","HPE SN1200E2P 16Gb 2p FC HBA","FC","ESXi 9.1"," "
"HP","HPE SN1600E1P 32Gb 1p FC HBA","FC","ESXi 9.1"," "
"HP","HPE SN1600E2P 32Gb 2p FC HBA","FC","ESXi 9.1"," "
"HP","Intel(R) Ethernet Network Adapter XXV710-2","Network","ESXi 9.1","Restricted"
"HP","HPE Ethernet 10/25Gb 2-port 661SFP28 Adapter","Network","ESXi 9.1"," "
"HP","HPE FlexFabric 10Gb 4-port FLR-T 57840S Adapter (536FLR-T)","Network","ESXi 9.1","Restricted"
"HP","HPE FlexFabric 10Gb 4-port FLR-T 57840S Adapter (536FLR-T) [SR-IOV]","Network","ESXi 9.1","Restricted"
"HP","HPE FlexFabric 10Gb 2-port FLR-T 57810S Adapter (533FLR-T) [NPAR]","Network","ESXi 9.1","Restricted"
"HP","HPE FlexFabric 10Gb 2-port FLR-T 57810S Adapter (533FLR-T) [SR-IOV]","Network","ESXi 9.1","Restricted"
"HP","HPE FlexFabric 10Gb 4-port FLR-T 57840S Adapter (536FLR-T)","FCoE CNAs","ESXi 9.1","Restricted"
"HP","HPE FlexFabric 10Gb 2-port FLR-T 57810S Adapter (533FLR-T)","FCoE CNAs","ESXi 9.1","Restricted"
"HP","HPE FlexFabric 10Gb 4-port FLR-T 57840S Adapter (536FLR-T)","iSCSI","ESXi 9.1","Restricted"
"HP","HPE FlexFabric 10Gb 2-port FLR-SFP+ 57810S Adapter (534FLR)","Network","ESXi 9.1","Restricted"
"HP","HPE FlexFabric 10Gb 2-port FLR-T 57810S Adapter (533FLR-T)","iSCSI","ESXi 9.1","Restricted"
"HP","HP Smart Array P840 controller","SAS","ESXi 9.1","Restricted"
"HP","HP Smart HBA H240 controller","SAS","ESXi 9.1","Restricted"
"HP","HP Ethernet 1Gb 2-port 361T Adapter","Network","ESXi 9.1"," "
"HP","HP Smart HBA H240ar","SAS","ESXi 9.1","Restricted"
"HP","HP Smart HBA H244br","SAS","ESXi 9.1","Restricted"
"HP","HP Smart Array P440 controller","SAS","ESXi 9.1","Restricted"
"HP","HP Smart Array P441 controller","SAS","ESXi 9.1","Restricted"
"HP","HP Ethernet 1Gb 2-port 361FLB Adapter","Network","ESXi 9.1"," "
"HP","HP Smart Array P440ar controller","SAS","ESXi 9.1","Restricted"
"HP","Smart Array P700m","SAS","ESXi 9.1","Restricted"
"HP","HP Smart Array P244br controller","SAS","ESXi 9.1","Restricted"
"HP","Smart Array P411","SAS","ESXi 9.1","Restricted"
"HP","581201-B21 (HP NC550SFP) Emulex OneConnect OCe10102 10GbE NIC for HP ProLiant","Network","ESXi 9.1","Restricted"
"HP","HP Ethernet 1Gb 4-port 366M Adapter","Network","ESXi 9.1"," "
"HP","Smart Array P712m","SAS","ESXi 9.1","Restricted"
"HP","HP FlexFabric 10Gb 2-port 556FLR-SFP+ Adapter","Network","ESXi 9.1","Restricted"
"HP","HP CN1200E 2P Converged Network Adapter","Network","ESXi 9.1","Restricted"
"HP","HPE FlexFabric 10Gb 2-port FLR-SFP+ 57810S Adapter (534FLR)","iSCSI","ESXi 9.1","Restricted"
"HP","Smart Array P840ar","SAS","ESXi 9.1","Restricted"
"HP","AW520A (HP CN1000E) Emulex OneConnect OCe10102 10GbE FCoE CNA for HP ProLiant Servers","Network","ESXi 9.1","Restricted"
"HP","Smart Array P246br","SAS","ESXi 9.1","Restricted"
"HP","(HP NC551i) Emulex OneConnect OCe10102 10GbE NIC CNA for HP ProLiant AMD G7 BladeSystems","Network","ESXi 9.1","Restricted"
"HP","Smart Array P430","SAS","ESXi 9.1","Restricted"
"HP","Smart Array P430i","SAS","ESXi 9.1","Restricted"
"Huawei Technologies Co.
Ltd.","2*10GE Fiber PCH X722 LOM","Network","ESXi 9.1"," "
"Huawei Technologies Co.
Ltd.","2*GE Copper with 10GBASE-T PCH X722 LOM","Network","ESXi 9.1"," "
"Huawei Technologies Co.
Ltd.","2*10GE Copper PCH X722 LOM","Network","ESXi 9.1"," "
"Huawei Technologies Co.
Ltd.","2*10GE KR PCH X722 LOM","Network","ESXi 9.1"," "
"Huawei Technologies Co.
Ltd.","SP332","Network","ESXi 9.1"," "
"Huawei Technologies Co.
Ltd.","SP331","Network","ESXi 9.1"," "
"Huawei Technologies Co.
Ltd.","SP330","Network","ESXi 9.1"," "
"Huawei Technologies Co.
Ltd.","SM330","Network","ESXi 9.1"," "
"Huawei Technologies Co.
Ltd.","2*GE I350 LOM","Network","ESXi 9.1"," "
"Huawei Technologies Co.
Ltd.","2*10GE X710 LOM","Network","ESXi 9.1"," "
"Huawei Technologies Co.
Ltd.","2*GE Copper with 10GE SFP+ PCH X722 LOM","Network","ESXi 9.1"," "
"Huawei Technologies Co.
Ltd.","SM211","Network","ESXi 9.1"," "
"Huawei Technologies Co.
Ltd.","SM212","Network","ESXi 9.1"," "
"Huawei Technologies Co.
Ltd.","SP210","Network","ESXi 9.1"," "
"Huawei Technologies Co.
Ltd.","SP212","Network","ESXi 9.1"," "
"IBM","BCM5717C0","Network","ESXi 9.1"," "
"IBM","IBM 4-Port 24G SAS","SAS","ESXi 9.1"," "
"IBM","00JY830 Emulex VFA5 2x10 GbE SFP+ Adapter and FCoE/iSCSI SW for IBM System x (OCe14102-U3-X)","Network","ESXi 9.1","Restricted"
"IBM","00JY820 Emulex VFA5 2x10 GbE SFP+ PCIe Adapter for IBM System x (OCe14102-UX-X)","Network","ESXi 9.1","Restricted"
"IBM","Intel Ethernet Dual Port Server Adapter I340-T2 IBM System x (49Y4230)","Network","ESXi 9.1"," "
"IBM","Intel Ethernet Quad Port Server Adapter I340-T4 IBM System x (49Y4240)","Network","ESXi 9.1"," "
"IBM","00JY800 IBM Flex System CN4052 2-port 10Gb Virtual Fabric Adapter (OCm14102-U2-X)","Network","ESXi 9.1","Restricted"
"IBM","94Y5160 IBM Flex System CN4058S 8-port 10Gb Virtual Fabric Adapter (OCm14108-U-X)","Network","ESXi 9.1","Restricted"
"IBM","IBM Flex System 4-port 10Gb LOM Virtual Fabric Adapter (OCI14104-U2-X)","Network","ESXi 9.1","Restricted"
"IEIT SYSTEMS Co.
Ltd.","RT0800M7E","SAS-SATA-NVME Tri-mode RAID","ESXi 9.1"," "
"IEIT SYSTEMS Co.
Ltd.","RT0804M7R","SAS-SATA-NVME Tri-mode RAID","ESXi 9.1"," "
"IEIT SYSTEMS Co.
Ltd.","RT0808M7R","SAS-SATA-NVME Tri-mode RAID","ESXi 9.1"," "
"IEIT SYSTEMS Co.
Ltd.","ENFI1100-T4","Network","ESXi 9.1"," "
"IEIT SYSTEMS Co.
Ltd.","ENFB2251-SP2","Network","ESXi 9.1"," "
"IEIT SYSTEMS Co.
Ltd.","NS6510G1U192","NVMe","ESXi 9.1"," "
"IEIT SYSTEMS Co.
Ltd.","NS8600G2U1280","NVMe","ESXi 9.1"," "
"IEIT SYSTEMS Co.
Ltd.","INSPUR SAS3008IMR","SAS-RAID","ESXi 9.1"," "
"IEIT SYSTEMS Co.
Ltd.","INSPUR SAS3008IT","SAS","ESXi 9.1"," "
"IEIT SYSTEMS Co.
Ltd.","INSPUR SAS3008IR","SAS","ESXi 9.1"," "
"IEIT SYSTEMS Co.
Ltd.","Inspur_OCP25G_CX4LX_25G_LC_PCIEx8 - single port","Network","ESXi 9.1"," "
"IEIT SYSTEMS Co.
Ltd.","Inspur_OCP25G_CX4LX_25G_LC_PCIEx8_2 - dual port","Network","ESXi 9.1"," "
"IEIT SYSTEMS Co.
Ltd.","NS8500G2U192-X2","NVMe","ESXi 9.1"," "
"IEIT SYSTEMS Co.
Ltd.","NS8500G2U768-X2","NVMe","ESXi 9.1"," "
"IEIT SYSTEMS Co.
Ltd.","NS8500G2U384-X2","NVMe","ESXi 9.1"," "
"IEIT SYSTEMS Co.
Ltd.","NS8600G2U1280-X2","NVMe","ESXi 9.1"," "
"IEIT SYSTEMS Co.
Ltd.","NS8500G2U1536-X2","NVMe","ESXi 9.1"," "
"IEIT SYSTEMS Co.
Ltd.","NS6500G2U768","NVMe","ESXi 9.1"," "
"IEIT SYSTEMS Co.
Ltd.","NS6500G2U192","NVMe","ESXi 9.1"," "
"IEIT SYSTEMS Co.
Ltd.","NS6500G2U384","NVMe","ESXi 9.1"," "
"IEIT SYSTEMS Co.
Ltd.","INSPUR 3408iMR","SAS-SATA-NVME Tri-mode","ESXi 9.1"," "
"IEIT SYSTEMS Co.
Ltd.","RT0800M7H","SAS-SATA-NVME Tri-mode","ESXi 9.1"," "
"IEIT SYSTEMS Co.
Ltd.","NS6510G1U384","NVMe","ESXi 9.1"," "
"IEIT SYSTEMS Co.
Ltd.","NS6610G1U160","NVMe","ESXi 9.1"," "
"IEIT SYSTEMS Co.
Ltd.","NS6610G1U320","NVMe","ESXi 9.1"," "
"IEIT SYSTEMS Co.
Ltd.","INSPUR 3508-4GB","SAS-SATA-NVME Tri-mode","ESXi 9.1"," "
"IEIT SYSTEMS Co.
Ltd.","PM8222-SHBA","SAS","ESXi 9.1"," "
"IEIT SYSTEMS Co.
Ltd.","MT0801M6E","SAS-SATA-NVME Tri-mode RAID","ESXi 9.1"," "
"IEIT SYSTEMS Co.
Ltd.","MT0800M6H","SAS-SATA-NVME Tri-mode","ESXi 9.1"," "
"IEIT SYSTEMS Co.
Ltd.","PM8204-2GB","SAS","ESXi 9.1"," "
"IEIT SYSTEMS Co.
Ltd.","PM8204-4GB","SAS","ESXi 9.1"," "
"IEIT SYSTEMS Co.
Ltd.","MT0804M6R","SAS-SATA-NVME Tri-mode RAID","ESXi 9.1"," "
"IEIT SYSTEMS Co.
Ltd.","MT0808M6R","SAS-SATA-NVME Tri-mode RAID","ESXi 9.1"," "
"IEIT SYSTEMS Co.
Ltd.","NS8610G1U160","NVMe","ESXi 9.1"," "
"IEIT SYSTEMS Co.
Ltd.","NS8610G1U320","NVMe","ESXi 9.1"," "
"IEIT SYSTEMS Co.
Ltd.","NS8610G1U640","NVMe","ESXi 9.1"," "
"IEIT SYSTEMS Co.
Ltd.","NS8510G1U192","NVMe","ESXi 9.1"," "
"IEIT SYSTEMS Co.
Ltd.","NS8510G1U384","NVMe","ESXi 9.1"," "
"IEIT SYSTEMS Co.
Ltd.","NS8510G1U768","NVMe","ESXi 9.1"," "
"IEIT SYSTEMS Co.
Ltd.","PM8222-HBA","SAS","ESXi 9.1"," "
"IEIT SYSTEMS Co.
Ltd.","9230 M.2 RAID","SATA","ESXi 9.1"," "
"IEIT SYSTEMS Co.
Ltd.","F102IX710(PCIe x8)","Network","ESXi 9.1"," "
"IEIT SYSTEMS Co.
Ltd.","NS8600G2U160-X2","NVMe","ESXi 9.1"," "
"IEIT SYSTEMS Co.
Ltd.","F102IX710","Network","ESXi 9.1"," "
"IEIT SYSTEMS Co.
Ltd.","NS8600G2U640-X2","NVMe","ESXi 9.1"," "
"IEIT SYSTEMS Co.
Ltd.","SMART-HBA 8242-24i","SAS","ESXi 9.1"," "
"IEIT SYSTEMS Co.
Ltd.","SMART-HBA 8238-16i","SAS","ESXi 9.1"," "
"IEIT SYSTEMS Co.
Ltd.","O102IX710","Network","ESXi 9.1"," "
"IEIT SYSTEMS Co.
Ltd.","Inspur_5180M5_I350AM4_1G_RJ_PCIEx8_4","Network","ESXi 9.1"," "
"IEIT SYSTEMS Co.
Ltd.","F014II350","Network","ESXi 9.1"," "
"IEIT SYSTEMS Co.
Ltd.","NS8600G2U320-X2","NVMe","ESXi 9.1"," "
"IEIT SYSTEMS Co.
Ltd.","RS0800M5H24i","SAS","ESXi 9.1"," "
"IEIT SYSTEMS Co.
Ltd.","RS0800M5E8i","SAS","ESXi 9.1"," "
"IEIT SYSTEMS Co.
Ltd.","RS0800M5H8i","SAS","ESXi 9.1"," "
"IEIT SYSTEMS Co.
Ltd.","RS0800M5E24i","SAS","ESXi 9.1"," "
"IEIT SYSTEMS Co.
Ltd.","RS0800M5H16i","SAS","ESXi 9.1"," "
"IEIT SYSTEMS Co.
Ltd.","RS0800M5E16i","SAS","ESXi 9.1"," "
"IEIT SYSTEMS Co.
Ltd.","RS0804M5R16i","SAS","ESXi 9.1"," "
"IEIT SYSTEMS Co.
Ltd.","ENPB2251-SP2","Network","ESXi 9.1"," "
"IEIT SYSTEMS Co.
Ltd.","Inspur 3408iMR Mezz","SAS/SATA-RAID","ESXi 9.1"," "
"IEIT SYSTEMS Co.
Ltd.","F102IX550","Network","ESXi 9.1"," "
"IEIT SYSTEMS Co.
Ltd.","RT0800M6E2i","SAS-SATA-NVME Tri-mode RAID","ESXi 9.1"," "
"IEIT SYSTEMS Co.
Ltd.","NS6600G2U640","NVMe","ESXi 9.1"," "
"IEIT SYSTEMS Co.
Ltd.","NS6600G2U160","NVMe","ESXi 9.1"," "
"IEIT SYSTEMS Co.
Ltd.","NS6600G2U320","NVMe","ESXi 9.1"," "
"IEIT SYSTEMS Co.
Ltd.","NS8500G2U384","NVMe","ESXi 9.1"," "
"IEIT SYSTEMS Co.
Ltd.","NS8600G2U160","NVMe","ESXi 9.1"," "
"IEIT SYSTEMS Co.
Ltd.","NS8600G2U320","NVMe","ESXi 9.1"," "
"IEIT SYSTEMS Co.
Ltd.","NS8600G2U640","NVMe","ESXi 9.1"," "
"IEIT SYSTEMS Co.
Ltd.","NS8500G2U192","NVMe","ESXi 9.1"," "
"IEIT SYSTEMS Co.
Ltd.","NS8500G2U768","NVMe","ESXi 9.1"," "
"IEIT SYSTEMS Co.
Ltd.","Intel(R) Ethernet Server Adapter OCP X710-2","Network","ESXi 9.1"," "
"IEIT SYSTEMS Co.
Ltd.","NS8500G2U1536","NVMe","ESXi 9.1"," "
"IEIT SYSTEMS Co.
Ltd.","F012II350","Network","ESXi 9.1"," "
"Intel Corporation","Intel(R) Ethernet Converged Network Adapter X710","Network","ESXi 9.1"," "
"Intel Corporation","Intel(R) Ethernet Converged Network Adapter X550-T1 ","Network","ESXi 9.1"," "
"Intel Corporation","Intel(R) Ethernet Converged Network Adapter X550-T2 ","Network","ESXi 9.1"," "
"Intel Corporation","Denverton SATA Controller 0","SATA","ESXi 9.1"," "
"Intel Corporation","Denverton SATA Controller 0","SATA","ESXi 9.1"," "
"Intel Corporation","Denverton SATA Controller 0","SATA","ESXi 9.1"," "
"Intel Corporation","Denverton SATA Controller 0","SATA","ESXi 9.1"," "
"Intel Corporation","Denverton SATA Controller 0","SATA","ESXi 9.1"," "
"Intel Corporation","Denverton SATA Controller 0","SATA","ESXi 9.1"," "
"Intel Corporation","Denverton SATA Controller 1","SATA","ESXi 9.1"," "
"Intel Corporation","Intel(R) Ethernet Connection I354 2.5 GbE Backplane","Network","ESXi 9.1"," "
"Intel Corporation","Denverton SATA Controller 1","SATA","ESXi 9.1"," "
"Intel Corporation","Denverton SATA Controller 1","SATA","ESXi 9.1"," "
"Intel Corporation","Denverton SATA Controller 1","SATA","ESXi 9.1"," "
"Intel Corporation","Denverton SATA Controller 1","SATA","ESXi 9.1"," "
"Intel Corporation","Denverton SATA Controller 1","SATA","ESXi 9.1"," "
"Intel Corporation","Intel Ethernet Server Adapter I350-T4","Network","ESXi 9.1"," "
"Intel Corporation","Denverton SATA Controller 1","SATA","ESXi 9.1"," "
"Intel Corporation","Denverton SATA Controller 1","SATA","ESXi 9.1"," "
"Intel Corporation","Denverton SATA Controller 1","SATA","ESXi 9.1"," "
"Intel Corporation","Denverton SATA Controller 1","SATA","ESXi 9.1"," "
"Intel Corporation","Lewisburg SATA AHCI Controller","SATA","ESXi 9.1"," "
"Intel Corporation","Intel(R) Ethernet Network Adapter E810-XXVDA2 for OCP NIC 3.0","Network","ESXi 9.1"," "
"Intel Corporation","Lewisburg SATA AHCI Controller","SATA","ESXi 9.1"," "
"Intel Corporation","Avoton RAID Controller","SATA","ESXi 9.1"," "
"Intel Corporation","Union Point-H AHCI Controller","SATA","ESXi 9.1"," "
"Intel Corporation","Intel® SSD D7-P5500 Series SSDPF2KX019T9 (1.92 TB
 2.5" U.2)","NVMe","ESXi 9.1"," "
"Intel Corporation","Intel® SSD D7-P5500 Series SSDPF2KX038T9 (3.84 TB
 2.5" U.2)","NVMe","ESXi 9.1"," "
"Intel Corporation","Intel® SSD D7-P5500 Series SSDPF2KX076T9 (7.68 TB
 2.5" U.2)","NVMe","ESXi 9.1"," "
"Intel Corporation","Intel® SSD D7-P5600 Series SSDPF2KE016T9 (1.6 TB
 2.5" U.2)","NVMe","ESXi 9.1"," "
"Intel Corporation","Intel® SSD D7-P5600 Series SSDPF2KE032T9 (3.2 TB
 2.5" U.2)","NVMe","ESXi 9.1"," "
"Intel Corporation","Intel® SSD D7-P5600 Series SSDPF2KE064T9 (6.4 TB
 2.5" U.2)","NVMe","ESXi 9.1"," "
"Intel Corporation","Denverton SATA Controller 0","SATA","ESXi 9.1"," "
"Intel Corporation","Intel(R) Ethernet Connection E825-C for QSFP","Network","ESXi 9.1"," "
"Intel Corporation","ICH10 - AHCI","SATA","ESXi 9.1"," "
"Intel Corporation","Avoton AHCI Controller","SATA","ESXi 9.1"," "
"Intel Corporation","Intel I350 Gigabit Network Connection","Network","ESXi 9.1"," "
"Intel Corporation","Intel(R) Ethernet Converged Network Adapter X550-T2","Network","ESXi 9.1"," "
"Intel Corporation","Intel Ethernet Server Adapter I340-T4","Network","ESXi 9.1"," "
"Intel Corporation","Intel(R) Ethernet Network Adapter X710-T2L for OCP","Network","ESXi 9.1"," "
"Intel Corporation","I210 Gigabit Backplane Connection","Network","ESXi 9.1"," "
"Intel Corporation","Intel(R) Ethernet Controller X710 for 10GbE SFP+","Network","ESXi 9.1"," "
"Intel Corporation","Ethernet Connection (12) I219-LM","Network","ESXi 9.1"," "
"Intel Corporation","Intel(R) Ethernet Controller X710-T4L OCP","Network","ESXi 9.1"," "
"Intel Corporation","Intel(R) Ethernet Controller E810-XXVDA4 OCP","Network","ESXi 9.1"," "
"Intel Corporation","Intel(R) Ethernet Controller 10G X550T","Network","ESXi 9.1"," "
"Intel Corporation","Intel Ethernet Server Adapter I350-T2","Network","ESXi 9.1"," "
"Intel Corporation","Intel(R) Ethernet Controller 10G X550T","Network","ESXi 9.1"," "
"Intel Corporation","Ethernet Connection (9) I219-LM","Network","ESXi 9.1"," "
"Intel Corporation","Intel(R) Ethernet Converged Network Adapter X710-4","Network","ESXi 9.1"," "
"Intel Corporation","Intel(R) Ethernet Converged Network Adapter X710-4","Network","ESXi 9.1"," "
"Intel Corporation","Avoton RAID Controller","SATA","ESXi 9.1"," "
"Intel Corporation","Denverton SATA Controller 0","SATA","ESXi 9.1"," "
"Intel Corporation","Intel(R) Ethernet Converged Network Adapter X710-4","Network","ESXi 9.1"," "
"Intel Corporation","Intel(R) Ethernet Converged Network Adapter X710-2","Network","ESXi 9.1"," "
"Intel Corporation","Intel(R) Ethernet Connection I354","Network","ESXi 9.1"," "
"Intel Corporation","Intel(R) Ethernet Network Adapter E810-XXVDA2","Network","ESXi 9.1"," "
"Intel Corporation","Intel(R) Ethernet Converged Network Adapter X710-2","Network","ESXi 9.1"," "
"Intel Corporation","Intel(R) Ethernet Controller XL710 for 40GbE QSFP+","Network","ESXi 9.1"," "
"Intel Corporation","Intel(R) Ethernet Connection I354 1.0 GbE Backplane","Network","ESXi 9.1"," "
"Intel Corporation","Intel(R) Ethernet Converged Network Adapter XL710-Q2","Network","ESXi 9.1"," "
"Intel Corporation","Intel(R) Ethernet Converged Network Adapter XL710-Q2","Network","ESXi 9.1"," "
"Intel Corporation","Patsburg 6 Port SATA AHCI Controller","SATA","ESXi 9.1"," "
"Intel Corporation","Intel I350 Gigabit Backplane Connection","Network","ESXi 9.1"," "
"Intel Corporation","Ethernet Connection (13) I219-LM","Network","ESXi 9.1"," "
"Intel Corporation","Intel(R) I210 Gigabit Backplane Connection","Network","ESXi 9.1"," "
"Intel Corporation","Intel(R) Ethernet I/O Module XL710-Q2","Network","ESXi 9.1"," "
"Intel Corporation","Ethernet Connection (14) I219-LM","Network","ESXi 9.1"," "
"Intel Corporation","Intel(R) Ethernet Controller XL710 for 40GbE QSFP+","Network","ESXi 9.1"," "
"Intel Corporation","Intel(R) Ethernet Server Adapter I210-T1","Network","ESXi 9.1"," "
"Intel Corporation","Intel(R) Ethernet Controller XL710 for 40GbE QSFP+","Network","ESXi 9.1"," "
"Intel Corporation","Intel(R) Integrated RAID RS3PC","SAS","ESXi 9.1"," "
"Intel Corporation","Intel RAID Controller RS3DC040","SAS-RAID","ESXi 9.1"," "
"Intel Corporation","Intel(R) Ethernet Converged Network Adapter XL710-Q1","Network","ESXi 9.1"," "
"Intel Corporation","Intel Ethernet Server Adapter I350-F4","Network","ESXi 9.1"," "
"Intel Corporation","Intel(R) Ethernet Converged Network Adapter XL710-Q1","Network","ESXi 9.1"," "
"Intel Corporation","Intel(R) Ethernet I/O Module XL710-Q1","Network","ESXi 9.1"," "
"Intel Corporation","Intel(R) Ethernet Controller XL710 for 10GbE QSFP+","Network","ESXi 9.1"," "
"Intel Corporation","Intel(R) Ethernet Controller X710 for 10GBASE-T","Network","ESXi 9.1"," "
"Intel Corporation","Ethernet Connection E823-L/X557-AT 10GBASE-T","Network","ESXi 9.1"," "
"Intel Corporation","Ethernet Connection E823-L for backplane","Network","ESXi 9.1"," "
"Intel Corporation","Intel(R) Ethernet Controller XL710 for 40GbE backplane","Network","ESXi 9.1"," "
"Intel Corporation","Intel® SSD DC P4510 Series SSDPE2KX020T8 (2.0 TB
 2.5" U.2)","NVMe","ESXi 9.1"," "
"Intel Corporation","Intel® SSD DC P4510 Series SSDPE2KX010T8 (1.0 TB
 2.5" U.2)","NVMe","ESXi 9.1"," "
"Intel Corporation","Intel(R) Ethernet Controller X710 for 10GbE backplane","Network","ESXi 9.1"," "
"Intel Corporation","Denverton SATA Controller 0","SATA","ESXi 9.1"," "
"Intel Corporation","Ethernet Controller E810-C","Network","ESXi 9.1"," "
"Intel Corporation","Ethernet Controller E810-C for backplane","Network","ESXi 9.1"," "
"Intel Corporation","Ethernet Controller E810-XXV for backplane","Network","ESXi 9.1"," "
"Intel Corporation","Ethernet Controller E810-XXV for QSFP","Network","ESXi 9.1"," "
"Intel Corporation","Intel RAID Controller RMS3VC160","SAS","ESXi 9.1"," "
"Intel Corporation","Ethernet Controller E810-XXV for SFP","Network","ESXi 9.1"," "
"Intel Corporation","Intel(R) Ethernet Connection E825-C for SFP","Network","ESXi 9.1"," "
"Intel Corporation","Intel(R) Ethernet Connection E825-C for QSFP","Network","ESXi 9.1"," "
"Intel Corporation","Intel(R) Ethernet Connection E825-C for backplane","Network","ESXi 9.1"," "
"Intel Corporation","Intel(R) Ethernet Network Adapter X710-T2L","Network","ESXi 9.1"," "
"Intel Corporation","Intel(R) Ethernet Network Adapter X710-T4L","Network","ESXi 9.1"," "
"Intel Corporation","Intel(R) Ethernet Network Adapter X710-T4L","Network","ESXi 9.1"," "
"Intel Corporation","Intel® SSD D7-P5510 Series SSDPF2KX038TZ (3.8 TB
 2.5" U.2)","NVMe","ESXi 9.1"," "
"Intel Corporation","Intel® SSD D7-P5510 Series SSDPF2KX076TZ (7.6 TB
 2.5" U.2)","NVMe","ESXi 9.1"," "
"Intel Corporation","Intel(R) Ethernet Controller E830-CC for SFP-DD","Network","ESXi 9.1","Restricted"
"Intel Corporation","Intel(R) Ethernet Controller E830-CC for QSFP.","Network","ESXi 9.1","Restricted"
"Intel Corporation","Intel(R) Ethernet Controller E830-CC for SFP","Network","ESXi 9.1","Restricted"
"Intel Corporation","Intel® SSD D7-P5510 Series SSDPF2KX076TZO (7.6 TB
 2.5" U.2)","NVMe","ESXi 9.1"," "
"Intel Corporation","Intel(R) Ethernet Network Adapter X710-2 for OCP NIC 3.0","Network","ESXi 9.1"," "
"Intel Corporation","Intel(R) Ethernet Network Adapter X710-4 for OCP NIC 3.0","Network","ESXi 9.1"," "
"Intel Corporation","Intel(R) Ethernet Server Adapter I210-T1","Network","ESXi 9.1"," "
"Intel Corporation","Intel RAID Controller RS3SC008","SAS-RAID","ESXi 9.1"," "
"Intel Corporation","Intel® SSD D5-P5316 Series SSDPF2NV153TZO (15.36TB
 2.5" U.2)","NVMe","ESXi 9.1"," "
"Intel Corporation","Intel® SSD D7-P5520 Series SSDPF2KX019T1M (1.9 TB
 2.5" U.2)","NVMe","ESXi 9.1"," "
"Intel Corporation","82801FR/FRW (ICH6R/ICH6RW) SATA Controller","SATA","ESXi 9.1"," "
"Intel Corporation","Intel® SSD D5-P5316 Series SSDPF2NV153TZ (15.36TB
 2.5" U.2)","NVMe","ESXi 9.1"," "
"Intel Corporation","Intel® SSD D5-P5316 Series SSDPF2NV307TZ (30.72TB
 2.5" U.2)","NVMe","ESXi 9.1"," "
"Intel Corporation","Intel® SSD D5-P5316 Series SSDPFWNV153TZ (15.36TB
 E1.L)","NVMe","ESXi 9.1"," "
"Intel Corporation","Intel SSD DC P3700 Series SSDPE2MD020T4 (2.0 TB
 2.5-inch)","NVMe","ESXi 9.1"," "
"Intel Corporation","Intel® SSD D5-P5316 Series SSDPFWNV153TZO (15.36TB
 E1.L)","NVMe","ESXi 9.1"," "
"Intel Corporation","Intel RAID Controller RSP3WD080E","SAS/SATA-RAID","ESXi 9.1"," "
"Intel Corporation","Intel SSD DC P3700 Series SSDPE2MD016T4 (1.6 TB
 2.5-inch)","NVMe","ESXi 9.1"," "
"Intel Corporation","Intel SSD DC P3700 Series SSDPE2MD800G4 (800 GB
 2.5-inch)","NVMe","ESXi 9.1"," "
"Intel Corporation","Panther Point AHCI Controller","SATA","ESXi 9.1"," "
"Intel Corporation","Intel SSD DC P3700 Series SSDPE2MD400G4 (400 GB
 2.5-inch)","NVMe","ESXi 9.1"," "
"Intel Corporation","Intel® SSD D5-P5316 Series SSDPFWNV307TZO (30.72TB
 E1.L)","NVMe","ESXi 9.1"," "
"Intel Corporation","Intel Integrated RAID Module RMS3CC080","SAS-RAID","ESXi 9.1"," "
"Intel Corporation","Intel® SSD DC P3520 Series SSDPEDMX012T7 (1.2 TB
 AIC)","NVMe","ESXi 9.1"," "
"Intel Corporation","Intel® SSD D5-P5316 Series SSDPF2NV307TZO (30.72TB
 2.5" U.2)","NVMe","ESXi 9.1"," "
"Intel Corporation","82599 10 Gigabit Dual Port Backplane Connection","Network","ESXi 9.1","Restricted"
"Intel Corporation","Ethernet Connection (23) I219-LM","Network","ESXi 9.1"," "
"Intel Corporation","Ethernet Connection (22) I219-LM","Network","ESXi 9.1"," "
"Intel Corporation","82599 10 Gigabit CX4 Dual Port Network Connection","Network","ESXi 9.1","Restricted"
"Intel Corporation","Ethernet Connection (18) I219-LM","Network","ESXi 9.1"," "
"Intel Corporation","Ethernet Connection (19) I219-LM","Network","ESXi 9.1"," "
"Intel Corporation","Ethernet Connection (19) I219-V","Network","ESXi 9.1"," "
"Intel Corporation","Ethernet Connection (20) I219-LM","Network","ESXi 9.1"," "
"Intel Corporation","Ethernet Connection (21) I219-LM","Network","ESXi 9.1"," "
"Intel Corporation","82599 10 Gigabit Dual Port Network Connection","Network","ESXi 9.1","Restricted"
"Intel Corporation","Ethernet Connection (21) I219-V","Network","ESXi 9.1"," "
"Intel Corporation","Intel(R) Ethernet Network Adapter E610-IT4 for OCP 3.0","Network","ESXi 9.1"," "
"Intel Corporation","Intel(R) Ethernet Network Adapter E610-XT2 for OCP 3.0","Network","ESXi 9.1"," "
"Intel Corporation","Intel(R) Ethernet Network Adapter X710-T2L","Network","ESXi 9.1"," "
"Intel Corporation","Intel SSD DC P3600 Series SSDPE2ME800G4 (800 GB
 2.5-inch)","NVMe","ESXi 9.1"," "
"Intel Corporation","82599 10 Gigabit Network Connection","Network","ESXi 9.1","Restricted"
"Intel Corporation","Ethernet Controller X540","Network","ESXi 9.1","Restricted"
"Intel Corporation","Intel SSD DC P3600 Series SSDPE2ME400G4 (400 GB
 2.5-inch)","NVMe","ESXi 9.1"," "
"Intel Corporation","Avoton AHCI Controller","SATA","ESXi 9.1"," "
"Intel Corporation","Ethernet Controller 10G X550T","Network","ESXi 9.1"," "
"Intel Corporation","Ethernet Connection X552 10 GbE Backplane","Network","ESXi 9.1"," "
"Intel Corporation","Intel SSD DC P3500 Series SSDPE2MX020T4 (2.0 TB
 2.5-inch)","NVMe","ESXi 9.1"," "
"Intel Corporation","Ethernet Connection X552 10 GbE Backplane","Network","ESXi 9.1"," "
"Intel Corporation","Intel(R) Ethernet Connection X552 10 GbE SFP+","Network","ESXi 9.1"," "
"Intel Corporation","Intel SSD DC P3500 Series SSDPE2MX012T4 (1.2 TB
 2.5-inch)","NVMe","ESXi 9.1"," "
"Intel Corporation","Intel(R) Ethernet Connection X552/X557-AT 10GBASE-T","Network","ESXi 9.1"," "
"Intel Corporation","Intel(R) Ethernet Network Adapter E835-XXV-4","Network","ESXi 9.1"," "
"Intel Corporation","Avoton RAID Controller","SATA","ESXi 9.1"," "
"Intel Corporation","Intel SSD DC P3500 Series SSDPE2MX400G4 (400 GB
 2.5-inch)","NVMe","ESXi 9.1"," "
"Intel Corporation","82599EB 10 Gigabit KX4 Network Connection","Network","ESXi 9.1","Restricted"
"Intel Corporation","82801GR/GH (ICH7 Family) Serial ATA Storage Controller AHCI","SATA","ESXi 9.1"," "
"Intel Corporation","Intel® SSD DC P4510 Series SSDPE2KX040T8 (4.0 TB
 2.5" U.2)","NVMe","ESXi 9.1"," "
"Intel Corporation","Intel® SSD DC P4510 Series SSDPE2KX080T8 (8.0 TB
 2.5" U.2 )","NVMe","ESXi 9.1"," "
"Intel Corporation","Ethernet Connection (17) I219-LM","Network","ESXi 9.1"," "
"Intel Corporation","ICH9 - AHCI","SATA","ESXi 9.1"," "
"Intel Corporation","Intel I350 Gigabit Fiber Network Connection","Network","ESXi 9.1"," "
"Intel Corporation","Ethernet Connection (5) I219-LM","Network","ESXi 9.1"," "
"Intel Corporation","Intel SSD DC P3700 Series SSDPEDMD020T4 (2.0 TB
 HHHL AIC)","NVMe","ESXi 9.1"," "
"Intel Corporation","Ethernet Connection (4) I219-V","Network","ESXi 9.1"," "
"Intel Corporation","Intel I350 Gigabit Network Connection","Network","ESXi 9.1"," "
"Intel Corporation","Ethernet Connection (4) I219-LM","Network","ESXi 9.1"," "
"Intel Corporation","Ethernet Connection (5) I219-V","Network","ESXi 9.1"," "
"Intel Corporation","Intel SSD DC P3700 Series SSDPEDMD016T4 (1.6 TB
 HHHL AIC)","NVMe","ESXi 9.1"," "
"Intel Corporation","Intel® SSD DC P4600 Series SSDPE2KE064T7 (6.4 TB
 2.5" U.2)","NVMe","ESXi 9.1"," "
"Intel Corporation","Intel® SSD DC P4500 Series SSDPERKX080T7 (8.0 TB
 Ruler)","NVMe","ESXi 9.1"," "
"Intel Corporation","Ethernet Connection (3) I219-LM","Network","ESXi 9.1"," "
"Intel Corporation","Intel® SSD DC P4500 Series SSDPERKX040T7 (4.0 TB
 Ruler)","NVMe","ESXi 9.1"," "
"Intel Corporation","Intel® SSD DC P4500 Series SSDPEDKX080T7 (8.0 TB
 AIC)","NVMe","ESXi 9.1"," "
"Intel Corporation","Intel SSD DC P3700 Series SSDPEDMD800G4 (800 GB
 HHHL AIC)","NVMe","ESXi 9.1"," "
"Intel Corporation","Virtual 82574L Gigabit Ethernet (Apple)","Network","ESXi 9.1"," "
"Intel Corporation","Intel SSD DC P3700 Series SSDPEDMD400G4 (400 GB
 HHHL AIC)","NVMe","ESXi 9.1"," "
"Intel Corporation","Virtual 82574L Gigabit Ethernet","Network","ESXi 9.1"," "
"Intel Corporation","Intel(R) Ethernet Controller E830-CC for backplane","Network","ESXi 9.1","Restricted"
"Intel Corporation","Intel® SSD D7-P5510 Series SSDPF2KX038TZO (3.8 TB
 2.5" U.2)","NVMe","ESXi 9.1"," "
"Intel Corporation","Intel SSD DC P3600 Series SSDPEDME020T4 (2.0 TB
 HHHL AIC)","NVMe","ESXi 9.1"," "
"Intel Corporation","Intel(R) Ethernet Network Adapter X710-2 for OCP NIC 3.0","Network","ESXi 9.1"," "
"Intel Corporation","Intel(R) Ethernet Network Adapter X710-4 for OCP NIC 3.0","Network","ESXi 9.1"," "
"Intel Corporation","82801FBM (ICH6M) SATA Controller","SATA","ESXi 9.1"," "
"Intel Corporation","Intel SSD DC P3600 Series SSDPEDME016T4 (1.6 TB
 HHHL AIC)","NVMe","ESXi 9.1"," "
"Intel Corporation","Intel® SSD DC P4511 Series SSDPELKX020T8 (2.0 TB
 M.2 22110)","NVMe","ESXi 9.1"," "
"Intel Corporation","Intel SSD DC P3600 Series SSDPEDME012T4 (1.2 TB
 HHHL AIC)","NVMe","ESXi 9.1"," "
"Intel Corporation","Intel SSD DC P3600 Series SSDPEDME800G4 (800 GB
 HHHL AIC)","NVMe","ESXi 9.1"," "
"Intel Corporation","Intel(R) Ethernet Network Adapter E830-XXV-2","Network","ESXi 9.1"," "
"Intel Corporation","Intel(R) Ethernet Network Adapter E830-XXV-4 for OCP 3.0","Network","ESXi 9.1"," "
"Intel Corporation","Intel SSD DC P3600 Series SSDPEDME400G4 (400 GB
 HHHL AIC)","NVMe","ESXi 9.1"," "
"Intel Corporation","Intel SSD DC P3500 Series SSDPEDMX020T4 (2.0 TB
 HHHL AIC)","NVMe","ESXi 9.1"," "
"Intel Corporation","Intel SSD DC P3500 Series SSDPEDMX012T4 (1.2 TB
 HHHL AIC)","NVMe","ESXi 9.1"," "
"Intel Corporation","Cougar Point 6 port SATA AHCI Controller","SATA","ESXi 9.1"," "
"Intel Corporation","Cougar Point 6 port SATA AHCI Controller","SATA","ESXi 9.1"," "
"Intel Corporation","Intel SSD DC P3500 Series SSDPEDMX400G4 (400 GB
 HHHL AIC)","NVMe","ESXi 9.1"," "
"Intel Corporation","Cougar Point SATA RAID Controller","SATA","ESXi 9.1"," "
"Intel Corporation","Cougar Point SATA RAID Controller","SATA","ESXi 9.1"," "
"Intel Corporation","Sunrise Point-H RAID Controller","SATA","ESXi 9.1"," "
"Intel Corporation","Cougar Point SATA Premium RAID Controller","SATA","ESXi 9.1"," "
"Intel Corporation","Intel Volume Management Device","NVMe-RAID","ESXi 9.1"," "
"Intel Corporation","Sunrise Point-H AHCI Controller","SATA","ESXi 9.1"," "
"Intel Corporation","Sunrise Point-H AHCI Controller","SATA","ESXi 9.1"," "
"Intel Corporation","Intel(R) Integrated RAID Module RMSP3JD160J","SAS","ESXi 9.1"," "
"Intel Corporation","Sunrise Point-LP RAID Controller","SATA","ESXi 9.1"," "
"Intel Corporation","Intel(R) RAID Controller RSP3QD160J","SAS","ESXi 9.1"," "
"Intel Corporation","Intel(R) RAID Controller RSP3GD016J","SAS","ESXi 9.1"," "
"Intel Corporation","Sunrise Point-LP RAID Controller","SATA","ESXi 9.1"," "
"Intel Corporation","Sunrise Point-LP AHCI Controller","SATA","ESXi 9.1"," "
"Intel Corporation","Patsburg SATA Premium RAID Controller","SATA","ESXi 9.1"," "
"Intel Corporation","Wildcat Point-LP SATA Controller [AHCI Mode]","SATA","ESXi 9.1"," "
"Intel Corporation","Lynx Point SATA Controller","SATA","ESXi 9.1"," "
"Intel Corporation","Sapphire Rapids SATA AHCI Controller","NVMe","ESXi 9.1"," "
"Intel Corporation","Sapphire Rapids SATA AHCI Controller","NVMe","ESXi 9.1"," "
"Intel Corporation","Intel Ethernet Server Adapter I350-T4","Network","ESXi 9.1"," "
"Intel Corporation","Wellsburg RAID Controller","SATA","ESXi 9.1"," "
"Intel Corporation","Panther Point AHCI Controller","SATA","ESXi 9.1"," "
"Intel Corporation","Wellsburg RAID Controller","SATA","ESXi 9.1"," "
"Intel Corporation","Avoton RAID Controller","SATA","ESXi 9.1"," "
"Intel Corporation","Wellsburg RAID Controller","SATA","ESXi 9.1"," "
"Intel Corporation","Sunrise Point-H RAID Controller","SATA","ESXi 9.1"," "
"Intel Corporation","Wellsburg AHCI Controller","SATA","ESXi 9.1"," "
"Intel Corporation","Avoton RAID Controller","SATA","ESXi 9.1"," "
"Intel Corporation","Intel Ethernet Server Adapter I350-T2","Network","ESXi 9.1"," "
"Intel Corporation","Wellsburg RAID Controller","SATA","ESXi 9.1"," "
"Intel Corporation","Wellsburg RAID Controller","SATA","ESXi 9.1"," "
"Intel Corporation","Avoton AHCI Controller","SATA","ESXi 9.1"," "
"Intel Corporation","Avoton RAID Controller","SATA","ESXi 9.1"," "
"Intel Corporation","Intel® SSD DC P4511 Series SSDPELKX010T8 (1.0 TB
 M.2 22110)","NVMe","ESXi 9.1"," "
"Intel Corporation","Wellsburg AHCI Controller","SATA","ESXi 9.1"," "
"Intel Corporation","Avoton RAID Controller","SATA","ESXi 9.1"," "
"Intel Corporation","Intel® Storage Adapter RS3P4GF016J","SAS-SATA-NVME Tri-mode","ESXi 9.1"," "
"Intel Corporation","Intel® Storage Adapter RS3P4QF160J","SAS-SATA-NVME Tri-mode","ESXi 9.1"," "
"Intel Corporation","Lynx Point AHCI Controller","SATA","ESXi 9.1"," "
"Intel Corporation","Lynx Point AHCI Controller","SATA","ESXi 9.1"," "
"Intel Corporation","Avoton RAID Controller","SATA","ESXi 9.1"," "
"Intel Corporation","Avoton AHCI Controller","SATA","ESXi 9.1"," "
"Intel Corporation","631xESB/632xESB SATA Storage Controller AHCI","SATA","ESXi 9.1"," "
"Intel Corporation","Ibex Peak 6 port SATA AHCI Controller","SATA","ESXi 9.1"," "
"Intel Corporation","Intel(R) Ethernet Network Adapter X722-2","Network","ESXi 9.1"," "
"Intel Corporation","Ibex Peak SATA RAID Controller","SATA","ESXi 9.1"," "
"Intel Corporation","Intel(R) Ethernet Network Adapter X722-2","Network","ESXi 9.1"," "
"Intel Corporation","Intel(R) Ethernet Network Adapter X722-4","Network","ESXi 9.1"," "
"Intel Corporation","(ICH9M) SATA Controller","SATA","ESXi 9.1"," "
"Intel Corporation","Intel(R) Ethernet Network Adapter X722-4","Network","ESXi 9.1"," "
"Intel Corporation","Avoton AHCI Controller","SATA","ESXi 9.1"," "
"Intel Corporation","Avoton RAID Controller","SATA","ESXi 9.1"," "
"Intel Corporation","Ethernet Connection (6) I219-LM","Network","ESXi 9.1"," "
"Intel Corporation","(ICH9M) SATA Controller","SATA","ESXi 9.1"," "
"Intel Corporation","Intel® SSD DC P4510 Series SSDPE2KX020T8 (2.0 TB
 2.5" U.2)","NVMe","ESXi 9.1"," "
"Intel Corporation","Intel® SSD DC P4510 Series SSDPE2KX010T8 (1.0 TB
 2.5" U.2)","NVMe","ESXi 9.1"," "
"Intel Corporation","Ibex Peak Enhanced SATA RAID Controller","SATA","ESXi 9.1"," "
"Intel Corporation","Ethernet Connection (6) I219-V","Network","ESXi 9.1"," "
"Intel Corporation","(ICH9M) SATA Controller RAID","SATA","ESXi 9.1"," "
"Intel Corporation","Ethernet Connection (7) I219-LM","Network","ESXi 9.1"," "
"Intel Corporation","Avoton AHCI Controller","SATA","ESXi 9.1"," "
"Intel Corporation","Ibex Peak 6 port SATA AHCI Controller","SATA","ESXi 9.1"," "
"Intel Corporation","Ethernet Connection (7) I219-V","Network","ESXi 9.1"," "
"Intel Corporation","Ibex Peak 4 port SATA AHCI Controller","SATA","ESXi 9.1"," "
"Intel Corporation","Ibex Peak SATA RAID Controller","SATA","ESXi 9.1"," "
"Intel Corporation","Avoton AHCI Controller","SATA","ESXi 9.1"," "
"Intel Corporation","Intel(R) Ethernet Network Adapter E835-CC-Q1","Network","ESXi 9.1"," "
"Intel Corporation","Intel(R) Ethernet Network Adapter E835-CC-Q1 for OCP 3.0","Network","ESXi 9.1"," "
"Intel Corporation","Avoton AHCI Controller","SATA","ESXi 9.1"," "
"Intel Corporation","Intel(R) Ethernet Network Adapter E835-XXV-2","Network","ESXi 9.1"," "
"Intel Corporation","Intel(R) Ethernet Network Adapter E835-XXV-2 for OCP 3.0","Network","ESXi 9.1"," "
"Intel Corporation","Intel(R) Ethernet Network Adapter E835-XXV-4 for OCP 3.0","Network","ESXi 9.1"," "
"Intel Corporation","Avoton RAID Controller","SATA","ESXi 9.1"," "
"Intel Corporation","Avoton RAID Controller","SATA","ESXi 9.1"," "
"Intel Corporation","Intel(R) Ethernet Converged Network Adapter XL710-Q2","Network","ESXi 9.1"," "
"Intel Corporation","Ethernet Controller I225-V","Network","ESXi 9.1"," "
"Intel Corporation","Intel RAID Controller RS3FC044","SAS","ESXi 9.1"," "
"Intel Corporation","82801GBM/GHM (ICH7 Family) Serial ATA Storage Controller AHCI","SATA","ESXi 9.1"," "
"Intel Corporation","82801GHM (ICH7-M DH) SATA RAID Controller","SATA","ESXi 9.1"," "
"Intel Corporation","Intel® SSD DC P4610 Series SSDPE2KE016T8 (1.6TB
 2.5” U.2)","NVMe","ESXi 9.1"," "
"Intel Corporation","Intel® SSD DC P4610 Series SSDPE2KE032T8 (3.2TB
 2.5” U.2)","NVMe","ESXi 9.1"," "
"Intel Corporation","82801HR/HO/HH (ICH8R/DO/DH) 6 port SATA AHCI Controller","SATA","ESXi 9.1"," "
"Intel Corporation","Avoton AHCI Controller","SATA","ESXi 9.1"," "
"Intel Corporation","Intel® SSD DC P4610 Series SSDPE2KE064T8 (6.4TB
 2.5” U.2)","NVMe","ESXi 9.1"," "
"Intel Corporation","Intel Ethernet Server Adapter I350-F2","Network","ESXi 9.1"," "
"Intel Corporation","Intel® SSD DC P4610 Series SSDPE2KE076T8 (7.68TB
 2.5” U.2)","NVMe","ESXi 9.1"," "
"Intel Corporation","82801HB (ICH8) 4 port SATA AHCI Controller","SATA","ESXi 9.1"," "
"Intel Corporation","Intel(R) Ethernet Network Adapter E835-C-Q2","Network","ESXi 9.1"," "
"Intel Corporation","Intel(R) Ethernet Network Adapter E835-XXV-2","Network","ESXi 9.1"," "
"Intel Corporation","82801HBM/HEM (ICH8M/ICH8M-E) SATA AHCI Controller","SATA","ESXi 9.1"," "
"Intel Corporation","Mobile 82801 SATA RAID Controller","SATA","ESXi 9.1"," "
"Intel Corporation","Avoton AHCI Controller","SATA","ESXi 9.1"," "
"Intel Corporation","82801IR/IO/IH (ICH9R/DO/DH) 6 port SATA AHCI Controller","SATA","ESXi 9.1"," "
"Intel Corporation","82801IB (ICH9) 4 port SATA AHCI Controller","SATA","ESXi 9.1"," "
"Intel Corporation","Intel® SSD DC P4510 Series SSDPEWKX153T8 (15.36 TB
 E1.L)","NVMe","ESXi 9.1"," "
"Intel Corporation","Intel® SSD DC P4511 Series SSDPEYKX040T8 (4.0 TB
 E1.S)","NVMe","ESXi 9.1"," "
"Intel Corporation","82801 (ICH9) SATA AHCI Controller","SATA","ESXi 9.1"," "
"Intel Corporation","82801IR/IO (ICH9R/DO) SATA RAID Controller","SATA","ESXi 9.1"," "
"Intel Corporation","Avoton AHCI Controller","SATA","ESXi 9.1"," "
"Intel Corporation","(ICH9) SATA Controller","SATA","ESXi 9.1"," "
"Intel Corporation","ICH9M/M-E SATA AHCI Controller","SATA","ESXi 9.1"," "
"Intel Corporation","Intel RAID Controller RS3DC080","SAS-RAID","ESXi 9.1"," "
"Intel Corporation","(ICH9M) SATA Controller","SATA","ESXi 9.1"," "
"Intel Corporation","Avoton AHCI Controller","SATA","ESXi 9.1"," "
"Intel Corporation","Intel® SSD D5-P5316 Series SSDPFWNV307TZ (30.72TB
 E1.L)","NVMe","ESXi 9.1"," "
"Intel Corporation","82599EB 10 Gigabit Dual Network Connection","Network","ESXi 9.1","Restricted"
"Intel Corporation","Intel 82580 Gigabit Backplane Connection","Network","ESXi 9.1"," "
"Intel Corporation","Intel Integrated RAID Module RMS3CC040","SAS-RAID","ESXi 9.1"," "
"Intel Corporation","Intel RAID Controller RS3WC080","SAS-RAID","ESXi 9.1"," "
"Intel Corporation","Avoton AHCI Controller","SATA","ESXi 9.1"," "
"Intel Corporation","Intel RAID Controller RS3WC040","SAS-RAID","ESXi 9.1"," "
"Intel Corporation","Ethernet Controller I225-K(2)","Network","ESXi 9.1"," "
"Intel Corporation","Avoton AHCI Controller","SATA","ESXi 9.1"," "
"Intel Corporation","Intel® RAID Controller RS3P4MF088F","SAS-SATA-NVME Tri-mode","ESXi 9.1"," "
"Intel Corporation","Intel Integrated RAID Module RMS3HC080","SAS-RAID","ESXi 9.1"," "
"Intel Corporation","Intel® RAID Controller RS3P4TF160F","SAS-SATA-NVME Tri-mode","ESXi 9.1"," "
"Intel Corporation","Intel Integrated RAID RS3LC","SAS-RAID","ESXi 9.1"," "
"Intel Corporation","Avoton AHCI Controller","SATA","ESXi 9.1"," "
"Intel Corporation","Intel Integrated RAID RS3LC5","SAS-RAID","ESXi 9.1"," "
"Intel Corporation","Intel Integrated RAID RS3YC","SAS-RAID","ESXi 9.1"," "
"Intel Corporation","Intel RAID Controller RS3UC080","SAS","ESXi 9.1"," "
"Intel Corporation","Avoton AHCI Controller","SATA","ESXi 9.1"," "
"Intel Corporation","Intel® SSD D5-P4320 Series SSDPE2NV076T8 (7.68TB
 2.5” U.2)","NVMe","ESXi 9.1"," "
"Intel Corporation","Ethernet Server Adapter I340-T4","Network","ESXi 9.1"," "
"Intel Corporation","Intel(R) Ethernet Connection E825-C 10GbE","Network","ESXi 9.1"," "
"Intel Corporation","Intel RAID Controller RS3GC008","SAS","ESXi 9.1"," "
"Intel Corporation","Intel Ethernet Server Adapter I350-T4","Network","ESXi 9.1"," "
"Intel Corporation","82580 Gigabit Network Connection","Network","ESXi 9.1"," "
"Intel Corporation","Ethernet Server Adapter I340-T2","Network","ESXi 9.1"," "
"Intel Corporation","Ethernet Server Adapter I340-T2","Network","ESXi 9.1"," "
"Intel Corporation","Intel Ethernet Server Adapter I350-T2","Network","ESXi 9.1"," "
"Intel Corporation","RS3UC080J","SAS","ESXi 9.1"," "
"Intel Corporation","Ethernet Server Adapter I350-T4","Network","ESXi 9.1"," "
"Intel Corporation","Ethernet Server Adapter I350-T2","Network","ESXi 9.1"," "
"Intel Corporation","Ethernet Server Adapter I350-F4","Network","ESXi 9.1"," "
"Intel Corporation","Ethernet Server Adapter I350-F2","Network","ESXi 9.1"," "
"Intel Corporation","Ethernet Server Adapter I350-F1","Network","ESXi 9.1"," "
"Intel Corporation","Ethernet Server Adapter I350-F4","Network","ESXi 9.1"," "
"Intel Corporation","Ethernet Server Adapter I350-F2","Network","ESXi 9.1"," "
"Intel Corporation","1GbE 4P I350 Mezz","Network","ESXi 9.1"," "
"Intel Corporation","Ethernet Server Adapter I340-F4","Network","ESXi 9.1"," "
"Intel Corporation","Ethernet Server Adapter I340-F4","Network","ESXi 9.1"," "
"Intel Corporation","ICH10 - AHCI","SATA","ESXi 9.1"," "
"Intel Corporation","Intel Ethernet Server Adapter I340-T2","Network","ESXi 9.1"," "
"Intel Corporation","Intel(R) Ethernet Converged Network Adapter X710","Network","ESXi 9.1"," "
"Intel Corporation","Intel(R) Ethernet Converged Network Adapter XL710-Q2","Network","ESXi 9.1"," "
"Intel Corporation","Intel(R) Ethernet Controller XL710 for 20GbE backplane","Network","ESXi 9.1"," "
"Intel Corporation","Lynx Point RAID Controller","SATA","ESXi 9.1"," "
"Intel Corporation","Lynx Point RAID Controller","SATA","ESXi 9.1"," "
"Intel Corporation","Lynx Point RAID Controller","SATA","ESXi 9.1"," "
"Intel Corporation","Lynx Point RAID Controller","SATA","ESXi 9.1"," "
"Intel Corporation","Intel(R) Ethernet Network Adapter OCP XXV710-2","Network","ESXi 9.1"," "
"Intel Corporation","Lynx Point RAID Controller","SATA","ESXi 9.1"," "
"Intel Corporation","Intel(R) Ethernet Network Adapter OCP XXV710-2","Network","ESXi 9.1"," "
"Intel Corporation","XXV710 Ethernet FPGA Programmable N3000","Network","ESXi 9.1"," "
"Intel Corporation","Lynx Point RAID Controller","SATA","ESXi 9.1"," "
"Intel Corporation","Ethernet Controller V710 for 5GBASE-T","Network","ESXi 9.1"," "
"Intel Corporation","Ethernet Controller X710 for 10 Gigabit SFP+","Network","ESXi 9.1"," "
"Intel Corporation","Ethernet Controller X710 for 10 Gigabit backplane","Network","ESXi 9.1"," "
"Intel Corporation","Ethernet Server Adapter I340-T4","Network","ESXi 9.1"," "
"Intel Corporation","Intel(R) Ethernet Controller X710 for 10 Gigabit backplane ","Network","ESXi 9.1"," "
"Intel Corporation","Intel(R) Ethernet Controller X710 for 10 Gigabit SFP+","Network","ESXi 9.1"," "
"Intel Corporation","Ibex Peak Enhanced SATA RAID Controller","SATA","ESXi 9.1"," "
"Intel Corporation","Intel(R) Ethernet Server Adapter OCP X710-2 ","Network","ESXi 9.1"," "
"Intel Corporation","Intel® SSD D5-P4420 Series SSDPE2NU076T8 (7.68TB
 2.5” U.2)","NVMe","ESXi 9.1"," "
"Intel Corporation","Intel 82580 Gigabit Fiber Network Connection","Network","ESXi 9.1"," "
"Intel Corporation","Intel(R) Ethernet Connection E822-L for QSFP","Network","ESXi 9.1"," "
"Intel Corporation","Intel(R) Ethernet Connection E822-C for QSFP","Network","ESXi 9.1"," "
"Intel Corporation","2801GR/GH (ICH7 Family) Serial ATA Storage Controller RAID","SATA","ESXi 9.1"," "
"Intel Corporation","Avoton RAID Controller","SATA","ESXi 9.1"," "
"Intel Corporation","ICH10 - AHCI","SATA","ESXi 9.1"," "
"Intel Corporation","Intel(R) Ethernet Network Adapter E835-C-Q2 for OCP 3.0","Network","ESXi 9.1"," "
"Intel Corporation","Intel SSD DC P3520 Series SSDPE2MX020T7 (2.0 TB
 2.5-inch)","NVMe","ESXi 9.1"," "
"Intel Corporation","Intel SSD DC P3520 Series SSDPE2MX012T7 (1.2 TB
 2.5-inch)","NVMe","ESXi 9.1"," "
"Intel Corporation","Intel SSD DC P3520 Series SSDPE2MX450G7 (450 GB
 2.5-inch)","NVMe","ESXi 9.1"," "
"Intel Corporation","Intel SSD DC P3520 Series SSDPEDMX020T7 (2.0 TB
 HHHL AIC)","NVMe","ESXi 9.1"," "
"Intel Corporation","Intel SSD DC P3520 Series SSDPEDMX012T7 (1.2 TB
 HHHL AIC)","NVMe","ESXi 9.1"," "
"Intel Corporation","Intel(R) Integrated RAID RMSP3LD060","SAS-SATA-NVME Tri-mode RAID","ESXi 9.1"," "
"Intel Corporation","Intel(R) Integrated RAID RMSP3LD060","SAS-SATA-NVME Tri-mode RAID","ESXi 9.1"," "
"Intel Corporation","ICH10 - AHCI","SATA","ESXi 9.1"," "
"Intel Corporation","Intel(R) Ethernet Connection E823-L for QSFP","Network","ESXi 9.1"," "
"Intel Corporation","Intel(R) Ethernet Connection E823-C for QSFP","Network","ESXi 9.1"," "
"Intel Corporation","Intel(R) Integrated RAID FHWKPTPBGB24","SAS","ESXi 9.1"," "
"Intel Corporation","Intel E810-CQDA2 Ethernet 100Gb 2-port QSFP28 OCP3","Network","ESXi 9.1"," "
"Intel Corporation","Intel® SSD D7-P5620 Series SSDPF2KE016T1 (1.6 TB
 2.5" U.2)","NVMe","ESXi 9.1"," "
"Intel Corporation","Intel® SSD D7-P5620 Series SSDPF2KE032T1 (3.2 TB
 2.5" U.2)","NVMe","ESXi 9.1"," "
"Intel Corporation","Intel® SSD D7-P5620 Series SSDPF2KE064T1 (6.4 TB
 2.5" U.2)","NVMe","ESXi 9.1"," "
"Intel Corporation","Intel® SSD D7-P5620 Series SSDPF2KE128T1 (12.8 TB
 2.5" U.2)","NVMe","ESXi 9.1"," "
"Intel Corporation","Intel® SSD D7-P5520 Series SSDPF2KX019T1 (1.9 TB
 2.5" U.2)","NVMe","ESXi 9.1"," "
"Intel Corporation","Intel® SSD D7-P5520 Series SSDPF2KX038T1 (3.8 TB
 2.5" U.2)","NVMe","ESXi 9.1"," "
"Intel Corporation","Intel® SSD D7-P5520 Series SSDPF2KX076T1 (7.6 TB
 2.5" U.2)","NVMe","ESXi 9.1"," "
"Intel Corporation","Intel® SSD D7-P5520 Series SSDPF2KX153T1 (15.3 TB
 2.5" U.2)","NVMe","ESXi 9.1"," "
"Intel Corporation","Intel® SSD D7-P5620 Series SSDPF2KE016T1O (1.6 TB
 2.5" U.2)","NVMe","ESXi 9.1"," "
"Intel Corporation","Intel® SSD D7-P5620 Series SSDPF2KE032T1O (3.2 TB
 2.5" U.2)","NVMe","ESXi 9.1"," "
"Intel Corporation","Intel® SSD D7-P5620 Series SSDPF2KE064T1O (6.4 TB
 2.5" U.2)","NVMe","ESXi 9.1"," "
"Intel Corporation","Intel® SSD D7-P5620 Series SSDPF2KE128T1O (12.8 TB
 2.5" U.2)","NVMe","ESXi 9.1"," "
"Intel Corporation","Intel® SSD D7-P5520 Series SSDPF2KX019T1O (1.9 TB
 2.5" U.2)","NVMe","ESXi 9.1"," "
"Intel Corporation","RMSP3AD160F","SAS-SATA-NVME Tri-mode","ESXi 9.1"," "
"Intel Corporation","Intel® SSD D7-P5520 Series SSDPF2KX038T1O (3.8 TB
 2.5" U.2)","NVMe","ESXi 9.1"," "
"Intel Corporation","Intel® SSD D7-P5520 Series SSDPF2KX076T1O (7.6 TB
 2.5" U.2)","NVMe","ESXi 9.1"," "
"Intel Corporation","RSP3TD160F","SAS-SATA-NVME Tri-mode","ESXi 9.1"," "
"Intel Corporation","Intel® SSD D7-P5520 Series SSDPF2KX153T1O (15.3 TB
 2.5" U.2)","NVMe","ESXi 9.1"," "
"Intel Corporation","RMSP3CD080F","SAS-SATA-NVME Tri-mode","ESXi 9.1"," "
"Intel Corporation","RSP3DD080F","SAS-SATA-NVME Tri-mode","ESXi 9.1"," "
"Intel Corporation","Intel I350-T4 Ethernet 1Gb 4-port BASE-T OCP3","Network","ESXi 9.1"," "
"Intel Corporation","Intel I350 Gigabit Network Controller","Network","ESXi 9.1"," "
"Intel Corporation","HP Ethernet 1Gb 4-port 366T Adapter","Network","ESXi 9.1"," "
"Intel Corporation","631xESB/632xESB SATA Storage Controller RAID","SATA","ESXi 9.1"," "
"Intel Corporation","Intel® SSD DC P3520 Series SSDPEDMX020T7 (2.0 TB
 AIC)","NVMe","ESXi 9.1"," "
"Intel Corporation","Intel SSD DC P3600 Series SSDPE2ME020T4 (2.0 TB
 2.5-inch)","NVMe","ESXi 9.1"," "
"Intel Corporation","10-Gigabit BR KX4 Dual Port Network Connection","Network","ESXi 9.1","Restricted"
"Intel Corporation","Intel SSD DC P3600 Series SSDPE2ME016T4 (1.6 TB
 2.5-inch)","NVMe","ESXi 9.1"," "
"Intel Corporation","Ethernet Connection (23) I219-V","Network","ESXi 9.1"," "
"Intel Corporation","Ethernet Connection (22) I219-V","Network","ESXi 9.1"," "
"Intel Corporation","Ethernet Connection (18) I219-V","Network","ESXi 9.1"," "
"Intel Corporation","Intel SSD DC P3600 Series SSDPE2ME012T4 (1.2 TB
 2.5-inch)","NVMe","ESXi 9.1"," "
"Intel Corporation","Intel(R) Ethernet Network Adapter E610-XT4","Network","ESXi 9.1"," "
"Intel Corporation","82599 10 Gigabit TN Network Connection","Network","ESXi 9.1"," "
"Intel Corporation","Intel(R) Ethernet Network Adapter E610-XT2","Network","ESXi 9.1"," "
"Intel Corporation","Intel(R) Ethernet Network Adapter E610-IT4","Network","ESXi 9.1"," "
"Intel Corporation","Intel(R) Ethernet Network Adapter E610-XT4 for OCP 3.0","Network","ESXi 9.1"," "
"Intel Corporation","Cougar Point SATA Premium RAID Controller","SATA","ESXi 9.1"," "
"Intel Corporation","Intel Ethernet Connection I219-LM","Network","ESXi 9.1"," "
"Intel Corporation","Ethernet Controller XL710-TM4","Network","ESXi 9.1"," "
"Intel Corporation","Intel Ethernet Connection (2) I219-V","Network","ESXi 9.1"," "
"Intel Corporation","Ethernet Connection X722","Network","ESXi 9.1"," "
"Intel Corporation","Ethernet Connection (20) I219-V","Network","ESXi 9.1"," "
"Intel Corporation","Ethernet Connection X552 1000BASE-T","Network","ESXi 9.1"," "
"Intel Corporation","Intel Ethernet Connection I219-V","Network","ESXi 9.1"," "
"Intel Corporation","Intel Ethernet Connection (2) I219-LM","Network","ESXi 9.1"," "
"Intel Corporation","82801HR/HO/HH (ICH8R/DO/DH) 6 port SATA AHCI Controller","SATA","ESXi 9.1"," "
"Intel Corporation","Intel(R) Ethernet Network Adapter E835-C-Q2","Network","ESXi 9.1"," "
"Intel Corporation","Intel 82580 Gigabit SFP Connection","Network","ESXi 9.1"," "
"Intel Corporation","Intel® SSD D7-P5520 Series SSDPFUKX038T1 (3.8 TB
 E1.S)","NVMe","ESXi 9.1"," "
"Intel Corporation","Intel® SSD DC P4618 Series SSDPECKE064T8 (6.4 TB
 AIC)","NVMe","ESXi 9.1"," "
"Intel Corporation","Intel® SSD D7-P5520 Series SSDPFVKX019T1 (1.9 TB
 E1.S)","NVMe","ESXi 9.1"," "
"Intel Corporation","Intel® SSD D7-P5520 Series SSDPFVKX038T1 (3.8 TB
 E1.S)","NVMe","ESXi 9.1"," "
"Intel Corporation","Intel® SSD D7-P5520 Series SSDPFVKX076T1 (7.6 TB
 E1.S)","NVMe","ESXi 9.1"," "
"Intel Corporation","Intel® SSD D7-P5520 Series SSDPFUKX019T1O (1.9 TB
 E1.S)","NVMe","ESXi 9.1"," "
"Intel Corporation","Intel® SSD D7-P5520 Series SSDPFUKX038T1O (3.8 TB
 E1.S)","NVMe","ESXi 9.1"," "
"Intel Corporation","Intel® SSD D7-P5520 Series SSDPFVKX019T1O (1.9 TB
 E1.S)","NVMe","ESXi 9.1"," "
"Intel Corporation","Intel® SSD D7-P5520 Series SSDPFVKX038T1O (3.8 TB
 E1.S)","NVMe","ESXi 9.1"," "
"Intel Corporation","Intel® SSD D7-P5520 Series SSDPFVKX076T1O (7.6 TB
 E1.S)","NVMe","ESXi 9.1"," "
"Intel Corporation","Cave Creek AHCI 2 Port SATA Controller","SATA","ESXi 9.1"," "
"Intel Corporation","Intel® SSD D5-P4326 Series SSDPE2NV153T8 (15.36TB
 2.5" U2)","NVMe","ESXi 9.1"," "
"Intel Corporation","Cave Creek AHCI 2 Port SATA Controller","SATA","ESXi 9.1"," "
"Intel Corporation","Intel® SSD D7-P5520 Series SSDPFUKX019T1 (1.9 TB
 E1.S)","NVMe","ESXi 9.1"," "
"Intel Corporation","Intel® SSD D7-P5520 Series SSDPFUKX076T1 (7.6 TB
 E1.S)","NVMe","ESXi 9.1"," "
"Intel Corporation","Cave Creek AHCI 4 Port SATA Controller","SATA","ESXi 9.1"," "
"Intel Corporation","Intel Corporation Ethernet Connection X722 for 10GbE SFP+","Network","ESXi 9.1"," "
"Intel Corporation","Intel(R) Ethernet Connection X722 for 10GBASE-T","Network","ESXi 9.1"," "
"Intel Corporation","Intel(R) Ethernet Connection X722 for 10GbE backplane","Network","ESXi 9.1"," "
"Intel Corporation","Intel® SSD DC P3520 Series SSDPEDMX012T7 (1.2 TB
 AIC)","NVMe","ESXi 9.1"," "
"Intel Corporation","Intel® SSD D7-P5520 Series SSDPFUKX076T1O (7.6 TB
 E1.S)","NVMe","ESXi 9.1"," "
"Intel Corporation","Intel C610 Series (Wellsburg) Chipset AHCI Controller
 6-port","SATA","ESXi 9.1"," "
"Intel Corporation","Intel® SSD DC P3520 Series SSDPEDMX020T7 (2.0 TB
 AIC)","NVMe","ESXi 9.1"," "
"Intel Corporation","Intel® SSD DC P3520 Series SSDPE2MX020T7 (2.0 TB
 2.5” U.2)","NVMe","ESXi 9.1"," "
"Intel Corporation","Intel® SSD DC P3520 Series SSDPE2MX012T7 (1.2 TB
 2.5” U.2)","NVMe","ESXi 9.1"," "
"Intel Corporation","Intel® SSD DC P3520 Series SSDPE2MX450G7 (450 GB
 2.5” U.2)","NVMe","ESXi 9.1"," "
"Intel Corporation","Intel(R) Ethernet Connection X722 for 10GbE SFP+","Network","ESXi 9.1"," "
"Intel Corporation","I210 Gigabit Network Connection","Network","ESXi 9.1"," "
"Intel Corporation","Intel(R) Ethernet Connection X722 for 10GbE QSFP+","Network","ESXi 9.1"," "
"Intel Corporation","Sunrise Point-H RAID Controller","SATA","ESXi 9.1"," "
"Intel Corporation","Intel(R) Ethernet Controller E810-C for QSFP","Network","ESXi 9.1"," "
"Intel Corporation","Intel(R) Ethernet Controller E810-C for SFP","Network","ESXi 9.1"," "
"Intel Corporation","Intel(R) Ethernet Connection X722 for 1GbE","Network","ESXi 9.1"," "
"Intel Corporation","Intel(R) Ethernet Network Adapter E810-XXVDA4","Network","ESXi 9.1"," "
"Intel Corporation","Intel(R) Ethernet Network Adapter E810-XXVDA4","Network","ESXi 9.1"," "
"Intel Corporation","I210 Gigabit Fiber Network Connection","Network","ESXi 9.1"," "
"Intel Corporation","Sunrise Point-H RAID Controller","SATA","ESXi 9.1"," "
"Intel Corporation","Intel SSD DC P3608 Series SSDPECME040T4 (4.0 TB
 HHHL AIC)","NVMe","ESXi 9.1"," "
"Intel Corporation","Intel(R) Ethernet Network Adapter E810-C-Q2","Network","ESXi 9.1"," "
"Intel Corporation","I210 Gigabit Backplane Network Connection","Network","ESXi 9.1"," "
"Intel Corporation","Intel SSD DC P3608 Series SSDPECME032T4 (3.2 TB
 HHHL AIC)","NVMe","ESXi 9.1"," "
"Intel Corporation","Intel SSD DC P3608 Series SSDPECME016T4 (1.6 TB
 HHHL AIC)","NVMe","ESXi 9.1"," "
"Intel Corporation","I210 Gigabit Network Connection","Network","ESXi 9.1"," "
"Intel Corporation","Intel(R) Ethernet Connection X552/X557-AT 10GBASE-T","Network","ESXi 9.1"," "
"Intel Corporation","I211 Gigabit Network Connection","Network","ESXi 9.1"," "
"Intel Corporation","I210 Gigabit Network Connection","Network","ESXi 9.1"," "
"Intel Corporation","82579LM Gigabit Network Connection","Network","ESXi 9.1"," "
"Intel Corporation","82579V Gigabit Network Connection","Network","ESXi 9.1"," "
"Intel Corporation","Intel(R) Ethernet Controller XXV710 for 25GbE SFP28","Network","ESXi 9.1"," "
"Intel Corporation","Intel(R) Ethernet Controller XXV710 for 25GbE backplane ","Network","ESXi 9.1","Restricted"
"Intel Corporation","Intel Ethernet Connection I217-LM","Network","ESXi 9.1"," "
"Intel Corporation","Intel(R) Ethernet Network Adapter XXV710 ","Network","ESXi 9.1"," "
"Intel Corporation","Intel(R) Ethernet Network Adapter XXV710-1 ","Network","ESXi 9.1"," "
"Intel Corporation","Intel(R) Ethernet Network Adapter XXV710-1 ","Network","ESXi 9.1"," "
"Intel Corporation","Intel(R) Ethernet Network Adapter XXV710-2 ","Network","ESXi 9.1"," "
"Intel Corporation","Intel(R) Ethernet Network Adapter XXV710-2 ","Network","ESXi 9.1"," "
"Intel Corporation","Intel(R) Ethernet Network Adapter OCP XXV710-1 ","Network","ESXi 9.1"," "
"Intel Corporation","Intel Ethernet Connection I217-V","Network","ESXi 9.1"," "
"Intel Corporation","Intel(R) Ethernet Network Adapter OCP XXV710-1 ","Network","ESXi 9.1"," "
"Intel Corporation","AHWBPBGB24","SAS","ESXi 9.1"," "
"Intel Corporation","Intel Ethernet Connection I218-V","Network","ESXi 9.1"," "
"Intel Corporation","631xESB/632xESB SATA Storage Controller RAID","SATA","ESXi 9.1"," "
"Intel Corporation","Patsburg SATA RAID Controller","SATA","ESXi 9.1"," "
"Intel Corporation","Intel Ethernet Connection I218-LM","Network","ESXi 9.1"," "
"Intel Corporation","Intel Ethernet Connection (2) I218-LM","Network","ESXi 9.1"," "
"Intel Corporation","RSP3MD088F","SAS-SATA-NVME Tri-mode","ESXi 9.1"," "
"Intel Corporation","Wellsburg RAID Controller","SATA","ESXi 9.1"," "
"Intel Corporation","Intel Ethernet Connection (2) I218-V","Network","ESXi 9.1"," "
"Intel Corporation","Intel(R) Ethernet Connection X553 10 GbE SFP+","Network","ESXi 9.1"," "
"Intel Corporation","Ethernet Controller I225-IT(2)","Network","ESXi 9.1"," "
"Intel Corporation","Ethernet Controller I226-LM","Network","ESXi 9.1"," "
"Intel Corporation","Ethernet Controller I226-V","Network","ESXi 9.1"," "
"Intel Corporation","Ethernet Controller I226-IT","Network","ESXi 9.1"," "
"Intel Corporation","Ethernet Controller I226(blankNVM)","Network","ESXi 9.1"," "
"Intel Corporation","Ethernet Controller I225-LM","Network","ESXi 9.1"," "
"Intel Corporation","Ethernet Controller I225-I","Network","ESXi 9.1"," "
"Intel Corporation","Ethernet Controller I225(blankNVM)","Network","ESXi 9.1"," "
"Intel Corporation","Ethernet Controller I225-K","Network","ESXi 9.1"," "
"Intel Corporation","Ethernet Controller I226-K","Network","ESXi 9.1"," "
"Intel Corporation","Ethernet Controller I225-LMvP(2)","Network","ESXi 9.1"," "
"Intel Corporation","Ethernet Controller I226-LMvP(2)","Network","ESXi 9.1"," "
"Intel Corporation","Intel Ethernet Connection (3) I218-LM","Network","ESXi 9.1"," "
"Intel Corporation","Ethernet Connection X553 10 GbE Backplane","Network","ESXi 9.1"," "
"Intel Corporation","Ethernet Connection X553 1 GbE Backplane","Network","ESXi 9.1"," "
"Intel Corporation","Ethernet Connection X553 10 GbE SFP+","Network","ESXi 9.1"," "
"Intel Corporation","Ethernet Connection X553 1 GbE","Network","ESXi 9.1"," "
"Intel Corporation","Ethernet Connection X553 1 GbE","Network","ESXi 9.1"," "
"Intel Corporation","Intel Ethernet Connection (3) I218-V","Network","ESXi 9.1"," "
"Intel Corporation","Intel(R) Ethernet Connection X553/X557-AT 10GBASE-T","Network","ESXi 9.1"," "
"Intel Corporation","Intel(R) Ethernet Connection X553 10 GbE SFP+","Network","ESXi 9.1"," "
"Intel Corporation","Ethernet Connection X553 1 GbE","Network","ESXi 9.1"," "
"Intel Corporation","Ethernet Connection X553 1 GbE","Network","ESXi 9.1"," "
"Intel Corporation","Intel Volume Management Device","NVMe-RAID","ESXi 9.1"," "
"Intel Corporation","Coleto Creek AHCI Controller","SATA","ESXi 9.1"," "
"Intel Corporation","Lewisburg SATA AHCI Controller","SATA","ESXi 9.1"," "
"Intel Corporation","Wellsburg RAID Controller","SATA","ESXi 9.1"," "
"Intel Corporation","Lewisburg SATA AHCI Controller","SATA","ESXi 9.1"," "
"Intel Corporation","Lewisburg SATA AHCI Controller","SATA","ESXi 9.1"," "
"Intel Corporation","Lewisburg SATA AHCI Controller","SATA","ESXi 9.1"," "
"Intel Corporation","Wellsburg RAID Controller","SATA","ESXi 9.1"," "
"Intel Corporation","Intel(R) Ethernet Connection X552 10 GbE Backplane","Network","ESXi 9.1"," "
"Intel Corporation","Intel(R) Ethernet Connection X552 10 GbE SFP+","Network","ESXi 9.1"," "
"Intel Corporation","Ethernet Connection (11) I219-LM","Network","ESXi 9.1"," "
"Intel Corporation","Ethernet Connection (11) I219-V","Network","ESXi 9.1"," "
"Intel Corporation","Ethernet Connection (12) I219-V","Network","ESXi 9.1"," "
"Intel Corporation","Ethernet Connection (8) I219-LM","Network","ESXi 9.1"," "
"Intel Corporation","Ethernet Connection (8) I219-V","Network","ESXi 9.1"," "
"Intel Corporation","Ethernet Connection (9) I219-V","Network","ESXi 9.1"," "
"Intel Corporation","Ethernet Connection (15) I219-LM","Network","ESXi 9.1"," "
"Intel Corporation","Ethernet Connection (15) I219-V","Network","ESXi 9.1"," "
"Intel Corporation","Ethernet Connection (14) I219-V","Network","ESXi 9.1"," "
"Intel Corporation","Ibex Peak 4 port SATA AHCI Controller","SATA","ESXi 9.1"," "
"Intel Corporation","Intel(R) Ethernet Connection X552 10 GbE Backplane","Network","ESXi 9.1"," "
"Intel Corporation","Denverton SATA Controller 0","SATA","ESXi 9.1"," "
"Intel Corporation","Ethernet Connection (13) I219-V","Network","ESXi 9.1"," "
"Intel Corporation","Ethernet Connection (17) I219-V","Network","ESXi 9.1"," "
"Intel Corporation","Ethernet Connection (16) I219-LM","Network","ESXi 9.1"," "
"Intel Corporation","Ethernet Connection (16) I219-V","Network","ESXi 9.1"," "
"Intel Corporation","Intel SSD DC P4500 Series SSDPE2KX010T7 (1.0 TB
 2.5-inch)","NVMe","ESXi 9.1"," "
"Intel Corporation","Ethernet Connection E823-L for SFP","Network","ESXi 9.1"," "
"Intel Corporation","Intel SSD DC P4500 Series SSDPE2KX020T7 (2.0 TB
 2.5-inch)","NVMe","ESXi 9.1"," "
"Intel Corporation","Ethernet Connection E823-L 1GbE","Network","ESXi 9.1"," "
"Intel Corporation","Intel Corporation Ethernet Controller X710/X557-AT 10GBASE-T","Network","ESXi 9.1"," "
"Intel Corporation","Ethernet Connection E823-C for backplane","Network","ESXi 9.1"," "
"Intel Corporation","Intel SSD DC P4500 Series SSDPE2KX040T7 (4.0 TB
 2.5-inch)","NVMe","ESXi 9.1"," "
"Intel Corporation","Intel Corporation Ethernet Controller X710/X557-AT 10GBASE-T","Network","ESXi 9.1"," "
"Intel Corporation","Intel SSD DC P4500 Series SSDPEDKX040T7 (4.0 TB
 AIC)","NVMe","ESXi 9.1"," "
"Intel Corporation","Intel SSD DC P4600 Series SSDPE2KE016T7 (1.6 TB
 2.5 inch)","NVMe","ESXi 9.1"," "
"Intel Corporation","Intel SSD DC P4600 Series SSDPE2KE020T7 (2.0 TB
 2.5 inch)","NVMe","ESXi 9.1"," "
"Intel Corporation","Intel Corporation Ethernet Controller X710/X557-AT 10GBASE-T","Network","ESXi 9.1"," "
"Intel Corporation","Intel Integrated RAID Module RMS3JC080","SAS","ESXi 9.1"," "
"Intel Corporation","Intel SSD DC P4600 Series SSDPE2KE032T7 (3.2 TB
 2.5 inch)","NVMe","ESXi 9.1"," "
"Intel Corporation","Intel SSD DC P4600 Series SSDPEDKE020T7 (2.0 TB
 AIC)","NVMe","ESXi 9.1"," "
"Intel Corporation","Intel(R) Ethernet Server Adapter I210-T1","Network","ESXi 9.1"," "
"Intel Corporation","Intel Corporation Ethernet Controller X710/X557-AT 10GBASE-T","Network","ESXi 9.1"," "
"Intel Corporation","Intel SSD DC P4600 Series SSDPEDKE040T7 (4.0 TB
 AIC)","NVMe","ESXi 9.1"," "
"Intel Corporation","Intel SSD DC P4501 Series SSDPE7KX500T7 (0.5 TB
 2.5-inch)","NVMe","ESXi 9.1"," "
"Intel Corporation","Intel SSD DC P4501 Series SSDPE7KX010T7 (1.0 TB
 2.5-inch)","NVMe","ESXi 9.1"," "
"Intel Corporation","Intel SSD DC P4501 Series SSDPE7KX020T7 (2.0 TB
 2.5-inch)","NVMe","ESXi 9.1"," "
"Intel Corporation","Intel SSD DC P4501 Series SSDPE7KX040T7 (4.0 TB
 2.5-inch)","NVMe","ESXi 9.1"," "
"Intel Corporation","Intel SSD DC P4601 Series SSDPE7KE040T7 (4.0 TB
 2.5-inch)","NVMe","ESXi 9.1"," "
"Intel Corporation","Intel SSD DC P4608 Series SSDPECKE064T7 (6.4 TB
 x8 AIC)","NVMe","ESXi 9.1"," "
"Intel Corporation","Intel Ethernet Server Adapter I340-F4","Network","ESXi 9.1"," "
"Intel Corporation","Intel(R) I210 Gigabit Network Connection","Network","ESXi 9.1"," "
"Inventec Corp","OMSC-SAS3508","SAS-SATA-NVME Tri-mode RAID","ESXi 9.1"," "
"Kioxia Corporation","KCD8XVUG800G","NVMe","ESXi 9.1"," "
"Kioxia Corporation","KCD8XVUG1T60","NVMe","ESXi 9.1"," "
"Kioxia Corporation","KCD8XVUG3T20","NVMe","ESXi 9.1"," "
"Kioxia Corporation","KCD8XVUG12T8","NVMe","ESXi 9.1"," "
"Kioxia Corporation","KCD8XRUG960G","NVMe","ESXi 9.1"," "
"Kioxia Corporation","KCD8XRUG1T92","NVMe","ESXi 9.1"," "
"Kioxia Corporation","KCD8XRUG7T68","NVMe","ESXi 9.1"," "
"Kioxia Corporation","KCD8XRUG15T3","NVMe","ESXi 9.1"," "
"Kioxia Corporation","Kioxia NVMe SSD CM6-R SIE KCM6XRUL960G 960GB","NVMe","ESXi 9.1"," "
"Kioxia Corporation","Kioxia NVMe SSD CM6-R SIE KCM6XRUL1T92 1.92TB","NVMe","ESXi 9.1"," "
"Kioxia Corporation","Kioxia NVMe SSD CM6-R SIE KCM6XRUL3T84 3.84TB","NVMe","ESXi 9.1"," "
"Kioxia Corporation","Kioxia NVMe SSD CM6-R SIE KCM6XRUL7T68 7.68TB","NVMe","ESXi 9.1"," "
"Kioxia Corporation","Kioxia NVMe SSD CM6-R SIE KCM6XRUL15T3 15.3TB","NVMe","ESXi 9.1"," "
"Kioxia Corporation","Kioxia NVMe SSD CM7-R SIE KCM7XRJE1T92 1.92TB","NVMe","ESXi 9.1"," "
"Kioxia Corporation","Kioxia NVMe SSD CM7-R  SIE KCMYXRUG1T92 1.92TB","NVMe","ESXi 9.1"," "
"Kioxia Corporation","Kioxia NVMe SSD CM9 SED KCM9DRUL61T4 61.44TB","NVMe","ESXi 9.1"," "
"Kioxia Corporation","Kioxia NVMe SSD CM9 SED KCM9DVUL1T60 1.6TB","NVMe","ESXi 9.1"," "
"Kioxia Corporation","Kioxia NVMe SSD CM9 SED KCM9DRUL30T7 30.72TB","NVMe","ESXi 9.1"," "
"Kioxia Corporation","Kioxia NVMe SSD CM9 SED KCM9DRUL7T68 7.68TB","NVMe","ESXi 9.1"," "
"Kioxia Corporation","Kioxia NVMe SSD CM9 SED KCM9DRUL3T84 3.84TB","NVMe","ESXi 9.1"," "
"Kioxia Corporation","Kioxia NVMe SSD CM9 SED KCM9DRUL15T3 15.36TB","NVMe","ESXi 9.1"," "
"Kioxia Corporation","Kioxia NVMe SSD CM9 SIE KCM9XRUL1T92 1.92TB","NVMe","ESXi 9.1"," "
"Kioxia Corporation","Kioxia NVMe SSD CM9 SED KCM9DVUL12T8 12.8TB","NVMe","ESXi 9.1"," "
"Kioxia Corporation","Kioxia NVMe SSD CM9 SED KCM9DVUL3T20 3.2TB","NVMe","ESXi 9.1"," "
"Kioxia Corporation","Kioxia NVMe SSD CM7-R SIE KCM7XRJE7T68 7.68TB/KCM7XRJE7T68","NVMe","ESXi 9.1"," "
"Kioxia Corporation","Kioxia NVMe SSD CM7-R SIE KCM7XRJE15T3 15.36TB/KCM7XRJE15T3","NVMe","ESXi 9.1"," "
"Kioxia Corporation","Kioxia NVMe SSD CM7-V SIE KCM7XVJE1T60 1.6TB/KCM7XVJE1T60","NVMe","ESXi 9.1"," "
"Kioxia Corporation","Kioxia NVMe SSD CM7-V SIE KCM7XVJE3T20 3.2TB/KCM7XVJE3T20","NVMe","ESXi 9.1"," "
"Kioxia Corporation","Kioxia NVMe SSD CM7-V SIE KCM7XVJE6T40 6.4TB/KCM7XVJE6T40","NVMe","ESXi 9.1"," "
"Kioxia Corporation","Kioxia NVMe SSD CM7-V SIE KCM7XVJE12T8 12.8TB/KCM7XVJE12T8","NVMe","ESXi 9.1"," "
"Kioxia Corporation","Kioxia NVMe SSD CM7-V KCMYXVUG1T60 1.6TB/KCMYXVUG1T60","NVMe","ESXi 9.1"," "
"Kioxia Corporation","Kioxia NVMe SSD CM7-V KCMYXVUG3T20 3.2TB/KCMYXVUG3T20","NVMe","ESXi 9.1"," "
"Kioxia Corporation","Kioxia NVMe SSD CM7-V KCMYXVUG6T40 6.4TB/KCMYXVUG6T40","NVMe","ESXi 9.1"," "
"Kioxia Corporation","Kioxia NVMe SSD CM7-V KCMYXVUG12T8 12.8TB/KCMYXVUG12T8","NVMe","ESXi 9.1"," "
"Kioxia Corporation","Kioxia NVMe SSD CM7-R KCMY1RUG1T92 1.92TB/KCMY1RUG1T92","NVMe","ESXi 9.1"," "
"Kioxia Corporation","Kioxia NVMe SSD CM7-R KCMY1RUG3T84 3.84TB/KCMY1RUG3T84","NVMe","ESXi 9.1"," "
"Kioxia Corporation","Kioxia NVMe SSD CM7-R KCMY1RUG7T68 7.68TB/KCMY1RUG7T68","NVMe","ESXi 9.1"," "
"Kioxia Corporation","Kioxia NVMe SSD CM7-V KCMY1VUG1T60 1.6TB/KCMY1VUG1T60","NVMe","ESXi 9.1"," "
"Kioxia Corporation","Kioxia NVMe SSD CM7-V KCMY1VUG3T20 3.2TB/KCMY1VUG3T20","NVMe","ESXi 9.1"," "
"Kioxia Corporation","Kioxia NVMe SSD CM7-V KCMY1VUG6T40 6.4TB/KCMY1VUG6T40","NVMe","ESXi 9.1"," "
"Kioxia Corporation","Kioxia NVMe SSD CM7-V KCMY1VUG12T8 12.8TB/KCMY1VUG12T8","NVMe","ESXi 9.1"," "
"Kioxia Corporation","Kioxia NVMe SSD CM7-R SIE KCMYXRUG3T84 3.84TB/KCMYXRUG3T84","NVMe","ESXi 9.1"," "
"Kioxia Corporation","Kioxia NVMe SSD CM7-R SIE KCMYXRUG7T68 7.68TB/KCMYXRUG7T68","NVMe","ESXi 9.1"," "
"Kioxia Corporation","Kioxia NVMe SSD CM7-R SIE KCMYXRUG15T3 15.36TB/KCMYXRUG15T3","NVMe","ESXi 9.1"," "
"Kioxia Corporation","Kioxia NVMe SSD CD8P-V  SIE KCD8XPJE1T60 1.6TB","NVMe","ESXi 9.1"," "
"Kioxia Corporation","Kioxia NVMe SSD CM9 SIE KCM9XRUL15T3 15.36TB","NVMe","ESXi 9.1"," "
"Kioxia Corporation","Kioxia NVMe SSD CM9 SIE KCM9XRUL7T68 7.68TB","NVMe","ESXi 9.1"," "
"Kioxia Corporation","KCD81RUG960G","NVMe","ESXi 9.1"," "
"Kioxia Corporation","KCD81RUG1T92","NVMe","ESXi 9.1"," "
"Kioxia Corporation","KCD81RUG3T84","NVMe","ESXi 9.1"," "
"Kioxia Corporation","KCD81RUG7T68","NVMe","ESXi 9.1"," "
"Kioxia Corporation","KCD81RUG15T3","NVMe","ESXi 9.1"," "
"Kioxia Corporation","Kioxia NVMe SSD CD9P SED KCD9DPUG3T20 3.2TB","NVMe","ESXi 9.1"," "
"Kioxia Corporation","Kioxia NVMe SSD CM9 SIE KCM9XRUL30T7 30.72TB","NVMe","ESXi 9.1"," "
"Kioxia Corporation","Kioxia NVMe SSD CD8P-R KCD81PUG1T92 1.92TB","NVMe","ESXi 9.1"," "
"Kioxia Corporation","Kioxia NVMe SSD CM9 SIE KCM9XRUL3T84 3.84TB","NVMe","ESXi 9.1"," "
"Kioxia Corporation","Kioxia NVMe SSD CD8P-R KCD81PUG3T84 3.84TB","NVMe","ESXi 9.1"," "
"Kioxia Corporation","Kioxia NVMe SSD CD8P-V  KCD81PUG1T60 1.6TB","NVMe","ESXi 9.1"," "
"Kioxia Corporation","Kioxia NVMe SSD CD8P-R SIE KCD8XPUG1T92 1.92TB","NVMe","ESXi 9.1"," "
"Kioxia Corporation","Kioxia NVMe SSD CD8P-R SIE KCD8XPUG3T84 3.84TB","NVMe","ESXi 9.1"," "
"Kioxia Corporation","Kioxia NVMe SSD CD8P-R SIE KCD8XPUG7T68 7.68TB","NVMe","ESXi 9.1"," "
"Kioxia Corporation","Kioxia NVMe SSD CD8P-R SIE KCD8XPUG15T3 15.36TB","NVMe","ESXi 9.1"," "
"Kioxia Corporation","Kioxia NVMe SSD CD8P-R SIE KCD8XPUG30T7 30.72TB","NVMe","ESXi 9.1"," "
"Kioxia Corporation","Kioxia NVMe SSD CD8P-V  SIE KCD8XPUG3T20 3.2TB","NVMe","ESXi 9.1"," "
"Kioxia Corporation","Kioxia NVMe SSD CD8P-V SIE KCD8XPUG6T40 6.4TB","NVMe","ESXi 9.1"," "
"Kioxia Corporation","Kioxia NVMe SSD CD8P-V SIE KCD8XPUG12T8 12.8TB","NVMe","ESXi 9.1"," "
"Kioxia Corporation","Kioxia NVMe SSD CD8P-R KCD81PUG15T3 15.36TB","NVMe","ESXi 9.1"," "
"Kioxia Corporation","Kioxia NVMe SSD CD8P-R KCD81PUG30T7 30.72TB","NVMe","ESXi 9.1"," "
"Kioxia Corporation","Kioxia NVMe SSD CD8P-V  KCD81PUG3T20 3.2TB","NVMe","ESXi 9.1"," "
"Kioxia Corporation","Kioxia NVMe SSD CD8P-V  KCD81PUG6T40 6.4TB","NVMe","ESXi 9.1"," "
"Kioxia Corporation","Kioxia NVMe SSD CD8P-V  KCD81PUG12T8 12.8TB","NVMe","ESXi 9.1"," "
"Kioxia Corporation","Kioxia NVMe SSD CD9P SED KCD9DPJE3T84 3.84TB","NVMe","ESXi 9.1"," "
"Kioxia Corporation","Kioxia NVMe SSD CD8P-R SIE KCD8XPJE1T92 1.92TB","NVMe","ESXi 9.1"," "
"Kioxia Corporation","Kioxia NVMe SSD CD8P-V  SIE KCD8XPJE3T20 3.2TB","NVMe","ESXi 9.1"," "
"Kioxia Corporation","Kioxia NVMe SSD CD8P-V SIE KCD8XPJE6T40 6.4TB","NVMe","ESXi 9.1"," "
"Kioxia Corporation","Kioxia NVMe SSD CD8P-V SIE KCD8XPJE12T8 12.8TB","NVMe","ESXi 9.1"," "
"Kioxia Corporation","Kioxia NVMe SSD CD8P-R SIE KCD8XPJE3T84 3.84TB","NVMe","ESXi 9.1"," "
"Kioxia Corporation","Kioxia NVMe SSD CD8P-R SIE KCD8XPJE7T68 7.68TB","NVMe","ESXi 9.1"," "
"Kioxia Corporation","Kioxia NVMe SSD CD8P-R SIE KCD8XPJE15T3 15.36TB","NVMe","ESXi 9.1"," "
"Kioxia Corporation","Kioxia NVMe SSD CM9 SED KCM9DRJE7T68 7.68TB","NVMe","ESXi 9.1"," "
"Kioxia Corporation","Kioxia NVMe SSD CM9 SIE KCM9XVUL12T8 12.8TB","NVMe","ESXi 9.1"," "
"Kioxia Corporation","Kioxia NVMe SSD CD9P SED KCD9DPUG12T8 12.8TB","NVMe","ESXi 9.1"," "
"Kioxia Corporation","Kioxia NVMe SSD CM9 SIE KCM9XVUL6T40 6.4TB","NVMe","ESXi 9.1"," "
"Kioxia Corporation","Kioxia NVMe SSD CM9 SED KCM9DRJE1T92 1.92TB","NVMe","ESXi 9.1"," "
"Kioxia Corporation","Kioxia NVMe SSD CM9 SIE KCM9XVUL3T20 3.2TB","NVMe","ESXi 9.1"," "
"Kioxia Corporation","Kioxia NVMe SSD CM9 SED KCM9DVJE6T40 6.4TB","NVMe","ESXi 9.1"," "
"Kioxia Corporation","Kioxia NVMe SSD CM9 SED KCM9DVJE3T20 3.2TB","NVMe","ESXi 9.1"," "
"Kioxia Corporation","Kioxia NVMe SSD CM9 SED KCM9DVJE1T60 1.6TB","NVMe","ESXi 9.1"," "
"Kioxia Corporation","Kioxia NVMe SSD CM9 SED KCM9DRJE30T7 30.72TB","NVMe","ESXi 9.1"," "
"Kioxia Corporation","Kioxia NVMe SSD CD8P-V SED KCD8DPUG6T40 6.4TB","NVMe","ESXi 9.1"," "
"Kioxia Corporation","Kioxia NVMe SSD CD8P-R SED KCD8DPUG1T92 1.92TB","NVMe","ESXi 9.1"," "
"Kioxia Corporation","Kioxia NVMe SSD CD8P-R SED KCD8DPUG3T84 3.84TB","NVMe","ESXi 9.1"," "
"Kioxia Corporation","Kioxia NVMe SSD CD8P-R SED KCD8DPUG7T68 7.68TB","NVMe","ESXi 9.1"," "
"Kioxia Corporation","Kioxia NVMe SSD CD8P-R SED KCD8DPUG15T3 15.36TB","NVMe","ESXi 9.1"," "
"Kioxia Corporation","Kioxia NVMe SSD CD8P-R SED KCD8DPUG30T7 30.72TB","NVMe","ESXi 9.1"," "
"Kioxia Corporation","Kioxia NVMe SSD CD8P-V  SED KCD8DPJE1T60 1.6TB","NVMe","ESXi 9.1"," "
"Kioxia Corporation","Kioxia NVMe SSD CD8P-V  SED KCD8DPJE3T20 3.2TB","NVMe","ESXi 9.1"," "
"Kioxia Corporation","Kioxia NVMe SSD CD8P-V SED KCD8DPJE6T40 6.4TB","NVMe","ESXi 9.1"," "
"Kioxia Corporation","Kioxia NVMe SSD CD8P-R SED KCD8DPJE1T92 1.92TB","NVMe","ESXi 9.1"," "
"Kioxia Corporation","Kioxia NVMe SSD CD8P-R SED KCD8DPJE3T84 3.84TB","NVMe","ESXi 9.1"," "
"Kioxia Corporation","Kioxia NVMe SSD CD8P-R SED KCD8DPJE7T68 7.68TB","NVMe","ESXi 9.1"," "
"Kioxia Corporation","Kioxia NVMe SSD CD8P-R SED KCD8DPJE15T3 15.36TB","NVMe","ESXi 9.1"," "
"Kioxia Corporation","KCD81VUG800G","NVMe","ESXi 9.1"," "
"Kioxia Corporation","KCD81VUG1T60","NVMe","ESXi 9.1"," "
"Kioxia Corporation","KCD81VUG3T20","NVMe","ESXi 9.1"," "
"Kioxia Corporation","KCD81VUG6T40","NVMe","ESXi 9.1"," "
"Kioxia Corporation","KCD81VUG12T8","NVMe","ESXi 9.1"," "
"Kioxia Corporation","Kioxia NVMe SSD CM9 SIE KCM9XRUL61T4 61.44TB","NVMe","ESXi 9.1"," "
"Kioxia Corporation","Kioxia NVMe SSD CD9P SIE KCD9XPUG1T92 1.92TB","NVMe","ESXi 9.1"," "
"Kioxia Corporation","Kioxia NVMe SSD CM9 SED KCM9DVJE12T8 12.8TB","NVMe","ESXi 9.1"," "
"Kioxia Corporation","Kioxia NVMe SSD CD9P SED KCD9DPUG61T4 61.44TB","NVMe","ESXi 9.1"," "
"Kioxia Corporation","Kioxia NVMe SSD CM7-R SIE KCM7XRJE3T84 3.84TB/KCM7XRJE3T84","NVMe","ESXi 9.1"," "
"Kioxia Corporation","KCM61VUL800G","NVMe","ESXi 9.1"," "
"Kioxia Corporation","KCM61VUL1T60","NVMe","ESXi 9.1"," "
"Kioxia Corporation","KCM61VUL3T20","NVMe","ESXi 9.1"," "
"Kioxia Corporation","KCM61VUL6T40","NVMe","ESXi 9.1"," "
"Kioxia Corporation","KCM61VUL12T8","NVMe","ESXi 9.1"," "
"Kioxia Corporation","KCM61RUL960G","NVMe","ESXi 9.1"," "
"Kioxia Corporation","KCM61RUL1T92","NVMe","ESXi 9.1"," "
"Kioxia Corporation","KCM61RUL3T84","NVMe","ESXi 9.1"," "
"Kioxia Corporation","KCM61RUL7T68","NVMe","ESXi 9.1"," "
"Kioxia Corporation","KCM61RUL15T3","NVMe","ESXi 9.1"," "
"Kioxia Corporation","KCD6XVUL800G","NVMe","ESXi 9.1"," "
"Kioxia Corporation","KCD6XVUL1T60","NVMe","ESXi 9.1"," "
"Kioxia Corporation","KCD6XVUL3T20","NVMe","ESXi 9.1"," "
"Kioxia Corporation","KCD6XVUL6T40","NVMe","ESXi 9.1"," "
"Kioxia Corporation","KCD6XVUL12T8","NVMe","ESXi 9.1"," "
"Kioxia Corporation","KCD6XLUL960G","NVMe","ESXi 9.1"," "
"Kioxia Corporation","KCD6XLUL3T84","NVMe","ESXi 9.1"," "
"Kioxia Corporation","KCD6XLUL7T68","NVMe","ESXi 9.1"," "
"Kioxia Corporation","KCD6XLUL1T92","NVMe","ESXi 9.1"," "
"Kioxia Corporation","KCD6XLUL15T3","NVMe","ESXi 9.1"," "
"Kioxia Corporation","Kioxia NVMe SSD CD9P SIE KCD9XPUG30T7 30.72TB","NVMe","ESXi 9.1"," "
"Kioxia Corporation","Kioxia NVMe SSD CM9 SED KCM9DRUL1T92 1.92TB","NVMe","ESXi 9.1"," "
"Kioxia Corporation","Kioxia NVMe SSD CM7-R SIE KCMYXRUG30T7 30.72TB/KCMYXRUG30T7","NVMe","ESXi 9.1"," "
"Kioxia Corporation","Kioxia NVMe SSD CD9P SIE KCD9XPUG3T84 3.84TB","NVMe","ESXi 9.1"," "
"Kioxia Corporation","Kioxia NVMe SSD CD9P SIE KCD9XPUG15T3 15.36TB","NVMe","ESXi 9.1"," "
"Kioxia Corporation","Kioxia NVMe SSD CM7-R FIPS KCM7FRJE1T92 1.92TB/KCM7FRJE1T92","NVMe","ESXi 9.1"," "
"Kioxia Corporation","Kioxia NVMe SSD CM7-R FIPS KCM7FRJE7T68 7.68TB/KCM7FRJE7T68","NVMe","ESXi 9.1"," "
"Kioxia Corporation","Kioxia NVMe SSD CM7-V FIPS KCM7FVJE1T60 1.6TB/KCM7FVJE1T60","NVMe","ESXi 9.1"," "
"Kioxia Corporation","Kioxia NVMe SSD CM7-V FIPS KCM7FVJE6T40 6.4TB/KCM7FVJE6T40","NVMe","ESXi 9.1"," "
"Kioxia Corporation","Kioxia NVMe SSD CM7-R FIPS KCM7FRJE3T84 3.84TB/KCM7FRJE3T84","NVMe","ESXi 9.1"," "
"Kioxia Corporation","Kioxia NVMe SSD CM7-R FIPS KCM7FRJE15T3 15.36TB/KCM7FRJE15T3","NVMe","ESXi 9.1"," "
"Kioxia Corporation","Kioxia NVMe SSD CM7-V FIPS KCM7FVJE3T20 3.2TB/KCM7FVJE3T20","NVMe","ESXi 9.1"," "
"Kioxia Corporation","Kioxia NVMe SSD CM7-V FIPS KCM7FVJE12T8 12.8TB/KCM7FVJE12T8","NVMe","ESXi 9.1"," "
"Kioxia Corporation","Kioxia NVMe SSD CM7-R KCMY1RUG15T3 15.36TB/KCMY1RUG15T3","NVMe","ESXi 9.1"," "
"Kioxia Corporation","Kioxia NVMe SSD CM9 SED KCM9DVUL6T40 6.4TB","NVMe","ESXi 9.1"," "
"Kioxia Corporation","Kioxia NVMe SSD CM9 SIE KCM9XVUL1T60 1.6TB","NVMe","ESXi 9.1"," "
"Kioxia Corporation","Kioxia NVMe SSD CM9 SED KCM9DRJE3T84 3.84TB","NVMe","ESXi 9.1"," "
"Kioxia Corporation","Kioxia NVMe SSD CM9 SED KCM9DRJE15T3 15.36TB","NVMe","ESXi 9.1"," "
"Kioxia Corporation","Kioxia NVMe SSD CD9P SIE KCD9XPUG7T68 7.68TB","NVMe","ESXi 9.1"," "
"Kioxia Corporation","Kioxia NVMe SSD CD9P SIE KCD9XPUG6T40 6.4TB","NVMe","ESXi 9.1"," "
"Kioxia Corporation","Kioxia NVMe SSD CD9P SIE KCD9XPJE1T92 1.92TB","NVMe","ESXi 9.1"," "
"Kioxia Corporation","Kioxia NVMe SSD CD9P SIE KCD9XPJE1T60 1.6TB","NVMe","ESXi 9.1"," "
"Kioxia Corporation","Kioxia NVMe SSD CD9P SIE KCD9XPJE6T40 6.4TB","NVMe","ESXi 9.1"," "
"Kioxia Corporation","Kioxia NVMe SSD CD9P SIE KCD9XPJE12T8 12.8TB","NVMe","ESXi 9.1"," "
"Kioxia Corporation","Kioxia NVMe SSD CD9P SED KCD9DPUG1T92 1.92TB","NVMe","ESXi 9.1"," "
"Kioxia Corporation","Kioxia NVMe SSD CD9P SED KCD9DPUG30T7 30.72TB","NVMe","ESXi 9.1"," "
"Kioxia Corporation","Kioxia NVMe SSD CD9P SED KCD9DPUG1T60 1.6TB","NVMe","ESXi 9.1"," "
"Kioxia Corporation","Kioxia NVMe SSD CD9P SED KCD9DPUG6T40 6.4TB","NVMe","ESXi 9.1"," "
"Kioxia Corporation","Kioxia NVMe SSD CD9P SED KCD9DPJE1T92 1.92TB","NVMe","ESXi 9.1"," "
"Kioxia Corporation","Kioxia NVMe SSD CD9P SED KCD9DPJE7T68 7.68TB","NVMe","ESXi 9.1"," "
"Kioxia Corporation","Kioxia NVMe SSD CD9P SED KCD9DPJE30T7 30.72TB","NVMe","ESXi 9.1"," "
"Kioxia Corporation","Kioxia NVMe SSD CD9P SED KCD9DPJE1T60 1.6TB","NVMe","ESXi 9.1"," "
"Kioxia Corporation","Kioxia NVMe SSD CD9P SED KCD9DPJE3T20 3.2TB","NVMe","ESXi 9.1"," "
"Kioxia Corporation","Kioxia NVMe SSD CD9P SED KCD9DPJE6T40 6.4TB","NVMe","ESXi 9.1"," "
"Kioxia Corporation","Kioxia NVMe SSD CD9P SED KCD9DPJE12T8 12.8TB","NVMe","ESXi 9.1"," "
"Kioxia Corporation","Kioxia NVMe SSD CD9P SIE KCD9XPUG61T4 61.44TB","NVMe","ESXi 9.1"," "
"Kioxia Corporation","Kioxia NVMe SSD CD9P SIE KCD9XPUG1T60 1.6TB","NVMe","ESXi 9.1"," "
"Kioxia Corporation","Kioxia NVMe SSD CD9P SIE KCD9XPUG3T20 3.2TB","NVMe","ESXi 9.1"," "
"Kioxia Corporation","KCD71RUG960G","NVMe","ESXi 9.1"," "
"Kioxia Corporation","KCD71RUG1T92","NVMe","ESXi 9.1"," "
"Kioxia Corporation","KCD71RUG3T84","NVMe","ESXi 9.1"," "
"Kioxia Corporation","KCD71VUG1T60","NVMe","ESXi 9.1"," "
"Kioxia Corporation","KCD71RUG7T68","NVMe","ESXi 9.1"," "
"Kioxia Corporation","KCD71RUG15T3","NVMe","ESXi 9.1"," "
"Kioxia Corporation","KCD71VUG800G","NVMe","ESXi 9.1"," "
"Kioxia Corporation","KCD71VUG3T20","NVMe","ESXi 9.1"," "
"Kioxia Corporation","KCD71VUG6T40","NVMe","ESXi 9.1"," "
"Kioxia Corporation","KCD71VUG12T8","NVMe","ESXi 9.1"," "
"Kioxia Corporation","Kioxia NVMe SSD CD9P SIE KCD9XPJE3T84 3.84TB","NVMe","ESXi 9.1"," "
"Kioxia Corporation","KCD8XVUG6T40","NVMe","ESXi 9.1"," "
"Kioxia Corporation","KCD8XRUG3T84","NVMe","ESXi 9.1"," "
"Kioxia Corporation","KCD61LUL960G","NVMe","ESXi 9.1"," "
"Kioxia Corporation","KCD61LUL1T92","NVMe","ESXi 9.1"," "
"Kioxia Corporation","KCD61LUL3T84","NVMe","ESXi 9.1"," "
"Kioxia Corporation","KCD61LUL7T68","NVMe","ESXi 9.1"," "
"Kioxia Corporation","KCD61LUL15T3","NVMe","ESXi 9.1"," "
"Kioxia Corporation","KCD61VUL800G","NVMe","ESXi 9.1"," "
"Kioxia Corporation","KCD61VUL1T60","NVMe","ESXi 9.1"," "
"Kioxia Corporation","KCD61VUL3T20","NVMe","ESXi 9.1"," "
"Kioxia Corporation","KCD61VUL6T40","NVMe","ESXi 9.1"," "
"Kioxia Corporation","KCD61VUL12T8","NVMe","ESXi 9.1"," "
"Kioxia Corporation","Kioxia NVMe SSD CD9P SIE KCD9XPJE7T68 7.68TB","NVMe","ESXi 9.1"," "
"Kioxia Corporation","Kioxia NVMe SSD CD9P SIE KCD9XPJE15T3 15.36TB","NVMe","ESXi 9.1"," "
"Kioxia Corporation","Kioxia NVMe SSD CD9P SIE KCD9XPUG12T8 12.8TB","NVMe","ESXi 9.1"," "
"Kioxia Corporation","KCM71RUG1T92","NVMe","ESXi 9.1"," "
"Kioxia Corporation","Kioxia NVMe SSD CD9P SIE KCD9XPJE3T20 3.2TB","NVMe","ESXi 9.1"," "
"Kioxia Corporation","Kioxia NVMe SSD CD9P SED KCD9DPUG3T84 3.84TB","NVMe","ESXi 9.1"," "
"Kioxia Corporation","Kioxia NVMe SSD CD9P SED KCD9DPUG15T3 15.36TB","NVMe","ESXi 9.1"," "
"Kioxia Corporation","Kioxia NVMe SSD CD9P SED KCD9DPUG7T68 7.68TB","NVMe","ESXi 9.1"," "
"Kioxia Corporation","Kioxia NVMe SSD CD8P-V SED KCD8DPUG12T8 12.8TB","NVMe","ESXi 9.1"," "
"Kioxia Corporation","Kioxia NVMe SSD CD8P-V  SED KCD8DPUG3T20 3.2TB","NVMe","ESXi 9.1"," "
"Kioxia Corporation","Kioxia NVMe SSD CD8P-V SED KCD8DPJE12T8 12.8TB","NVMe","ESXi 9.1"," "
"Kioxia Corporation","Kioxia NVMe SSD CD8P-V  SED KCD8DPUG1T60 1.6TB","NVMe","ESXi 9.1"," "
"Kioxia Corporation","Kioxia NVMe SSD CD9P SED KCD9DPJE15T3 15.36TB","NVMe","ESXi 9.1"," "
"Kioxia Corporation","Kioxia NVMe SSD CD8-R KCD81RUG960G 960GB","NVMe","ESXi 9.1"," "
"Kioxia Corporation","Kioxia NVMe SSD CM7-R KCMY1RUG30T7 30.72TB/KCMY1RUG30T7","NVMe","ESXi 9.1"," "
"Kioxia Corporation","Kioxia NVMe SSD CD8P-V  SIE KCD8XPUG1T60 1.6TB","NVMe","ESXi 9.1"," "
"Kioxia Corporation","Kioxia NVMe SSD CD8P-R  KCD81PUG7T68 7.68TB","NVMe","ESXi 9.1"," "
"Kioxia Corporation","KCD71RJE1T92","NVMe","ESXi 9.1"," "
"Kioxia Corporation","KCD71RJE3T84","NVMe","ESXi 9.1"," "
"Kioxia Corporation","KCD71RJE7T68","NVMe","ESXi 9.1"," "
"Kioxia Corporation","Kioxia NVMe SSD CD8-V KCD81VUG800G 800GB","NVMe","ESXi 9.1"," "
"Kioxia Corporation","Kioxia NVMe SSD CD8-V KCD81VUG1T60 1.6TB","NVMe","ESXi 9.1"," "
"Kioxia Corporation","Kioxia NVMe SSD CD8-V KCD81VUG3T20 3.2TB","NVMe","ESXi 9.1"," "
"Kioxia Corporation","Kioxia NVMe SSD CD8-V KCD81VUG6T40 6.4TB","NVMe","ESXi 9.1"," "
"Kioxia Corporation","Kioxia NVMe SSD CD8-V KCD81VUG12T8 12.8TB","NVMe","ESXi 9.1"," "
"Kioxia Corporation","Kioxia NVMe SSD CD8-R KCD81RUG1T92 1.92TB","NVMe","ESXi 9.1"," "
"Kioxia Corporation","Kioxia NVMe SSD CD8-R KCD81RUG3T84 3.84TB","NVMe","ESXi 9.1"," "
"Kioxia Corporation","Kioxia NVMe SSD CD8-R KCD81RUG7T68 7.68TB","NVMe","ESXi 9.1"," "
"Kioxia Corporation","Kioxia NVMe SSD CD8-R KCD81RUG15T3 15.36TB","NVMe","ESXi 9.1"," "
"Lenovo","ThinkSystem Intel X710-T2L 10GBASE-T 2-port Internal Lock OCP Ethernet Adapter","Network","ESXi 9.1"," "
"Lenovo","ThinkSystem Intel I350 1GbE RJ45 4-port Internal Lock OCP Ethernet Adapter","Network","ESXi 9.1"," "
"Lenovo","ThinkSystem Intel E810-DA4 10/25GbE SFP28 4-port OCP Ethernet Adapter (4XC7A80269)","Network","ESXi 9.1"," "
"Lenovo","ThinkSystem Intel E810-DA4 10/25GbE SFP28 4-port PCIe Ethernet Adapter (4XC7A80267)","Network","ESXi 9.1"," "
"Lenovo","ThinkSystem Intel E810-DA2 10/25GbE SFP28 2-Port Internal Lock OCP Ethernet Adapter","Network","ESXi 9.1"," "
"Lenovo","Broadcom 5720 1GbE RJ45 2-Port PCIe Ethernet LOM (SR250 V2)","Network","ESXi 9.1"," "
"Lenovo","7Y37A01084 - ThinkSystem RAID 930-8i 2GB Flash PCIe 12Gb Adapter","SAS/SATA-RAID","ESXi 9.1"," "
"Lenovo","7Y37A01086 - ThinkSystem RAID 930-24i 4GB Flash PCIe 12Gb Adapter","SAS/SATA-RAID","ESXi 9.1"," "
"Lenovo","7Y37A01087 - ThinkSystem RAID 930-8e 4GB Flash PCIe 12Gb Adapter","SAS/SATA-RAID","ESXi 9.1"," "
"Lenovo","7M27A03917 - ThinkSystem RAID 930-4i 2GB Flash Flex Adapter (SN550)","SAS/SATA-RAID","ESXi 9.1"," "
"Lenovo","7M17A03933 - ThinkSystem RAID 930-4i 2GB Flash Flex Adapter (SN850)","SAS/SATA-RAID","ESXi 9.1"," "
"Lenovo","ThinkSystem Intel I350 1GbE RJ45 4-port OCP Ethernet Adapter (4XC7A08277
 4XC7A88428)","Network","ESXi 9.1"," "
"Lenovo","7Y37A01083 - ThinkSystem RAID 730-8i 1GB Cache PCIe 12Gb Adapter","SAS","ESXi 9.1"," "
"Lenovo","ThinkSystem QLogic QLE2770 32Gb 1-Port PCIe Fibre Channel Adapter (4XC7A08279)","FC","ESXi 9.1"," "
"Lenovo","ThinkSystem QLogic QLE2770 32Gb 1-Port PCIe Fibre Channel Adapter VF (4XC7A08279)","FC","ESXi 9.1"," "
"Lenovo","ThinkSystem QLogic QLE2772 32Gb 2-Port PCIe Fibre Channel Adapter (4XC7A08276)","FC","ESXi 9.1"," "
"Lenovo","ThinkSystem QLogic QLE2772 32Gb 2-Port PCIe Fibre Channel Adapter VF (4XC7A08276)","FC","ESXi 9.1"," "
"Lenovo","7Y37A01082 - ThinkSystem RAID 530-8i PCIe 12Gb Adapter","SAS/SATA-RAID","ESXi 9.1"," "
"Lenovo","4Y37A09725 - ThinkSystem 440-16i SAS/SATA PCIe Gen4 12Gb Internal HBA","SAS","ESXi 9.1"," "
"Lenovo","4Y37A09724 - ThinkSystem 440-16e SAS/SATA PCIe Gen4 12Gb HBA","SAS","ESXi 9.1"," "
"Lenovo","7M17A03932 - ThinkSystem RAID 530-4i Flex Adapter (SN850)","SAS/SATA-RAID","ESXi 9.1"," "
"Lenovo","4Y37A09728 - ThinkSystem RAID 940-8i 4GB Flash PCIe Gen4 12Gb Adapter","SAS-SATA-NVME Tri-mode","ESXi 9.1"," "
"Lenovo","4Y37A09729 - ThinkSystem RAID 940-8i 8GB Flash PCIe Gen4 12Gb Adapter","SAS-SATA-NVME Tri-mode","ESXi 9.1"," "
"Lenovo","7M27A03918 - ThinkSystem RAID 530-4i Flex Adapter (SN550)","SAS/SATA-RAID","ESXi 9.1"," "
"Lenovo","4Y37A09733 - ThinkSystem RAID 940-32i 8GB Flash PCIe Gen4 12Gb Adapter","SAS/SATA-RAID","ESXi 9.1"," "
"Lenovo","ThinkSystem RAID 530-8i Dense Adapter","SAS/SATA-RAID","ESXi 9.1"," "
"Lenovo","4Y37A78837 - ThinkSystem 440-8e SAS/SATA PCIe Gen4 12Gb HBA","SAS-SATA-NVME Tri-mode","ESXi 9.1"," "
"Lenovo","Lenovo- 4XC7A83773-ThinkSystem NVIDIA ConnectX-6 DX 200GbE QSFP56 1-port PCIe Ethernet Adapter","Network","ESXi 9.1"," "
"Lenovo","7Y37A01085 - ThinkSystem RAID 930-16i 4GB Flash PCIe 12Gb Adapter","SAS/SATA-RAID","ESXi 9.1"," "
"Lenovo","ThinkSystem QLogic QLE2740 PCIe 32Gb 1-Port SFP+ Fibre Channel Adapter (7ZT7A00516)","FC","ESXi 9.1"," "
"Lenovo","ThinkSystem QLogic QLE2742 PCIe 32Gb 2-Port SFP+ Fibre Channel Adapter (7ZT7A00518)","FC","ESXi 9.1"," "
"Lenovo","ThinkSystem QLogic QML2692 Mezz 16Gb 2-Port Fibre Channel Adapter (7ZT7A00520)","FC","ESXi 9.1"," "
"Lenovo","Emulex LightPulse SN30L22001 1-Port 32Gb Fibre Channel Adapter (7ZT7A00517)","FC","ESXi 9.1"," "
"Lenovo","Emulex LightPulse SN30L22002 2-Port 32Gb Fibre Channel Adapter (7ZT7A00519)","FC","ESXi 9.1"," "
"Lenovo","ThinkSystem NVIDIA BlueField-2 25GbE SFP56 2-Port PCIe Ethernet DPU w/BMC & Crypto","DPU","ESXi 9.1"," "
"Lenovo","4Y37A09724 - ThinkSystem 440-16e SAS/SATA PCIe Gen4 12Gb HBA","SAS","ESXi 9.1"," "
"Lenovo","Intel X550-T2 Dual Port 10GBase-T Adapter (00MM860)","Network","ESXi 9.1"," "
"Lenovo","Intel X550-T1 Single Port 10GBase-T Adapter (00MM850)","Network","ESXi 9.1"," "
"Lenovo","ThinkSystem Intel X710-DA2 2x10GbE SFP+ Adapter (7ZT7A00537)","Network","ESXi 9.1"," "
"Lenovo","ThinkSystem 10Gb 2-port SFP+ LOM (7ZT7A00546)","Network","ESXi 9.1"," "
"Lenovo","ThinkSystem 10Gb 2-port SFP+ LOM (7ZT7A00546)","Network","ESXi 9.1"," "
"Lenovo","ThinkSystem 10Gb 4-port SFP+ LOM (7ZT7A00547)","Network","ESXi 9.1"," "
"Lenovo","ThinkSystem D2 10Gb 8-port SFP+ (7M17A04000)","Network","ESXi 9.1"," "
"Lenovo","ThinkSystem 10Gb 2-port Base-T LOM (7ZT7A00548)","Network","ESXi 9.1"," "
"Lenovo","ThinkSystem 10Gb 2-port Base-T LOM (7ZT7A00548)","Network","ESXi 9.1"," "
"Lenovo","ThinkSystem 10Gb 4-port Base-T LOM (7ZT7A00549)","Network","ESXi 9.1"," "
"Lenovo","ThinkEdge Intel E823 25G/10G Ethernet LOM Controller","Network","ESXi 9.1"," "
"Lenovo","ThinkEdge Intel E823 1G Ethernet LOM Controller","Network","ESXi 9.1"," "
"Lenovo","ThinkSystem D2 10Gb 8-port Base-T  (7M17A04001)","Network","ESXi 9.1"," "
"Lenovo","ThinkSystem Intel I350-F1 PCIe 1Gb 1-Port SFP Ethernet Adapter (7ZT7A00533)","Network","ESXi 9.1"," "
"Lenovo","ThinkSystem Intel I350-T2 PCIe 1Gb 2-Port RJ45 Ethernet Adapter (7ZT7A00534)","Network","ESXi 9.1"," "
"Lenovo","ThinkSystem Intel I350-T4 PCIe 1Gb 4-Port RJ45 Ethernet Adapter (7ZT7A00535)","Network","ESXi 9.1"," "
"Lenovo","ThinkSystem Intel I350-T4 ML2 1Gb 4-Port RJ45 Ethernet Adapter","Network","ESXi 9.1"," "
"Lenovo","ThinkSystem Broadcom 57416 10GBASE-T 2-port + 5720 1GbE 2-port OCP Ethernet Adapter (4XC7A08239)","Network","ESXi 9.1"," "
"Lenovo","ThinkSystem Broadcom 5719 1GbE RJ45 4-port OCP Ethernet Adapter (4XC7A08235)","Network","ESXi 9.1"," "
"Lenovo","Intel(R) Ethernet Converged Network Adapter X710-T","Network","ESXi 9.1"," "
"Lenovo","Intel(R) Ethernet Converged Network Adapter X710-T4","Network","ESXi 9.1"," "
"Lenovo","ThinkSystem Broadcom 57416 10GBASE-T 2-port OCP Ethernet Adapter (4XC7A08236)","Network","ESXi 9.1"," "
"Lenovo","ThinkSystem Broadcom 57416 10GBASE-T 2-port + 5720 1GbE 2-port OCP Ethernet Adapter (4XC7A08239)","Network","ESXi 9.1"," "
"Lenovo","Lenovo LPe31002-M6-L 2-Port 16Gb Fibre Channel Adapter (01CV840)","FC","ESXi 9.1"," "
"Lenovo","Lenovo LPe31000-M6-L 1-Port 16Gb Fibre Channel Adapter (01CV830)","FC","ESXi 9.1"," "
"Lenovo","4Y37A09739-ThinkSystem M.2 SATA 2-Bay RAID Enablement Kit","SATA","ESXi 9.1"," "
"Lenovo","4XH7A60927-ThinkSystem 7mm SATA 2-Bay RAID Enablement Kit","SATA","ESXi 9.1"," "
"Lenovo","QLogic 16Gb Enhanced Gen5 FC Single-port HBA. (01CV750)","FC","ESXi 9.1"," "
"Lenovo","4Y37A09750-ThinkSystem M.2 NVMe 2-Bay RAID Enablement Kit","NVMe","ESXi 9.1"," "
"Lenovo","4XH7A60928-ThinkSystem 7mm NVMe 2-Bay Rear RAID Enablement Kit","NVMe","ESXi 9.1"," "
"Lenovo","QLogic 16Gb Enhanced Gen5 FC Dual-port HBA. (01CV760)","FC","ESXi 9.1"," "
"Lenovo","Flex System CN4054S 4-port 10Gb Virtual Fabric Adapter (00AG590)","Network","ESXi 9.1","Restricted"
"Lenovo","Flex System CN4052S 2-port 10Gb Virtual Fabric Adapter (00AG540)","Network","ESXi 9.1","Restricted"
"Lenovo","Emulex VFA5.2 ML2 Dual Port 10GbE SFP+ Adapter (00AG560)","Network","ESXi 9.1","Restricted"
"Lenovo","Emulex VFA5.2 2x10 GbE SFP+ Adapter and FCoE/iSCSI SW (00AG580)","Network","ESXi 9.1","Restricted"
"Lenovo","Emulex VFA5.2 2x10 GbE SFP+ PCIe Adapter (00AG570)","Network","ESXi 9.1","Restricted"
"Lenovo","Emulex OneConnect OCe14102-U3-X
 NIC
 Port x","Network","ESXi 9.1","Restricted"
"Lenovo","Lenovo Flex OCl14104-U2-L 4-port 10GbE Virtual Fabric Adapter LOM","Network","ESXi 9.1","Restricted"
"Lenovo","Lenovo-7ZT7A00507-ThinkSystem ConnectX-4 Lx ML2 25Gb 2-Port SFP28 Ethernet Adapter-Mellanox","Network","ESXi 9.1"," "
"Lenovo","Lenovo-7ZT7A00500-ThinkSystem ConnectX-4 PCIe FDR 2-Port QSFP VPI Adapter-Mellanox","Network","ESXi 9.1","Restricted"
"Lenovo","Lenovo- 4XC7A81883-ThinkSystem Nvidia ConnectX-7 NDR200/HDR QSFP112 2-port PCIe Gen5 x16 IB/EN Adapter","Network","ESXi 9.1"," "
"Lenovo","Lenovo- 4XC7A62574-ThinkSystem Mellanox ConnectX-5 EN 10/25GbE SFP28 2-port PCIe Ethernet Adapter","Network","ESXi 9.1"," "
"Lenovo","Lenovo- 4C57A14177-ThinkSystem Mellanox ConnectX-6 HDR100/100GbE QSFP56 1-port PCIe VPI Adapter","Network","ESXi 9.1"," "
"Lenovo","Lenovo- 4C57A15326-ThinkSystem Mellanox ConnectX-6 HDR/200GbE QSFP56 1-port PCIe 4 VPI Adapter","Network","ESXi 9.1"," "
"Lenovo","Lenovo- 4C57A14178-ThinkSystem Mellanox ConnectX-6 HDR100/100GbE QSFP56 2-port PCIe VPI Adapter","Network","ESXi 9.1"," "
"Lenovo","Lenovo- 4XC7A08248-ThinkSystem Mellanox ConnectX-6 Dx 100GbE QSFP56 2-port PCIe Ethernet Adapter","Network","ESXi 9.1"," "
"Lenovo","Lenovo-7XC7A05524-ConnectX-4 PCIe FDR 1-Port QSFP VPI Adapter-Mellanox","Network","ESXi 9.1","Restricted"
"Lenovo","9300-8e PCIe 12Gb 8 Port External SAS Adapter","SAS","ESXi 9.1"," "
"Lenovo","System x Broadcom NetXtreme I Quad Port Gigabit Ethernet Controller","Network","ESXi 9.1"," "
"Lenovo","ThinkSystem Broadcom 5720 1GbE RJ45 2-Port PCIe Ethernet LOM (SR250 V3)","Network","ESXi 9.1"," "
"Lenovo","KCM6DRUL960G","NVMe","ESXi 9.1"," "
"Lenovo","KCM61VUL800G","NVMe","ESXi 9.1"," "
"Lenovo","KCM6DRUL960G","NVMe","ESXi 9.1"," "
"Lenovo","KCM6DRUL1T92","NVMe","ESXi 9.1"," "
"Lenovo","KCM6DRUL3T84","NVMe","ESXi 9.1"," "
"Lenovo","KCM6DRUL7T68","NVMe","ESXi 9.1"," "
"Lenovo","KCM61VUL800G","NVMe","ESXi 9.1"," "
"Lenovo","KCM61VUL1T60","NVMe","ESXi 9.1"," "
"Lenovo","KCM61VUL3T20","NVMe","ESXi 9.1"," "
"Lenovo","KCM61VUL6T40","NVMe","ESXi 9.1"," "
"Lenovo","KCM61VUL12T8","NVMe","ESXi 9.1"," "
"Lenovo","KCM61RUL1T92","NVMe","ESXi 9.1"," "
"Lenovo","KCM61RUL3T84","NVMe","ESXi 9.1"," "
"Lenovo","KCM61RUL7T68","NVMe","ESXi 9.1"," "
"Lenovo","4Y37A90063 - ThinkSystem M.2 RAID B540i-2i SATA/NVMe Enablement Kit","SAS-SATA-NVME Tri-mode RAID","ESXi 9.1"," "
"Lenovo","ThinkSystem 7mm RAID B540p-2HS SATA/NVMe Enablement Kit","SAS-SATA-NVME Tri-mode RAID","ESXi 9.1"," "
"Lenovo","ServeRAID M1210e","SAS-RAID","ESXi 9.1"," "
"Lenovo","Lenovo P3700 PCIe SSD 400GB 00YA818","NVMe","ESXi 9.1"," "
"Lenovo","Lenovo P3700 PCIe SSD 800GB 00YA821","NVMe","ESXi 9.1"," "
"Lenovo","Lenovo P3700 PCIe SSD 1.6TB 00YA824","NVMe","ESXi 9.1"," "
"Lenovo","System x Broadcom NetXtreme I Quad Port GbE Adapter (90Y9352)","Network","ESXi 9.1"," "
"Lenovo","Emulex VFA5 ML2 Dual Port 10GbE SFP+ Adapter","Network","ESXi 9.1","Restricted"
"Lenovo","ThinkSystem Broadcom 57508 100GbE QSFP56 2-port PCIe 4 Ethernet Adapter (4XC7A08297)","Network","ESXi 9.1"," "
"Lenovo","ThinkSystem M.2 RAID B545i-2i SATA/NVMe Enablement Kit","SAS-SATA-NVME Tri-mode RAID","ESXi 9.1"," "
"Lenovo","ThinkSystem M.2 RAID B540p-2HS SATA/NVMe Enablement Kit","SAS-SATA-NVME Tri-mode RAID","ESXi 9.1"," "
"Lenovo","4Y37A85156 - ThinkSystem 450W-16e SAS/SATA PCIe Gen4 24Gb HBA","SAS","ESXi 9.1"," "
"Lenovo","ThinkSystem U.2 Intel P4800X 375GB Performance NVMe PCIe 3.0 x4 Hot Swap SSD (PN: 7N47A00081)","NVMe","ESXi 9.1","Restricted"
"Lenovo","ThinkSystem U.2 Intel P4800X 750GB Performance NVMe PCIe 3.0 x4 Hot Swap SSD (PN: 7N47A00083)","NVMe","ESXi 9.1","Restricted"
"Lenovo","ThinkSystem U.2 Intel P4500 1.0TB Entry NVMe PCIe3.0 x4 Hot Swap SSD (PN: 7SD7A05779)","NVMe","ESXi 9.1"," "
"Lenovo","00JY840 (Option) 00JY826 (CTO) Emulex VFA5 2x10 GbE SFP+ Integrated Adapter - GOLD Lite (OCe14102-U2-X)","Network","ESXi 9.1","Restricted"
"Lenovo","ThinkSystem U.2 Intel P4500 2.0TB Entry NVMe PCIe3.0 x4 Hot Swap SSD (PN: 7SD7A05778)","NVMe","ESXi 9.1"," "
"Lenovo","ThinkSystem U.2 Intel P4500 4.0TB Entry NVMe PCIe3.0 x4 Hot Swap SSD (PN: 7SD7A05777)","NVMe","ESXi 9.1"," "
"Lenovo","ThinkSystem U.2 Intel P4600 1.6TB Mainstream NVMe PCIe3.0 x4 Hot Swap SSD (PN: 7SD7A05772)","NVMe","ESXi 9.1"," "
"Lenovo","ThinkSystem U.2 Intel P4600 3.2TB Mainstream NVMe PCIe3.0 x4 Hot Swap SSD (PN: 7SD7A05771)","NVMe","ESXi 9.1"," "
"Lenovo","ThinkSystem Broadcom 57412 10GBASE-T 4-port PCIe Ethernet Adapter (4XC7A95697)","Network","ESXi 9.1"," "
"Lenovo","ServeRAID M5210 SAS/SATA Controller","SAS","ESXi 9.1"," "
"Lenovo","ThinkSystem Broadcom 57412 10GBASE-T 4-port OCP Ethernet Adapter (4XC7A95696)","Network","ESXi 9.1"," "
"Lenovo","ThinkSystem Broadcom 57414 10/25GbE SFP28 2-port PCIe Ethernet LOM (SC750 V4)","Network","ESXi 9.1"," "
"Lenovo","ThinkSystem Broadcom 57608 2x200/1x400GbE QSFP112 PCIe Ethernet Adapter (4XC7A95572)","Network","ESXi 9.1"," "
"Lenovo","ThinkSystem M.2 RAID B540d-2HS SATA/NVMe Enablement Kit","SAS-SATA-NVME Tri-mode RAID","ESXi 9.1"," "
"Lenovo","4Y37A93012 - ThinkSystem RAID 545-8i PCIe Gen4 12Gb Adapter","SAS-SATA-NVME Tri-mode RAID","ESXi 9.1"," "
"Lenovo","Lenovo ThinkServer RAID 720i AnyRAID Adapter","SAS-RAID","ESXi 9.1"," "
"Lenovo","System x Broadcom NetXtreme I Dual Port Gigabit Ethernet Controller","Network","ESXi 9.1"," "
"Lenovo","System x Broadcom NetXtreme I Dual Port GbE Adapter (90Y9370)","Network","ESXi 9.1"," "
"Lenovo","Lenovo ThinkServer RAID 720ix AnyRAID Adapter","SAS-RAID","ESXi 9.1"," "
"Lenovo","ThinkSystem M.2 RAID B550p-2HS SATA/NVMe Enablement Kit","SAS-SATA-NVME Tri-mode RAID","ESXi 9.1"," "
"Lenovo","ServeRAID 5210e SAS/SATA Controller","SAS-RAID","ESXi 9.1"," "
"Lenovo","Lenovo-4XC7A80289-ThinkSystem NVIDIA ConnectX-7 NDR400 OSFP 1-port PCIe Gen5 Adapter","Network","ESXi 9.1"," "
"Lenovo","Lenovo-4XC7A95508-ThinkSystem NVIDlA ConnectX-7 NDR400 OSFP 1-port PCle Gen5 VPI Adapter","Network","ESXi 9.1"," "
"Lenovo","ThinkSystem Intel X710-T4L 10GBASE-T 4-Port OCP Ethernet Adapter (4XC7A80268)","Network","ESXi 9.1"," "
"Lenovo","ServeRAID M5210e SAS/SATA Controller","SAS-RAID","ESXi 9.1"," "
"Lenovo","ThinkSystem U.2 Intel P5600 1.6TB Mainstream NVMe PCIe 4.0 x4 Hot Swap SSD (PN: 4XB7A17152)","NVMe","ESXi 9.1"," "
"Lenovo","ThinkSystem U.2 Intel P5600 3.2TB Mainstream NVMe PCIe 4.0 x4 Hot Swap SSD (PN: 4XB7A17153)","NVMe","ESXi 9.1"," "
"Lenovo","ThinkSystem U.2 Intel P5600 6.4TB Mainstream NVMe PCIe 4.0 x4 Hot Swap SSD (PN: 4XB7A17154)","NVMe","ESXi 9.1"," "
"Lenovo","ThinkSystem 3.5" Intel P5600 1.6TB Mainstream NVMe PCIe 4.0 x4 Hot Swap SSD (PN: 4XB7A17155)","NVMe","ESXi 9.1"," "
"Lenovo","ThinkSystem 3.5" Intel P5600 3.2TB Mainstream NVMe PCIe 4.0 x4 Hot Swap SSD (PN: 4XB7A17156)","NVMe","ESXi 9.1"," "
"Lenovo","ThinkSystem 3.5" Intel P5600 6.4TB Mainstream NVMe PCIe 4.0 x4 Hot Swap SSD (PN: 4XB7A17157)","NVMe","ESXi 9.1"," "
"Lenovo","ThinkSystem U.2 Intel P5500 1.92TB Entry NVMe PCIe 4.0 x4 Hot Swap SSD (PN:4XB7A17145)","NVMe","ESXi 9.1"," "
"Lenovo","ThinkSystem U.2 Intel P5500 3.84TB Entry NVMe PCIe 4.0 x4 Hot Swap SSD (PN: 4XB7A17146)","NVMe","ESXi 9.1"," "
"Lenovo","ThinkSystem U.2 Intel P5500 7.68TB Entry NVMe PCIe 4.0 x4 Hot Swap SSD (PN: 4XB7A17147)","NVMe","ESXi 9.1"," "
"Lenovo","KCD61LUL7T68","NVMe","ESXi 9.1"," "
"Lenovo","ThinkSystem U.2 PM1733 1.92TB Entry NVMe PCIe 4.0 x4 Hot Swap SSD","NVMe","ESXi 9.1"," "
"Lenovo","ThinkSystem U.2 PM1733 3.84TB Entry NVMe PCIe 4.0 x4 Hot Swap SSD","NVMe","ESXi 9.1"," "
"Lenovo","ThinkSystem U.2 PM1733 7.68TB Entry NVMe PCIe 4.0 x4 Hot Swap SSD","NVMe","ESXi 9.1"," "
"Lenovo","ThinkSystem U.2 PM1733 15.36TB Entry NVMe PCIe 4.0 x4 Hot Swap SSD","NVMe","ESXi 9.1"," "
"Lenovo","ThinkSystem HHHL PM1735 1.6TB Mainstream NVMe PCIe 4.0 x8 Flash Adapter","NVMe","ESXi 9.1"," "
"Lenovo","ThinkSystem HHHL PM1735 3.2TB Mainstream NVMe PCIe 4.0 x8 Flash Adapter","NVMe","ESXi 9.1"," "
"Lenovo","ThinkSystem HHHL PM1735 6.4TB Mainstream NVMe PCIe 4.0 x8 Flash Adapter","NVMe","ESXi 9.1"," "
"Lenovo","ThinkSystem Intel E810-DA2 10/25GbE SFP28 2-Port OCP Ethernet Adapter (4XC7A08294)","Network","ESXi 9.1"," "
"Lenovo","ThinkSystem Emulex LPe35002 32Gb 2-port PCIe Fibre Channel Adapter (4XC7A76525)","FC","ESXi 9.1"," "
"Lenovo","ThinkSystem Emulex LPe35000 32Gb 1-port PCIe Fibre Channel Adapter (4XC7A76498)","FC","ESXi 9.1"," "
"Lenovo","ThinkSystem U.2 PM983 960GB Entry NVMe PCIe 3.0 x4 Hot Swap SSD","NVMe","ESXi 9.1"," "
"Lenovo","ThinkSystem 3.5" PM983 960GB Entry NVMe PCIe 3.0 x4 Hot Swap SSD","NVMe","ESXi 9.1"," "
"Lenovo","ThinkSystem 7mm PM983 960GB Entry NVMe PCIe 3.0 x4 Hot Swap SSD","NVMe","ESXi 9.1"," "
"Lenovo","ThinkSystem 7mm PM983 960GB Entry NVMe PCIe 3.0 x4 Hot Swap SSD (Silver Surfer)","NVMe","ESXi 9.1"," "
"Lenovo","ThinkSystem M.2 PM983 960GB NVMe PCIe 3.0 x4 Non-Hot Swap SSD","NVMe","ESXi 9.1"," "
"Lenovo","ThinkSystem U.2 PM983 1.92TB Entry NVMe PCIe 3.0 x4 Hot Swap SSD","NVMe","ESXi 9.1"," "
"Lenovo","ThinkSystem 3.5" PM983 1.92TB Entry NVMe PCIe 3.0 x4 Hot Swap SSD","NVMe","ESXi 9.1"," "
"Lenovo","ThinkSystem U.2 PM983 3.84TB Entry NVMe PCIe 3.0 x4 Hot Swap SSD","NVMe","ESXi 9.1"," "
"Lenovo","ThinkSystem 3.5" PM983 3.84TB Entry NVMe PCIe 3.0 x4 Hot Swap SSD","NVMe","ESXi 9.1"," "
"Lenovo","ThinkSystem U.2 PM983 7.68TB Entry NVMe PCIe 3.0 x4 Hot Swap SSD","NVMe","ESXi 9.1"," "
"Lenovo","ThinkSystem 3.5" PM983 7.68TB Entry NVMe PCIe 3.0 x4 Hot Swap SSD","NVMe","ESXi 9.1"," "
"Lenovo","ThinkSystem U.2 PM1733 3.84TB Entry TCG NVMe PCIe 4.0 x4 Hot Swap SSD","NVMe","ESXi 9.1"," "
"Lenovo","ThinkSystem U.2 PM1733 7.68TB Entry TCG NVMe PCIe 4.0 x4 Hot Swap SSD","NVMe","ESXi 9.1"," "
"Lenovo","Lenovo ThinkServer I350-T4 AnyFabric","Network","ESXi 9.1"," "
"Lenovo","ServeRAID M1210e","SAS-RAID","ESXi 9.1"," "
"Lenovo","Intel P4500 1.0TB NVMe 2.5" Enterprise Entry PCIe SSD (PN: 7SD7A05774)","NVMe","ESXi 9.1"," "
"Lenovo","Intel P4500 2.0TB NVMe 2.5" Enterprise Entry PCIe SSD (PN: 7SD7A05773)","NVMe","ESXi 9.1"," "
"Lenovo","Intel P4500 4.0TB NVMe 2.5" Enterprise Entry PCIe SSD (PN: 4XB7A08539)","NVMe","ESXi 9.1"," "
"Lenovo","4Y37A72481 - ThinkSystem 4350-16i SAS/SATA 12Gb HBA","SAS","ESXi 9.1"," "
"Lenovo","4Y37A72483 - ThinkSystem RAID 9350-8i 2GB Flash PCIe 12Gb Adapter","SAS/SATA-RAID","ESXi 9.1"," "
"Lenovo","4Y37A72485 - ThinkSystem RAID 9350-16i 4GB Flash PCIe 12Gb Adapter","SAS/SATA-RAID","ESXi 9.1"," "
"Lenovo","4Y37A72482 - ThinkSystem RAID 5350-8i PCIe 12Gb Adapter","SAS/SATA-RAID","ESXi 9.1"," "
"Lenovo","4Y37A72480 - ThinkSystem 4350-8i SAS/SATA 12Gb HBA","SAS","ESXi 9.1"," "
"Lenovo","Intel P4600 1.6TB NVMe 2.5" Enterprise Mainstream PCIe SSD (PN: 7SD7A05767)","NVMe","ESXi 9.1"," "
"Lenovo","Intel P4600 3.2TB NVMe 2.5" Enterprise Mainstream PCIe SSD (PN: 7SD7A05766)","NVMe","ESXi 9.1"," "
"Lenovo","ThinkSystem 3.5" Intel P4600 3.2TB Mainstream NVMe PCIe3.0 x4 Hot Swap SSD (PN: 4XB7A08529)","NVMe","ESXi 9.1"," "
"Lenovo","ThinkSystem U.2 Intel P4600 6.4TB Mainstream NVMe PCIe3.0 x4 Hot Swap (PN: 7SD7A05770)","NVMe","ESXi 9.1"," "
"Lenovo","System x3250 LOM","Network","ESXi 9.1"," "
"Lenovo","7XC7A05525 - ThinkSystem Intel X710-DA4 PCI-e 10GbE 4-port SFP+ Adapter","Network","ESXi 9.1"," "
"Lenovo","7XC7A05523 - ThinkSystem Intel XXV710-DA2 PCIe 25Gb 2-Port SFP28 Adapter","Network","ESXi 9.1"," "
"Lenovo","ThinkSystem Intel E810-DA2 10/25GbE SFP28 2-Port PCIe Ethernet Adapter (4XC7A08295)","Network","ESXi 9.1"," "
"Lenovo","4Y37B10832 - ThinkSystem RAID 545-8i PCIe Gen4 12Gb Internal Adapter","SAS-SATA-NVME Tri-mode","ESXi 9.1"," "
"Lenovo","4Y37B09898 - ThinkSystem M.2 RAID B550i-2i SATA/NVMe Enablement Kit","SAS-SATA-NVME Tri-mode RAID","ESXi 9.1"," "
"Lenovo","ThinkSystem M.2 RAID B550d-2HS SATA/NVMe Enablement Kit","SAS-SATA-NVME Tri-mode RAID","ESXi 9.1"," "
"Lenovo","Lenovo-SN37B23797-ThinkSystem Nvidia ConnectX-7 4-chip VPI PCIe Gen5 Mezz Controller","Network","ESXi 9.1"," "
"Lenovo","ServeRAID M5215 SAS/SATA Controller","SAS-RAID","ESXi 9.1"," "
"Lenovo","ServeRAID M5210e","SAS-RAID","ESXi 9.1"," "
"Lenovo","ServeRAID 5210e SAS/SATA Controller ","SAS-RAID","ESXi 9.1"," "
"Lenovo","4Y37A09721 - ThinkSystem RAID 930-16i 8GB Flash PCIe 12Gb Adapter","SAS/SATA-RAID","ESXi 9.1"," "
"Lenovo","Emulex LPe36002 64Gb 2-port PCIe Fibre Channel Adapter (4XC7A77485)","FC","ESXi 9.1"," "
"Lenovo","Lenovo P3700 PCIe SSD 2TB 00YA827","NVMe","ESXi 9.1"," "
"Lenovo","ThinkSystem M.2 with Mirroring Enablement Kit","SATA","ESXi 9.1"," "
"Lenovo","ThinkSystem SR630 x16 PCIe Riser with 4 on board SATA Ports","SATA","ESXi 9.1"," "
"Lenovo","Intel I350-F1 1xGbE Fiber Adapter for IBM System x (00AG500)","Network","ESXi 9.1"," "
"Lenovo","Intel I350-T2 2xGbE BaseT Adapter for IBM System x (00AG510)","Network","ESXi 9.1"," "
"Lenovo","Intel I350-T4 4xGbE BaseT Adapter for IBM System x (00AG520)","Network","ESXi 9.1"," "
"Lenovo","4Y37A09722 - ThinkSystem RAID 730-8i 2GB Flash PCIe 12Gb Adapter","SAS-RAID","ESXi 9.1"," "
"Lenovo","ThinkSystem 3.5" Intel P4510 1.0TB Entry NVMe G4HS SSD (PN: 4XB7A10208)","NVMe","ESXi 9.1"," "
"Lenovo","ThinkSystem 3.5" Intel P4510 2.0TB Entry NVMe G4HS SSD (PN: 4XB7A13621)","NVMe","ESXi 9.1"," "
"Lenovo","Lenovo ThinkServer RAID 720i PCIe Adapter","SAS-RAID","ESXi 9.1"," "
"Lenovo","ThinkSystem 3.5" Intel P4510 4.0TB Entry NVMe G4HS SSD (PN: 4XB7A13661)","NVMe","ESXi 9.1"," "
"Lenovo","ThinkSystem U.2 Intel P4510 1.0TB Entry NVMe PCIe3.0 Hot Swap SSD (PN:4XB7A10202)","NVMe","ESXi 9.1"," "
"Lenovo","ThinkSystem U.2 Intel P4510 2.0TB Entry NVMe PCIe3.0 Hot Swap SSD (PN: 4XB7A10204)","NVMe","ESXi 9.1"," "
"Lenovo","ThinkSystem U.2 Intel P4510 4.0TB Entry NVMe PCIe3.0 Hot Swap SSD (PN: 4XB7A10205)","NVMe","ESXi 9.1"," "
"Lenovo","P3600 400GB NVMe 2.5" Enterprise Value PCIe SSD - 90Y3227","NVMe","ESXi 9.1"," "
"Lenovo","ThinkSystem U.2 Intel P4510 8.0TB Entry NVMe PCIe3.0 Hot Swap SSD (PN: 4XB7A08513)","NVMe","ESXi 9.1"," "
"Lenovo","P3600 800GB NVMe 2.5" Enterprise Value PCIe SSD - 90Y3230","NVMe","ESXi 9.1"," "
"Lenovo","800GB NVMe Enterprise Mainstream 2.5" G3HS SSD/KCM51VUG800G","NVMe","ESXi 9.1"," "
"Lenovo","1.6TB NVMe Enterprise Mainstream 2.5" G3HS SSD/KCM51VUG1T60","NVMe","ESXi 9.1"," "
"Lenovo","3.2TB NVMe Enterprise Mainstream 2.5" G3HS SSD/KCM5XVUG3T20","NVMe","ESXi 9.1"," "
"Lenovo","U.2 6.4TB Enterprise Mainstream NVMe PCIe 3.0 Hot Swap SSD/KCM51VUG6T40","NVMe","ESXi 9.1"," "
"Lenovo","HHHL 1.6TB Enterprise Mainstream NVMe PCIe 3.0 Flash Adapter/KCM51V4C1T60","NVMe","ESXi 9.1"," "
"Lenovo","P3600 1600GB NVMe 2.5" Enterprise Value PCIe SSD - 90Y3233","NVMe","ESXi 9.1"," "
"Lenovo","HHHL 3.2TB Enterprise Mainstream NVMe PCIe 3.0 Flash Adapter/KCM51V4C3T20","NVMe","ESXi 9.1"," "
"Lenovo","Lenovo SN30E54818 ThinkServer OCm14102-UX-L AnyFabric 10Gb 2 Port SFP+ CNA by Emulex","Network","ESXi 9.1","Restricted"
"Lenovo","HHHL 6.4TB Enterprise Mainstream NVMe PCIe 3.0 Flash Adapter/KCM51V4C6T40","NVMe","ESXi 9.1"," "
"Lenovo","P3600 2000GB NVMe 2.5" Enterprise Value PCIe SSD - 90Y3236","NVMe","ESXi 9.1"," "
"Lenovo","ThinkSystem U.2 Intel P4610 1.6TB Mainstream NVMe PCIe3.0 Hot Swap SSD (PN: 4XB7A13936)","NVMe","ESXi 9.1"," "
"Lenovo","ThinkSystem U.2 Intel P4610 3.2TB Mainstream NVMe PCIe3.0 Hot Swap SSD (PN: 4XB7A13937)","NVMe","ESXi 9.1"," "
"Lenovo","ThinkSystem U.2 Intel P4610 6.4TB Mainstream NVMe PCIe3.0 Hot Swap SSD (PN: 4XB7A13938)","NVMe","ESXi 9.1"," "
"Lenovo","ThinkSystem 3.5" Intel P4610 1.6TB Mainstream NVMe G4HS SSD (PN: 4XB7A13944)","NVMe","ESXi 9.1"," "
"Lenovo","ThinkSystem 3.5" Intel P4610 3.2TB Mainstream NVMe G4HS SSD (PN: 4XB7A13945)","NVMe","ESXi 9.1"," "
"Lenovo","Lenovo SN30E54820 ThinkServer OCm14104-UX-L AnyFabric 10Gb 4 Port SFP+ CNA by Emulex","Network","ESXi 9.1","Restricted"
"Lenovo","ThinkSystem 3.5" Intel P4610 6.4TB Mainstream NVMe G4HS SSD (PN: 4XB7A13946)","NVMe","ESXi 9.1"," "
"Lenovo","00D1996 Emulex VFA5 ML2 Dual port 10Gb SFP+ Adapter (EL2) (OCm14102-U-X)","Network","ESXi 9.1","Restricted"
"Lenovo","ThinkSystem U.2 Intel Optane P4800X 375GB Performance NVMe PCIe 3.0 x4 Hot Swap SSD 60DWPD (PN:4XB7A38159)","NVMe","ESXi 9.1","Restricted"
"Lenovo","ThinkSystem U.2 Intel Optane P4800X 750GB Performance NVMe PCIe 3.0 x4 Hot Swap SSD 60DWPD (PN:4XB7A38160)","NVMe","ESXi 9.1","Restricted"
"Lenovo","ThinkSystem U.2 Intel Optane P4800X 1.5TB Performance NVMe PCIe 3.0 x4 Hot Swap SSD 60DWPD (PN:4XB7A17163)","NVMe","ESXi 9.1","Restricted"
"Lenovo","ThinkSystem 3.5" Intel Optane P4800X 375GB Performance NVMe PCIe 3.0 x4 Hot Swap SSD 60DWPD (PN:4XB7A38162)","NVMe","ESXi 9.1","Restricted"
"Lenovo","ThinkSystem 3.5" Intel Optane P4800X 750GB Performance NVMe PCIe 3.0 x4 Hot Swap SSD 60DWPD (PN:4XB7A38163)","NVMe","ESXi 9.1","Restricted"
"Lenovo","ThinkSystem 3.5" Intel Optane P4800X 1.5TB Performance NVMe PCIe 3.0 x4 Hot Swap SSD 60DWPD (PN:4XB7A38164)","NVMe","ESXi 9.1","Restricted"
"Lenovo","00JY800 Flex System CN4052 2-port 10Gb Virtual Fabric Adapter (OCm14102-U2-X)","Network","ESXi 9.1","Restricted"
"Lenovo","LOM adapter for Lenovo SD630(Ultron) server LOM","Network","ESXi 9.1"," "
"Lenovo","94Y5160 Flex System CN4058S 8-port 10Gb Virtual Fabric Adapter (OCm14108-U-X)","Network","ESXi 9.1","Restricted"
"Lenovo","00JY820 Emulex VFA5 2x10 GbE SFP+ PCIe Adapter (OCe14102-UX-X)","Network","ESXi 9.1","Restricted"
"Lenovo","Intel(R) Ethernet Controller X710 for 10GbE SFP+ (94Y5200)","Network","ESXi 9.1","Restricted"
"Lenovo","Intel(R) Ethernet Controller X710 for 10GbE SFP+ (01DA900)","Network","ESXi 9.1"," "
"Lenovo","N2215 SAS/SATA HBA","SAS","ESXi 9.1"," "
"Lenovo","N2225 SAS/SATA HBA","SAS","ESXi 9.1"," "
"Lenovo","N2226 SAS/SATA HBA","SAS","ESXi 9.1"," "
"Lenovo","Lenovo- 4XC7A78166- ThinkSystem Mellanox ConnectX-6 Dx 10/25GbE SFP28 2-port PCIe Ethernet Adapter","Network","ESXi 9.1"," "
"Lenovo","Lenovo- 4XC7A78167-ThinkSystem Mellanox ConnectX-6 Dx 10/25GbE SFP28 2-port OCP Ethernet Adapter","Network","ESXi 9.1"," "
"Lenovo","Lenovo- 4XC7A62580-ThinkSystem Mellanox ConnectX-6 Lx 10/25GbE SFP28 2-port PCIe Ethernet Adapter","Network","ESXi 9.1"," "
"Lenovo","ServeRAID M1215 SAS/SATA Controller","SAS-RAID","ESXi 9.1"," "
"Lenovo","Lenovo-4XC7A62582-ThinkSystem Mellanox ConnectX-6 Lx 10/25GbE SFP28 2-port OCP Ethernet Adapter","Network","ESXi 9.1"," "
"Lenovo","Intel(R) Ethernet Connection X722 for 1GbE ","Network","ESXi 9.1"," "
"Lenovo","Intel(R) Ethernet Connection X722 for 10GBASE-T ","Network","ESXi 9.1"," "
"Lenovo","ThinkSystem U.2 Intel Optane P4800X 375GB Performance NVMe PCIe 3.0 x4 Hot Swap SSD 30DWPD (PN:4XB7A38159)","NVMe","ESXi 9.1","Restricted"
"Lenovo","ThinkSystem U.2 Intel Optane P4800X 750GB Performance NVMe PCIe 3.0 x4 Hot Swap SSD 30DWPD (PN:4XB7A38160)","NVMe","ESXi 9.1","Restricted"
"Lenovo","ThinkSystem 3.5" Intel Optane P4800X 375GB Performance NVMe PCIe 3.0 x4 Hot Swap SSD 30DWPD (PN:4XB7A38162)","NVMe","ESXi 9.1","Restricted"
"Lenovo","ThinkSystem 3.5" Intel Optane P4800X 750GB Performance NVMe PCIe 3.0 x4 Hot Swap SSD 30DWPD (PN:4XB7A38163)","NVMe","ESXi 9.1","Restricted"
"Lenovo","Lenovo ThinkServer RAID 520i PCIe Adapter","SAS-RAID","ESXi 9.1"," "
"Lenovo","430-8i SAS/SATA Dense HBA","SAS","ESXi 9.1"," "
"Lenovo","7Y37A01088 - ThinkSystem 430-8i SAS/SATA 12Gb HBA","SAS","ESXi 9.1"," "
"Lenovo","7Y37A01089 - ThinkSystem 430-16i SAS/SATA 12Gb HBA","SAS","ESXi 9.1"," "
"Lenovo","7Y37A01090 - ThinkSystem 430-8e SAS/SATA 12Gb HBA","SAS","ESXi 9.1"," "
"Lenovo","7Y37A01091 - ThinkSystem 430-16e SAS/SATA 12Gb HBA","SAS","ESXi 9.1"," "
"Lenovo","ServeRAID M1210","SAS-RAID","ESXi 9.1"," "
"Lenovo","ThinkSystem Broadcom 57416 10GBASE-T 2-port PCIe Ethernet LOM","Network","ESXi 9.1"," "
"Lenovo","4Y37A78601 - ThinkSystem 440-8i SAS/SATA PCIe Gen4 12Gb HBA","SAS","ESXi 9.1"," "
"Lenovo","4Y37A78602 - ThinkSystem 440-16i SAS/SATA PCIe Gen4 12Gb HBA","SAS","ESXi 9.1"," "
"Lenovo","Lenovo- 4XC7A08229-ThinkSystem Mellanox ConnectX-5 Ex 25/40GbE 2-port Low-Latency Adapter","Network","ESXi 9.1"," "
"Lenovo","ThinkSystem Broadcom NetXtreme PCIe 1Gb 2-Port RJ45 Ethernet LOM","Network","ESXi 9.1"," "
"Lenovo","Lenovo- 4C57A08980-Mellanox ConnectX-5 2x100GbE/EDR IB QSFP28 VPI Adapter","Network","ESXi 9.1"," "
"Lenovo","Lenovo- 4C57A08979-Mellanox ConnectX-5 1x100GbE/EDR IB QSFP28 VPI Adapter","Network","ESXi 9.1"," "
"Lenovo","Lenovo- 4XC7A08315-ThinkSystem Mellanox ConnectX-4 Lx 25Gb 2-port Mezz Adapter","Network","ESXi 9.1"," "
"Lenovo","ServeRAID M5210e","SAS-RAID","ESXi 9.1"," "
"Lenovo","4Y37A78834 - ThinkSystem RAID 540-8i PCIe Gen4 12Gb Adapter","SAS-SATA-NVME Tri-mode","ESXi 9.1"," "
"Lenovo","4Y37A78835 - ThinkSystem RAID 540-16i PCIe Gen4 12Gb Adapter","SAS-SATA-NVME Tri-mode","ESXi 9.1"," "
"Lenovo","4Y37A78600 - ThinkSystem RAID 940-16i 4GB Flash PCIe Gen4 12Gb Adapter","SAS-SATA-NVME Tri-mode","ESXi 9.1"," "
"Lenovo","ServeRAID M5210e SAS/SATA Controller","SAS-RAID","ESXi 9.1"," "
"Lenovo","Flex System 01CV792 4-port 10Gb Virtual Fabric Adapter w/FCoE","Network","ESXi 9.1","Restricted"
"Lenovo","Emulex 01CV772 ML2 2-Port 10GbE SFP+ Adapter w/FCoE","Network","ESXi 9.1","Restricted"
"Lenovo","Flex System 01CV782 2-port 10Gb Virtual Fabric Adapter w/FCoE","Network","ESXi 9.1","Restricted"
"Lenovo","ServeRAID M5215","SAS-RAID","ESXi 9.1"," "
"Lenovo","ServeRAID M5215","SAS-RAID","ESXi 9.1"," "
"Lenovo","4Y37A09727 - ThinkSystem RAID 530-16i PCIe 12Gb Adapter","SAS/SATA-RAID","ESXi 9.1"," "
"Lenovo","ServeRAID M5225-2GB SAS/SATA Controller","SAS-RAID","ESXi 9.1"," "
"Lenovo","Lenovo-00MM950-ConnectX-4 Lx PCIe 40Gb 1 Port QSFP+ Ethernet Adapter-Mellanox","Network","ESXi 9.1"," "
"Lenovo","Lenovo-00MN990-ConnectX-4 Lx ML2 25Gb 1 Port SFP28 Ethernet Adapter-Mellanox","Network","ESXi 9.1"," "
"Lenovo","Lenovo-01GR250-ConnectX-4 Lx PCIe 25Gb 2-Port SFP28 Ethernet Adapter-Mellanox","Network","ESXi 9.1"," "
"Lenovo","Lenovo-00MM960-ConnectX-4 PCIe 100GbE/ EDR IB 2 Port QSFP+ VPI Adapter-Mellanox","Network","ESXi 9.1","Restricted"
"Lenovo","Lenovo ThinkServer X710 AnyFabric for 10GbE SFP+","Network","ESXi 9.1"," "
"Lenovo","Lenovo-00KH924-ConnectX-4 EDR IB VPI Single-port x16 PCIe 3.0 HCA-Mellanox","Network","ESXi 9.1","Restricted"
"Lenovo","Lenovo ThinkServer X710-4 AnyFabric for 10GbE SFP+ (4XC0G88848)","Network","ESXi 9.1","Restricted"
"Lenovo","Lenovo SN30L34587 4x10GbE SFP+ PCIe Adapter","Network","ESXi 9.1","Restricted"
"Lenovo","Lenovo ThinkServer X710-2 AnyFabric for 10GbE SFP+ (4XC0G88847)","Network","ESXi 9.1","Restricted"
"Lenovo","Intel X710-DA2 ML2 2x10GbE SFP+ adapter (00JY940)","Network","ESXi 9.1"," "
"Lenovo","RAID 730-8i 4GB Flash","SAS-RAID","ESXi 9.1"," "
"Lenovo","Intel(R) Ethernet Controller X710 for 10GbE SFP+ (4XC0G88827)","Network","ESXi 9.1","Restricted"
"Lenovo","Emulex LPe35000 32Gb 1-Port PCIe Fibre Channel Adapter(4XC7A08250)","FC","ESXi 9.1"," "
"Lenovo","ServeRAID M5210e SAS/SATA Controller","SAS-RAID","ESXi 9.1"," "
"Lenovo","Emulex LPe35002 32Gb 2-Port PCIe Fibre Channel Adapter(4XC7A08251)","FC","ESXi 9.1"," "
"Lenovo","Intel(R) Ethernet Controller X710 for 10GbE SFP+ (4XC0G88828)","Network","ESXi 9.1","Restricted"
"Lenovo","ThinkSystem Broadcom NX-E PCIe 10Gb 2-Port Base-T Ethernet Adapter (7ZT7A00496)","Network","ESXi 9.1"," "
"Lenovo","ServeRAID M1210e","SAS-RAID","ESXi 9.1"," "
"Lenovo","ThinkSystem M.2 650GB P4511 NVMe SED High Endurance SSD (PN: 4XB7A39426)","NVMe","ESXi 9.1"," "
"Lenovo","ThinkSystem M.2 1TB P4511 NVMe SED SSD (PN: 4XB7A39427)","NVMe","ESXi 9.1"," "
"Lenovo","ThinkSystem Intel X710-T2L 10GBASE-T 2-port OCP Ethernet Adapter","Network","ESXi 9.1"," "
"Lenovo","ThinkSystem Intel X710-T4L 10GBASE-T 4-Port PCIe Ethernet Adapter","Network","ESXi 9.1"," "
"Lenovo","ThinkSystem M.2 2TB P4511 NVMe SED SSD (PN: 4XB7A39428)","NVMe","ESXi 9.1"," "
"Lenovo","4Y37A72484 - ThinkSystem RAID 9350-8i 2GB Flash PCIe 12Gb Internal Adapter","SAS/SATA-RAID","ESXi 9.1"," "
"Lenovo","4Y37A72486 - ThinkSystem RAID 9350-16i 4GB Flash PCIe 12Gb Internal Adapter","SAS/SATA-RAID","ESXi 9.1"," "
"Lenovo","Lenovo 960GB Toshiba CM5 NVMe Enterprise Mainstream 1DWPD 2.5" SED SSD/KCM5DRUG960G","NVMe","ESXi 9.1"," "
"Lenovo","Lenovo 1.92TB Toshiba CM5 NVMe Enterprise Mainstream 1DWPD 2.5" SED SSD/KCM5DRUG1T92","NVMe","ESXi 9.1"," "
"Lenovo","Lenovo 3.84TB Toshiba CM5 NVMe Enterprise Mainstream 1DWPD 2.5" SED SSD/KCM5DRUG3T84","NVMe","ESXi 9.1"," "
"Lenovo","Intel(R) Ethernet Connection X722 for SE350 10G SFP+","Network","ESXi 9.1"," "
"Lenovo","ServeRAID M1210e","SAS-RAID","ESXi 9.1"," "
"Lenovo","4Y37A78836 - ThinkSystem RAID 940-8e 4GB Flash PCIe Gen4 12Gb Adapter","SAS-SATA-NVME Tri-mode","ESXi 9.1"," "
"Lenovo","Intel(R) Ethernet Connection X722 for SE350 10G BaseT","Network","ESXi 9.1"," "
"Lenovo","ThinkSystem Broadcom 57414 10/25GbE SFP28 2-port PCIe Ethernet Adapter (4XC7A08238)","Network","ESXi 9.1"," "
"Lenovo","ThinkSystem Broadcom 57414 10/25GbE SFP28 2-port OCP Ethernet Adapter(4XC7A08237)","Network","ESXi 9.1"," "
"Lenovo","ServeRAID M1215","SAS-RAID","ESXi 9.1"," "
"Lenovo","Lenovo-4XC7A08249-ConnectX-4 PCIe Lx 10/25GbE SFP28 2-port PCIe Ethernet Adapter-Mellanox","Network","ESXi 9.1"," "
"Lenovo","Lenovo-4XC7A08246-Lenovo ThinkSystem Mellanox ConnectX-4 Lx 10/25GbE SFP28 2-port OCP Ethernet Adapter","Network","ESXi 9.1"," "
"Lenovo","Intel(R) Ethernet Connection X722 for 10GbE backplane","Network","ESXi 9.1"," "
"Lenovo","ThinkSystem 1Gb 2-port RJ45 LOM (7ZT7A00544)","Network","ESXi 9.1"," "
"Lenovo","Intel(R) Ethernet Connection X722 for 1GbE","Network","ESXi 9.1"," "
"Lenovo","ThinkSystem 1Gb RJ45 LOM","Network","ESXi 9.1"," "
"Lenovo","ThinkSystem Broadcom NetXtreme PCIe 1Gb 4-Port RJ45 Ethernet Adapter (7ZT7A00484)","Network","ESXi 9.1"," "
"Lenovo","ThinkSystem Broadcom NetXtreme PCIe 1Gb 2-Port RJ45 Ethernet Adapter (7ZT7A00482)","Network","ESXi 9.1"," "
"Lenovo","ThinkSystem Broadcom 57416 10GBASE-T 2-port PCIe Ethernet LOM (ST650 V3)","Network","ESXi 9.1"," "
"Lenovo","ThinkSystem Broadcom 57508 100GbE QSFP56 2-Port OCP Ethernet Adapter (4XC7A08243)","Network","ESXi 9.1"," "
"Lenovo","ThinkSystem Broadcom 57504 10/25GbE SFP28 4-port OCP Ethernet Adapter (4XC7A80567)","Network","ESXi 9.1"," "
"Lenovo","ThinkSystem Broadcom 57504 10/25GbE SFP28 4-port PCIe Ethernet Adapter (4XC7A80566)","Network","ESXi 9.1"," "
"Lenovo","ServeRAID M1210e","SAS-RAID","ESXi 9.1"," "
"Lenovo","ThinkSystem SE350 M.2 SATA 4-Bay Data RAID Mirroring Enablement Kit","SATA","ESXi 9.1"," "
"Lenovo","ThinkSystem SE350 M.2 SATA 4-Bay Data RAID Mirroring Enablement Kit","SATA","ESXi 9.1"," "
"Lenovo","4Y37A09730 - ThinkSystem RAID 940-16i 8GB Flash PCIe Gen4 12Gb Adapter","SAS-SATA-NVME Tri-mode","ESXi 9.1"," "
"Lenovo","4Y37A09735 - ThinkSystem RAID 940-16i 8GB Flash PCIe Gen4 12Gb Internal Adapter","SAS-SATA-NVME Tri-mode","ESXi 9.1"," "
"Lenovo","4Y37A84028 - ThinkSystem RAID 5350-8i PCIe 12Gb Internal Adapter","SAS/SATA-RAID","ESXi 9.1"," "
"Lenovo","ThinkSystem Intel X710-T2L 10GBASE-T 2-Port PCIe Ethernet Adapter (4XC7A80266)","Network","ESXi 9.1"," "
"LSI","MegaRAID SAS 9361-16i","SAS-RAID","ESXi 9.1"," "
"LSI","MegaRAID SAS 9380-8i8e","SAS-RAID","ESXi 9.1"," "
"LSI","MegaRAID SAS 9380-8i8e w/ JBOD","SAS","ESXi 9.1"," "
"LSI","MegaRAID SAS 9361-24i","SAS-RAID","ESXi 9.1"," "
"LSI","MegaRAID SAS 9361-24i w/ JBOD","SAS","ESXi 9.1"," "
"LSI","MegaRAID 12G G152SAS/PCIe SAS39xx","SAS-RAID","ESXi 9.1"," "
"LSI","MegaRAID 12G SAS/PCIe SAS39xx","SAS-RAID","ESXi 9.1"," "
"LSI","MegaRAID 12G SAS/PCIe Secure SAS39xx","SAS-RAID","ESXi 9.1"," "
"LSI","MegaRAID 12G SAS/PCIe SAS39xx","SAS-RAID","ESXi 9.1"," "
"LSI","MegaRAID 12G SAS/PCIe SAS38xx","SAS-RAID","ESXi 9.1"," "
"LSI","MegaRAID 12G SAS/PCIe SAS38xx","SAS-RAID","ESXi 9.1"," "
"LSI","MegaRAID 12G SAS/PCIe Secure SAS38xx","SAS-RAID","ESXi 9.1"," "
"LSI","MegaRAID 12G SAS/PCIe SAS38xx","SAS-RAID","ESXi 9.1"," "
"LSI","MegaRAID SAS Cutlass Controller","SAS-RAID","ESXi 9.1"," "
"LSI","MegaRAID SAS Cutlass Controller","SAS-RAID","ESXi 9.1"," "
"LSI","SAS9300-8e","SAS","ESXi 9.1"," "
"LSI","MegaRAID SAS 3316 I/O Controller","SAS-RAID","ESXi 9.1"," "
"LSI","MegaRAID SAS 3316 I/O Controller","SAS-RAID","ESXi 9.1"," "
"LSI","MegaRAID SAS Intruder Controller","SAS-RAID","ESXi 9.1"," "
"LSI","MegaRAID SAS 3108 I/O controller","SAS-RAID","ESXi 9.1"," "
"LSI","MegaRAID SAS Intruder Controller","SAS-RAID","ESXi 9.1"," "
"LSI","Fusion-MPT 12GSAS SAS3324_1 PCI-Express","SAS","ESXi 9.1"," "
"LSI","Fusion-MPT 12GSAS SAS3324_2 PCI-Express","SAS","ESXi 9.1"," "
"LSI","Fusion-MPT 12GSAS SAS3324_3 PCI-Express","SAS","ESXi 9.1"," "
"LSI","Fusion-MPT 12GSAS SAS3324_4 PCI-Express","SAS","ESXi 9.1"," "
"LSI","Fusion-MPT 12GSAS SAS3224 PCI-Express","SAS","ESXi 9.1"," "
"LSI","Fusion-MPT 12GSAS SAS3316_1 PCI-Express","SAS","ESXi 9.1"," "
"LSI","Fusion-MPT 12GSAS SAS3316_2 PCI-Express","SAS","ESXi 9.1"," "
"LSI","Fusion-MPT 12GSAS SAS3316_3 PCI-Express","SAS","ESXi 9.1"," "
"LSI","Fusion-MPT 12GSAS SAS3316_4 PCI-Express","SAS","ESXi 9.1"," "
"LSI","Fusion-MPT 12GSAS SAS3216 PCI-Express","SAS","ESXi 9.1"," "
"LSI","Avago (LSI Logic) Fusion-MPT 12GSAS SAS3008 PCI-Express","SAS","ESXi 9.1"," "
"LSI","Fusion-MPT 12GSAS/PCIe SAS3516_1 PCI-Express","SAS","ESXi 9.1"," "
"LSI","12G SAS HBA(16)","SAS","ESXi 9.1"," "
"LSI","Fusion-MPT 12GSAS/PCIe SAS3416 PCI-Express","SAS","ESXi 9.1"," "
"LSI","Fusion-MPT 12GSAS/PCIe SAS3508_1 PCI-Express","SAS","ESXi 9.1"," "
"LSI","12G SAS HBA(26)","SAS","ESXi 9.1"," "
"LSI","Fusion-MPT 12GSAS/PCIe SAS3408 PCI-Express","SAS","ESXi 9.1"," "
"LSI","MegaRAID Tri-Mode SAS3516","SAS-SATA-NVME Tri-mode RAID","ESXi 9.1"," "
"LSI","MegaRAID Tri-Mode SAS3508","SAS-SATA-NVME Tri-mode RAID","ESXi 9.1"," "
"LSI","MegaRAID Tri-Mode SAS3408","SAS-SATA-NVME Tri-mode","ESXi 9.1"," "
"LSI","MegaRAID Tri-Mode SAS3504","SAS-SATA-NVME Tri-mode","ESXi 9.1"," "
"LSI","MegaRAID Tri-Mode SAS3404","SAS-SATA-NVME Tri-mode","ESXi 9.1"," "
"LSI","9360-8i","SAS","ESXi 9.1"," "
"LSI","SAS 9300-4i","SAS","ESXi 9.1"," "
"LSI","SAS 9300-8i","SAS","ESXi 9.1"," "
"LSI","MegaRAID SAS 9361-8i w/ JBOD Mode","SAS","ESXi 9.1"," "
"LSI","SAS 9300-16e","SAS","ESXi 9.1"," "
"LSI","SAS 9300-4i4e","SAS","ESXi 9.1"," "
"LSI","LSI SAS MegaRAID 9361-8icc","SAS-RAID","ESXi 9.1"," "
"LSI","SAS 9311-8i","SAS","ESXi 9.1"," "
"LSI","SAS 9311-4i4e","SAS","ESXi 9.1"," "
"LSI","SAS 9310-8i","SAS","ESXi 9.1"," "
"LSI","SAS 9302-8i","SAS","ESXi 9.1"," "
"LSI","MegaRAID SAS 9361-4i","SAS-RAID","ESXi 9.1"," "
"LSI","MegaRAID SAS 9380-8e","SAS-RAID","ESXi 9.1"," "
"LSI","MegaRAID SAS 9380-4i4e","SAS-RAID","ESXi 9.1"," "
"LSI","MegaRAID SAS 9360-4i","SAS-RAID","ESXi 9.1"," "
"LSI","MegaRAID SAS 9341-4i","SAS-RAID","ESXi 9.1"," "
"LSI","MegaRAID Tri-Mode SAS3416","SAS-SATA-NVME Tri-mode RAID","ESXi 9.1"," "
"LSI","ZTE ATCA SAS3408","SAS-SATA-NVME Tri-mode RAID","ESXi 9.1"," "
"LSI","MegaRAID SAS 9361-8i","SAS-RAID","ESXi 9.1"," "
"LSI","SAS 9300-16i","SAS","ESXi 9.1"," "
"LSI","MegaRAID SAS Invader Controller","SAS-RAID","ESXi 9.1"," "
"LSI","LSI Logic Fusion-MPT 12GSAS SAS3108_1 PCI-Express","SAS","ESXi 9.1"," "
"LSI","LSI Logic Fusion-MPT 12GSAS SAS3108_2 PCI-Express","SAS","ESXi 9.1"," "
"LSI","LSI Logic Fusion-MPT 12GSAS SAS3108_5 PCI-Express","SAS","ESXi 9.1"," "
"LSI","SAS 9305-24i","SAS","ESXi 9.1"," "
"LSI","SAS 9305-16i","SAS","ESXi 9.1"," "
"LSI","SAS 9305-16e","SAS","ESXi 9.1"," "
"LSI","LSI Logic Fusion-MPT 12GSAS SAS3108_6 PCI-Express","SAS","ESXi 9.1"," "
"LSI","LSI Logic Fusion-MPT 12GSAS SAS3004 PCI-Express","SAS","ESXi 9.1"," "
"LSI","LSI Logic Fusion-MPT 12GSAS SAS3008 PCI-Express","SAS","ESXi 9.1"," "
"LSI","MegaRAID SAS Fury Controller","SAS-RAID","ESXi 9.1"," "
"LSI","MegaRAID SAS 9361-8i","SAS-RAID","ESXi 9.1"," "
"Marvell Technology Group Ltd","4Y37A09750-ThinkSystem M.2 NVMe 2-Bay RAID Enablement Kit","NVMe","ESXi 9.1"," "
"Marvell Technology Group Ltd","4XH7A60928-ThinkSystem 7mm NVMe 2-Bay Rear RAID Enablement Kit","NVMe","ESXi 9.1"," "
"Marvell Technology Group Ltd","AQtion 10Gbit Network Adapter","Network","ESXi 9.1","Restricted"
"Marvell Technology Group Ltd","Felicity Network Adapter","Network","ESXi 9.1","Restricted"
"Marvell Technology Group Ltd","AQtion 10Gbit Network Adapter","Network","ESXi 9.1","Restricted"
"Marvell Technology Group Ltd","AQtion 5Gbit Network Adapter","Network","ESXi 9.1","Restricted"
"Marvell Technology Group Ltd","AQtion 2.5Gbit Network Adapter","Network","ESXi 9.1","Restricted"
"Marvell Technology Group Ltd","Felicity Network Adapter","Network","ESXi 9.1","Restricted"
"Marvell Technology Group Ltd","AQtion 10Gbit Network Adapter","Network","ESXi 9.1","Restricted"
"Marvell Technology Group Ltd","AQtion 5Gbit Network Adapter","Network","ESXi 9.1","Restricted"
"Marvell Technology Group Ltd","AQtion 2.5Gbit Network Adapter","Network","ESXi 9.1","Restricted"
"Marvell Technology Group Ltd","AQtion 5Gbit Network Adapter","Network","ESXi 9.1","Restricted"
"Marvell Technology Group Ltd","AQtion 2.5Gbit Network Adapter","Network","ESXi 9.1","Restricted"
"Marvell Technology Group Ltd","Felicity Network Adapter","Network","ESXi 9.1","Restricted"
"Marvell Technology Group Ltd","AQtion 5Gbit Network Adapter","Network","ESXi 9.1","Restricted"
"Marvell Technology Group Ltd","AQtion 2.5Gbit Network Adapter","Network","ESXi 9.1","Restricted"
"Marvell Technology Group Ltd","AQtion 5Gbit Network Adapter","Network","ESXi 9.1","Restricted"
"Marvell Technology Group Ltd","AQtion 2.5Gbit Network Adapter","Network","ESXi 9.1","Restricted"
"Marvell Technology Group Ltd","AQtion 10Gbit Network Adapter","Network","ESXi 9.1","Restricted"
"Marvell Technology Group Ltd","Marvell Santa Cruz NVMe Host Adapter","NVMe","ESXi 9.1"," "
"Marvell Technology Group Ltd","Marvell NR2241 NVMe Controller","NVMe","ESXi 9.1"," "
"Marvell Technology Group Ltd","88SE9230 PCIe SATA 6Gb/s Controller","SATA","ESXi 9.1"," "
"Mellanox Technologies","ConnectX-5 Ex VPI NIC; EDR IB/100GbE; dual-port QSFP28; PCIe4.0 x16; (MCX556A-EDA)","Network","ESXi 9.1"," "
"Mellanox Technologies","ConnectX-5 Ex EN NIC; OCP3.0; 100GbE; single-port QSFP28; PCIe4.0 x16; (MCX565M-CDA)","Network","ESXi 9.1"," "
"Mellanox Technologies","ConnectX-5 Ex EN NIC; OCP3.0; 100GbE; dual-port QSFP28; PCIe4.0 x16; (MCX566A-CDA)","Network","ESXi 9.1"," "
"Mellanox Technologies","ConnectX-4 EN NIC; 40/56GbE; single-port QSFP28; PCIe3.0 x8; (MCX413A-BCA)","Network","ESXi 9.1","Restricted"
"Mellanox Technologies","ConnectX-4 EN NIC; 40/56GbE; dual-port QSFP28; PCIe3.0 x8; (MCX414A-BCA)","Network","ESXi 9.1","Restricted"
"Mellanox Technologies","ConnectX-4 EN NIC; 40/56GbE; single-port QSFP28; PCIe3.0 x16; (MCX415A-BCA)","Network","ESXi 9.1","Restricted"
"Mellanox Technologies","ConnectX-4 VPI NIC; FDR IB 40/56GbE; single-port QSFP28; PCIe3.0 x16; (MCX455A-FCA)","Network","ESXi 9.1","Restricted"
"Mellanox Technologies","ConnectX-4 Lx EN NIC; 25GbE; single-port SFP28; PCIe3.0 x8; (MCX4111A-ACU)","Network","ESXi 9.1"," "
"Mellanox Technologies","ConnectX-4 Lx EN NIC; 25GbE; single-port SFP28; PCIe3.0 x8; (MCX4411A-ACH)","Network","ESXi 9.1"," "
"Mellanox Technologies","ConnectX-4 Lx EN NIC; 25GbE; dual-port SFP28; PCIe3.0 x8; (MCX4121A-ACU)","Network","ESXi 9.1"," "
"Mellanox Technologies","ConnectX-4 Lx EN NIC; OCP2.0
 Type 1; 25GbE; single-port SFP28; PCIe3.0 x8; (MCX4411A-ACU)","Network","ESXi 9.1"," "
"Mellanox Technologies","ConnectX-4 Lx EN NIC; OCP2.0
 Type 1; 25GbE; dual-port SFP28; PCIe3.0 x8; (MCX4421A-ACA)","Network","ESXi 9.1"," "
"Mellanox Technologies","ConnectX-4 Lx EN NIC; OCP2.0
 Type 1; 25GbE; dual-port SFP28; PCIe3.0 x8; (MCX4421A-ACU)","Network","ESXi 9.1"," "
"Mellanox Technologies","ConnectX-4 Lx EN NIC; OCP2.0
 Type 1; 10GbE; dual-port SFP28; PCIe3.0 x8; (MCX4421A-XCQ)","Network","ESXi 9.1"," "
"Mellanox Technologies","ConnectX-4 Lx EN NIC; OCP2.0
 Type 1; 50GbE; single-port QSFP28; PCIe3.0 x8; (MCX4431A-GCU)","Network","ESXi 9.1"," "
"Mellanox Technologies","ConnectX-6 VPI NIC; OCP3.0; HDR IB/200GbE; single-port QSFP56; PCIe4.0 x16; (MCX653435A-HDA)","Network","ESXi 9.1"," "
"Mellanox Technologies","ConnectX-6 VPI NIC; OCP3.0; HDR100
 EDR IB/100GbE; single-port QSFP56; PCIe4.0 x16; (MCX653435A-EDA)","Network","ESXi 9.1"," "
"Mellanox Technologies","ConnectX-6 VPI NIC; HDR100
 EDR IB/100GbE; dual-port QSFP56; PCIe4.0 x16; (MCX653106A-ECA)","Network","ESXi 9.1"," "
"Mellanox Technologies","ConnectX-6 VPI NIC; HDR IB/200GbE; single-port QSFP56; PCIe4.0 x16; (MCX653105A-HDA)","Network","ESXi 9.1"," "
"Mellanox Technologies","ConnectX-6 VPI NIC; HDR100
 EDR IB/100GbE; single-port QSFP56; PCIe4.0 x16; (MCX653105A-ECA)","Network","ESXi 9.1"," "
"Mellanox Technologies","ConnectX-6 EN NIC; OCP3.0; 200GbE; dual-port QSFP56; PCIe4.0 x16; (MCX613436A-VDA)","Network","ESXi 9.1"," "
"Mellanox Technologies","ConnectX-6 VPI NIC; OCP3.0; HDR IB/200GbE; dual-port QSFP56; PCIe4.0 x16; (MCX653436A-HDA)","Network","ESXi 9.1"," "
"Mellanox Technologies","ConnectX-6 Dx EN NIC; 25GbE; dual-port SFP28; PCIe4.0 x8; (MCX621102AC-ADA)","Network","ESXi 9.1"," "
"Mellanox Technologies","ConnectX-6 Dx EN NIC; 25GbE; dual-port SFP28; PCIe4.0 x8; (MCX621102AE-ADA)","Network","ESXi 9.1"," "
"Mellanox Technologies","ConnectX-6 Dx EN NIC; 25GbE; dual-port SFP28; PCIe4.0 x8; (MCX623102AC-ADA)","Network","ESXi 9.1"," "
"Mellanox Technologies","ConnectX-6 Dx EN NIC; 50GbE; dual-port SFP56; PCIe4.0 x16; (MCX623102AC-GDA)","Network","ESXi 9.1"," "
"Mellanox Technologies","ConnectX-6 Dx EN NIC; 50GbE; dual-port SFP56; PCIe4.0 x16; (MCX623102AE-GDA)","Network","ESXi 9.1"," "
"Mellanox Technologies","ConnectX-6 Dx EN NIC; 50GbE; dual-port SFP56; PCIe4.0 x16; (MCX623102AN-GDA)","Network","ESXi 9.1"," "
"Mellanox Technologies","ConnectX-6 Dx EN NIC; 200GbE; single-port QSFP56; PCIe4.0 x16; (MCX623105AC-VDA)","Network","ESXi 9.1"," "
"Mellanox Technologies","ConnectX-6 Dx EN NIC; 200GbE; single-port QSFP56; PCIe4.0 x16; (MCX623105AE-VDA)","Network","ESXi 9.1"," "
"Mellanox Technologies","ConnectX-6 Dx EN NIC; 200GbE; single-port QSFP56; PCIe4.0 x16; (MCX623105AN-VDA)","Network","ESXi 9.1"," "
"Mellanox Technologies","ConnectX-5 EN NIC; 25GbE; single-port SFP28; PCIe3.0 x16; (MCX511F-ACA)","Network","ESXi 9.1"," "
"Mellanox Technologies","ConnectX-5 EN NIC; 10/25GbE; dual-port SFP28; PCIe3.0 x8; (MCX512A-ACU)","Network","ESXi 9.1"," "
"Mellanox Technologies","ConnectX-5 EN NIC; 25GbE; dual-port SFP28; PCIe3.0 x16; (MCX512F-ACA)","Network","ESXi 9.1"," "
"Mellanox Technologies","ConnectX-5 EN NIC; 100GbE; single-port QSFP28; PCIe3.0 x16; (MCX515A-CCU)","Network","ESXi 9.1"," "
"Mellanox Technologies","ConnectX-5 EN NIC; OCP2.0
 Type 1; 25GbE; dual-port SFP28; PCIe3.0 x16; (MCX542A-ACA)","Network","ESXi 9.1"," "
"Mellanox Technologies","ConnectX-6 Dx EN NIC; OCP3.0; 50GbE; dual-port SFP56; PCIe4.0 x16; (MCX623432AC-GDA)","Network","ESXi 9.1"," "
"Mellanox Technologies","ConnectX-6 Dx EN NIC; OCP3.0; 50GbE; dual-port SFP56; PCIe4.0 x16; (MCX623432AN-GDA)","Network","ESXi 9.1"," "
"Mellanox Technologies","ConnectX-6 Dx EN NIC; OCP3.0; 25GbE; dual-port SFP28; PCIe4.0 x16; (MCX623432AE-ADA)","Network","ESXi 9.1"," "
"Mellanox Technologies","ConnectX®-5 EN network interface card
 50GbE single-port (MCX515A-CCAT)","Network","ESXi 9.1"," "
"Mellanox Technologies","ConnectX-6 Dx EN NIC; OCP3.0; 200GbE; single-port SFP56; PCIe4.0 x16; (MCX623435AN-VDA)","Network","ESXi 9.1"," "
"Mellanox Technologies","ConnectX-6 Dx EN NIC; OCP3.0; 100GbE; single-port QSFP56; PCIe4.0 x16; (MCX623435MN-CDA)","Network","ESXi 9.1"," "
"Mellanox Technologies","ConnectX-6 Dx EN NIC; OCP3.0; 100GbE; dual-port QSFP56; PCIe4.0 x16; (MCX623436AC-CDA)","Network","ESXi 9.1"," "
"Mellanox Technologies","ConnectX-6 Dx EN NIC; OCP3.0; 100GbE; dual-port QSFP56; PCIe4.0 x16; (MCX623436AE-CDA)","Network","ESXi 9.1"," "
"Mellanox Technologies","ConnectX-5 EN NIC; OCP2.0
 Type 1; 25GbE; dual-port SFP28; PCIe3.0 x8; (MCX542B-ACA)","Network","ESXi 9.1"," "
"Mellanox Technologies","ConnectX-5 EN NIC; OCP2.0
 Type 1; 25GbE; dual-port SFP28; PCIe3.0 x8; (MCX542B-ACU)","Network","ESXi 9.1"," "
"Mellanox Technologies","ConnectX-5 EN NIC; OCP2.0
 Type 2; 100GbE; single-port QSFP28; PCIe3.0 x16; (MCX545A-CCU)","Network","ESXi 9.1"," "
"Mellanox Technologies","ConnectX-5 EN NIC; OCP2.0
 Type 1; 100GbE; single-port QSFP28; PCIe3.0 x16; (MCX545B-CCU)","Network","ESXi 9.1"," "
"Mellanox Technologies","ConnectX-5 VPI NIC; OCP2.0; EDR IB/100GbE; single-port QSFP28; PCIe3.0 x16; (MCX545B-ECA)","Network","ESXi 9.1"," "
"Mellanox Technologies","ConnectX-5 EN NIC; OCP3.0; 100GbE; dual-port QSFP28; PCIe3.0 x16; (MCX566A-CCA)","Network","ESXi 9.1"," "
"Mellanox Technologies","ConnectX®-5 Ex EN network interface card
 40GbE dual-port QSFP28 (MCX516A-BDAT)","Network","ESXi 9.1"," "
"Mellanox Technologies","ConnectX-4 EN NIC; 100GbE; single-port QSFP28; (MCX415A-CCA)","Network","ESXi 9.1","Restricted"
"Mellanox Technologies","ConnectX-4 EN NIC; 100GbE; dual-port QSFP28; (MCX416A-CCA)","Network","ESXi 9.1","Restricted"
"Mellanox Technologies","ConnectX-6 Lx EN NIC; OCP3.0; 50GbE; single-port SFP28; PCIe4.0 x8; (MCX631435AC-GDA)","Network","ESXi 9.1"," "
"Mellanox Technologies","ConnectX-7 VPI NIC; OCP3.0; NDR IB /400GbE; single-port OSFP; PCIe5.0 x16; (MCX75343AMC-NEA)","Network","ESXi 9.1"," "
"Mellanox Technologies","ConnectX-7 VPI NIC; OCP3.0; NDR IB /400GbE; single-port OSFP; PCIe5.0 x16; (MCX75343AMS-NEA)","Network","ESXi 9.1"," "
"Mellanox Technologies","ConnectX-4 EN NIC; 40GbE; dual-port QSFP28; (MCX414A-BCA)","Network","ESXi 9.1","Restricted"
"Mellanox Technologies","ConnectX-7 VPI NIC; NDR IB /400GbE; single-port OSFP; PCIe5.0 x16; (MCX75310AAC-NEA)","Network","ESXi 9.1"," "
"Mellanox Technologies","ConnectX-7 VPI NIC; NDR200 IB /200GbE; dual-port QSFP112; PCIe5.0 x16; (MCX755106AC-HEA)","Network","ESXi 9.1"," "
"Mellanox Technologies","ConnectX-7 VPI NIC; NDR200 IB /200GbE; single-port OSFP; PCIe5.0 x16; (MCX75510AAS-HEA)","Network","ESXi 9.1"," "
"Mellanox Technologies","ConnectX-7 VPI NIC; NDR IB /400GbE; single-port OSFP; PCIe5.0 x16; (MCX75310AAS-NEA)","Network","ESXi 9.1"," "
"Mellanox Technologies","ConnectX-7 VPI NIC; NDR200 IB /200GbE; single-port OSFP; PCIe5.0 x16; (MCX75310AAS-HEA)","Network","ESXi 9.1"," "
"Mellanox Technologies","ConnectX-7 VPI NIC; NDR IB /400GbE; single-port OSFP; PCIe5.0 x16; (MCX75510AAS-NEA)","Network","ESXi 9.1"," "
"Mellanox Technologies","ConnectX-4 EN NIC; 50GbE; single-port QSFP28; (MCX413A-GCA)","Network","ESXi 9.1","Restricted"
"Mellanox Technologies","ConnectX-4 EN NIC; 50GbE; dual-port QSFP28; (MCX414A-GCA)","Network","ESXi 9.1","Restricted"
"Mellanox Technologies","ConnectX-4 EN NIC; 50GbE; single-port QSFP28; (MCX415A-GCA)","Network","ESXi 9.1","Restricted"
"Mellanox Technologies","ConnectX-4 EN NIC; 50GbE; dual-port QSFP28; (MCX416A-GCA)","Network","ESXi 9.1","Restricted"
"Mellanox Technologies","ConnectX-4 Lx EN NIC; 10GbE; single-port SFP28+; (MCX4111A-XCA)","Network","ESXi 9.1"," "
"Mellanox Technologies","MT27700 Family [ConnectX-4]","Network","ESXi 9.1","Restricted"
"Mellanox Technologies","MT27630 Family [ConnectX-4 LX]","Network","ESXi 9.1"," "
"Mellanox Technologies","ConnectX-4 Lx EN NIC; OCP; 25GbE; single-port SFP28; (MCX4411A-ACA)","Network","ESXi 9.1"," "
"Mellanox Technologies","BlueField-2 SmartNIC EN DPU; 25GbE; dual-port SFP56; PCIe4.0 x8; (MBF2H332A-AEEO)","Network","ESXi 9.1"," "
"Mellanox Technologies","BlueField-2 SmartNIC VPI DPU; HDR100
 EDR IB/100GbE; dual-port QSFP56; PCIe4.0 x16; (MBF2M516A-EEEO)","Network","ESXi 9.1"," "
"Mellanox Technologies","MT42822 Family [BlueField-2]","Network","ESXi 9.1"," "
"Mellanox Technologies","ConnectX-6 Lx EN NIC; 25GbE; dual-port SFP28; PCIe4.0 x8; (MCX631102AS-ADA)","Network","ESXi 9.1"," "
"Mellanox Technologies","ConnectX-6 Lx EN NIC; OCP3.0; 25GbE; dual-port SFP28; PCIe4.0 x8; (MCX631432AS-ADA)","Network","ESXi 9.1"," "
"Mellanox Technologies","MT28800 Family [ConnectX-5 Ex]","Network","ESXi 9.1"," "
"Mellanox Technologies","MT28800 Family [ConnectX-5 Ex Virtual Function]","Network","ESXi 9.1"," "
"Mellanox Technologies","ConnectX-6 Dx EN NIC; 100GbE; dual-port QSFP56; PCIe4.0 x16; (MCX623106AS-CDA)","Network","ESXi 9.1"," "
"Mellanox Technologies","ConnectX-6 VPI NIC; HDR100
 EDR IB/100GbE; single-port QSFP56; PCIe4.0 x8; (MCX651105A-EDA)","Network","ESXi 9.1"," "
"Mellanox Technologies","MT2894 Family [ConnectX-6 Lx]","Network","ESXi 9.1"," "
"Mellanox Technologies","BlueField-2 SmartNIC EN DPU; 100GbE; dual-port QSFP56; PCIe4.0 x16; (MBF2M516A-CEEO)","Network","ESXi 9.1"," "
"Mellanox Technologies","BlueSphere BlueField-2 SmartNIC DPU; 50GbE; dual-port SFP56; PCIe4.0 x8; (MBS2M512A-AEEO)","Network","ESXi 9.1"," "
"Mellanox Technologies","BlueSphere BlueField-2 SmartNIC DPU; 50GbE; dual-port SFP56; PCIe4.0 x8; (MBS2M512A-AENO)","Network","ESXi 9.1"," "
"Mellanox Technologies","BlueField-2 SmartNIC VPI DPU; HDR100
 EDR IB/100GbE; dual-port QSFP56; PCIe4.0 x16; (MBF2H516A-EENO)","Network","ESXi 9.1"," "
"Mellanox Technologies","BlueField-2 SmartNIC EN DPU; 25GbE; dual-port SFP56; PCIe4.0 x8; (MBF2M322A-AENO)","Network","ESXi 9.1"," "
"Mellanox Technologies","BlueField-2 SmartNIC EN DPU; 25GbE; dual-port SFP56; PCIe4.0 x8; (MBF2M332A-AENO)","Network","ESXi 9.1"," "
"Mellanox Technologies","BlueField-2 SmartNIC EN DPU; 25GbE; dual-port SFP56; PCIe4.0 x8; (MBF2M322A-AEEO)","Network","ESXi 9.1"," "
"Mellanox Technologies","ConnectX®-5 EN network interface card
 10/25GbE dual-port SFP28(MCX512A-ACAT)","Network","ESXi 9.1"," "
"Mellanox Technologies","ConnectX®-5 EN network interface card
 100GbE single-port (MCX515A-CCAT)","Network","ESXi 9.1"," "
"Mellanox Technologies","ConnectX-6 Dx EN NIC; OCP3.0; 100GbE; dual-port DSFP; PCIe4.0 x16; (MCX623430AN-CDA)","Network","ESXi 9.1"," "
"Mellanox Technologies","ConnectX-6 Dx EN NIC; OCP3.0; 100GbE; single-port DSFP; PCIe4.0 x16; (MCX623439AN-CDA)","Network","ESXi 9.1"," "
"Mellanox Technologies","ConnectX-6 Dx EN NIC; 100GbE; dual-port QSFP56; PCIe4.0 x16; (MCX623106PE-CDA)","Network","ESXi 9.1"," "
"Mellanox Technologies","ConnectX-6 Dx EN NIC; OCP2.0
 Type 2; 200GbE; single-port QSFP56; PCIe4.0 x16; (MCX623405AN-VDA)","Network","ESXi 9.1"," "
"Mellanox Technologies","ConnectX-6 Dx EN NIC; OCP3.0; 200GbE; single-port QSFP56; PCIe4.0 x16; (MCX623435AC-VDA)","Network","ESXi 9.1"," "
"Mellanox Technologies","ConnectX®-5 Ex EN network interface card
 100GbE dual-port QSFP28 (MCX516A-CCAT)","Network","ESXi 9.1"," "
"Mellanox Technologies","ConnectX-6 Dx EN NIC; 100GbE; single-port QSFP56; PCIe4.0 x16; (MCX623105AN-CDA)","Network","ESXi 9.1"," "
"Mellanox Technologies","ConnectX®-5 Ex EN network interface card
 100GbE dual-port QSFP28 (MCX516A-CDAT)","Network","ESXi 9.1"," "
"Mellanox Technologies","ConnectX-6 Lx EN NIC; OCP3.0; 25GbE; dual-port SFP28; PCIe4.0 x8; (MCX631432AC-ADA)","Network","ESXi 9.1"," "
"Mellanox Technologies","ConnectX®-5 EN network interface card
 50GbE dual-port QSFP28 (MCX516A-GCAT)","Network","ESXi 9.1"," "
"Mellanox Technologies","ConnectX-6 Lx EN NIC; OCP3.0; 50GbE; single-port SFP28; PCIe4.0 x8; (MCX631435AN-GDA)","Network","ESXi 9.1"," "
"Mellanox Technologies","ConnectX-6 Lx EN NIC; 25GbE; dual-port SFP28; PCIe4.0 x8; (MCX631102AC-ADA)","Network","ESXi 9.1"," "
"Mellanox Technologies","ConnectX®-5 EN network interface card for OCP 100GbE
 single-port QSFP28 (MCX545A-CCAN)","Network","ESXi 9.1"," "
"Mellanox Technologies","ConnectX-6 Lx EN NIC; OCP3.0; 50GbE; single-port SFP28; PCIe4.0 x8; (MCX631435AE-GDA)","Network","ESXi 9.1"," "
"Mellanox Technologies","ConnectX-6 Lx EN NIC; 50GbE; single-port SFP28; PCIe4.0 x8; (MCX631105AE-GDA)","Network","ESXi 9.1"," "
"Mellanox Technologies","ConnectX®-5 VPI network interface card for OCP EDR IB (100Gb/s) and 100GbE
 single-port QSFP28 (MCX545A-ECAN)","Network","ESXi 9.1"," "
"Mellanox Technologies","ConnectX-6 Lx EN NIC; 50GbE; single-port SFP28; PCIe4.0 x8; (MCX631105AC-GDA)","Network","ESXi 9.1"," "
"Mellanox Technologies","ConnectX-6 Lx EN NIC; 50GbE; single-port SFP28; PCIe4.0 x8; (MCX631105AN-GDA)","Network","ESXi 9.1"," "
"Mellanox Technologies","ConnectX®-5 VPI network interface card for OCP with Multi-Host
 EDR IB (100Gb/s) and 100GbE
 single-port QSFP28; Halogen Free (MCX545M-ECAN)","Network","ESXi 9.1"," "
"Mellanox Technologies","ConnectX-6 Lx EN NIC; OCP3.0; 25GbE; dual-port SFP28; PCIe4.0 x8; (MCX631432AN-ADA)","Network","ESXi 9.1"," "
"Mellanox Technologies","ConnectX-6 Lx EN NIC; 25GbE; dual-port SFP28; PCIe4.0 x8; (MCX631102AN-ADA)","Network","ESXi 9.1"," "
"Mellanox Technologies","ConnectX®-5 Ex network interface card for OCP
 100GbE dual-port QSFP28 (MCX546A-CDAN)","Network","ESXi 9.1"," "
"Mellanox Technologies","ConnectX-6 Lx EN NIC; 25GbE; dual-port SFP28; PCIe4.0 x8; (MCX631102AE-ADA)","Network","ESXi 9.1"," "
"Mellanox Technologies","ConnectX-6 Lx EN NIC; OCP3.0; 25GbE; dual-port SFP28; PCIe4.0 x8; (MCX631432AE-ADA)","Network","ESXi 9.1"," "
"Mellanox Technologies","ConnectX®-5 Ex VPI network interface card for OCP
 EDR IB (100Gb/s) and 100GbE dual-port QSFP28 (MCX546A-EDAN)","Network","ESXi 9.1"," "
"Mellanox Technologies","ConnectX-5 EN NIC; OCP2.0
 Type 1; 50GbE; single-port QSFP28; PCIe3.0 x16; (MCX545B-GCUN)","Network","ESXi 9.1"," "
"Mellanox Technologies","ConnectX-5 EN NIC; 40/50GbE; single-port QSFP28; PCIe3.0 x8; (MCX513A-GCHT)","Network","ESXi 9.1"," "
"Mellanox Technologies","ConnectX®-5 Ex EN network interface card for OCP with Multi-Host 100GbE dual-port QSFP28 (MCX546M-CDAN)","Network","ESXi 9.1"," "
"Mellanox Technologies","ConnectX-5 EN NIC; 40/50GbE; dual-port QSFP28; PCIe3.0 x8; (MCX514A-GCHT)","Network","ESXi 9.1"," "
"Mellanox Technologies","ConnectX-5 EN NIC; OCP3.0; 100GbE; single-port QSFP28; PCIe3.0 x16; (MCX565A-CCAB)","Network","ESXi 9.1"," "
"Mellanox Technologies","ConnectX®-5 VPI adapter card
 EDR IB (100Gb/s) and 100GbE
 single-port QSFP28 (MCX555A-ECAT)","Network","ESXi 9.1"," "
"Mellanox Technologies","ConnectX-5 VPI NIC; EDR IB/100GbE; dual-port QSFP28; PCIe3.0 x16; (MCX556A-ECUT)","Network","ESXi 9.1"," "
"Mellanox Technologies","BlueField-2 SmartNIC EN DPU; 25GbE; dual-port SFP56; PCIe4.0 x8; (MBF2M332A-AEEO)","Network","ESXi 9.1"," "
"Mellanox Technologies","ConnectX®-5 VPI adapter card
 EDR IB (100Gb/s) and 100GbE
 dual-port QSFP28 (MCX556A-ECAT)","Network","ESXi 9.1"," "
"Mellanox Technologies","BlueField-2 SmartNIC EN DPU; 25GbE; dual-port SFP56; PCIe4.0 x8; (MBF2H322A-AEEO)","Network","ESXi 9.1"," "
"Mellanox Technologies","BlueField-2 SmartNIC EN DPU; 25GbE; dual-port SFP56; PCIe4.0 x8; (MBF2H322A-AENO)","Network","ESXi 9.1"," "
"Mellanox Technologies","ConnectX®-5 Ex VPI adapter card
 EDR IB (100Gb/s) and 100GbE
 dual-port QSFP28 (MCX556A-EDAT)","Network","ESXi 9.1"," "
"Mellanox Technologies","BlueField-2 SmartNIC EN DPU; 25GbE; dual-port SFP56; PCIe4.0 x8; (MBF2H332A-AENO)","Network","ESXi 9.1"," "
"Mellanox Technologies","ConnectX®-5 VPI adapter card with Multi-Host Socket Direct supporting dual-socket server
 EDR IB (100Gb/s) and 100GbE
 dual-port QSFP28
 2x PCIe3.0 x8
 25cm harness (MCX556M-ECAT-S25)","Network","ESXi 9.1"," "
"Mellanox Technologies","BlueField-2 SmartNIC VPI DPU; HDR100
 EDR IB/100GbE; dual-port QSFP56; PCIe4.0 x16; (MBF2M516A-EENO)","Network","ESXi 9.1"," "
"Mellanox Technologies","ConnectX®-5 VPI adapter card with Multi-Host Socket Direct supporting dual-socket server
 EDR IB (100Gb/s) and 100GbE
 dual-port QSFP28
 2x PCIe3.0 x8
 35cm harness (MCX556M-ECAT-S35A)","Network","ESXi 9.1"," "
"Mellanox Technologies","BlueField-2 SmartNIC EN DPU; 100GbE; dual-port QSFP56; PCIe4.0 x16; (MBF2H516A-CENO)","Network","ESXi 9.1"," "
"Mellanox Technologies","BlueField-2 SmartNIC VPI DPU; HDR100
 EDR IB/100GbE; dual-port QSFP56; PCIe4.0 x16; (MBF2H516A-EEEO)","Network","ESXi 9.1"," "
"Mellanox Technologies","BlueField-2 SmartNIC EN DPU; 100GbE; dual-port QSFP56; PCIe4.0 x16; (MBF2M516A-CENO)","Network","ESXi 9.1"," "
"Mellanox Technologies","BlueField-2 SmartNIC EN DPU; OCP3.0; 25GbE; dual-port SFP56; PCIe4.0 x16; (MBF2M912A-AENA)","Network","ESXi 9.1"," "
"Mellanox Technologies","BlueField-2 SmartNIC EN DPU; OCP3.0; 25GbE; dual-port SFP56; PCIe4.0 x16; (MBF2M922A-AEEA)","Network","ESXi 9.1"," "
"Mellanox Technologies","BlueField-2 SmartNIC EN DPU; OCP3.0; 25GbE; dual-port SFP56; PCIe4.0 x16; (MBF2M922A-AENA)","Network","ESXi 9.1"," "
"Mellanox Technologies","ConnectX-4 Lx EN NIC; 25GbE; dual-port SFP28; PCIe3.0 x8; (MCX4121A-ACHT)","Network","ESXi 9.1"," "
"Mellanox Technologies","ConnectX-4 Lx EN NIC; OCP3.0; 10GbE; dual-port SFP28; PCIe3.0 x8; (MCX4621A-XCAB)","Network","ESXi 9.1"," "
"Mellanox Technologies","MT27700 Family [ConnectX-4 VF]","Network","ESXi 9.1","Restricted"
"Mellanox Technologies","MT27631 Family [ConnectX-4 LX VF]","Network","ESXi 9.1"," "
"Mellanox Technologies","MT27800 Family [ConnectX-5]","Network","ESXi 9.1"," "
"Mellanox Technologies","MT27800 Family [ConnectX-5 VF]","Network","ESXi 9.1"," "
"Mellanox Technologies","ConnectX-7 Family","Network","ESXi 9.1"," "
"Mellanox Technologies","Lenovo-4XC0G88861-Lenovo ThinkServer ConnectX-4 Lx 25Gb 2-port PCIe Ethernet Adapter - Mellanox","Network","ESXi 9.1"," "
"Mellanox Technologies","ConnectX-4 VPI NIC; EDR/100GbE; single-port QSFP28; (MCX455A-ECA)","Network","ESXi 9.1","Restricted"
"Mellanox Technologies","ConnectX-4 VPI NIC; EDR/100GbE; dual-port QSFP28; (MCX456A-ECA)","Network","ESXi 9.1","Restricted"
"Mellanox Technologies","ConnectX-4 VPI adapter card; FDR/40GbE; dual-port QSFP28; (MCX456A-FCA)","Network","ESXi 9.1","Restricted"
"Mellanox Technologies","ConnectX-4 EN NIC; 40GbE; dual-port QSFP28; (MCX416A-BCA)","Network","ESXi 9.1","Restricted"
"Mellanox Technologies","ConnectX-4 Lx EN NIC; 25GbE; single-port SFP28; (MCX4111A-ACA)","Network","ESXi 9.1"," "
"Mellanox Technologies","ConnectX-4 Lx EN NIC; 25GbE; dual-port SFP28; (MCX4121A-ACA)","Network","ESXi 9.1"," "
"Mellanox Technologies","ConnectX-4 Lx EN NIC; 10GbE; dual-port SFP28; (MCX4121A-XCA)","Network","ESXi 9.1"," "
"Mellanox Technologies","ConnectX®-5 EN network interface card
 with host management
 25GbE Dual-port SFP28
 PCIe Gen 3.0 x16
 UEFI Enabled","Network","ESXi 9.1"," "
"Mellanox Technologies","ConnectX®-4 Lx EN network interface card for OCP 3.0
 with Host Management
 25GbE Dual-port SFP28
 PCIe3.0 x8","Network","ESXi 9.1"," "
"Mellanox Technologies","ConnectX-4 Lx EN NIC; OCP/Multi-Host; 50GbE; single-port QSFP28; (MCX4431M-GCA)","Network","ESXi 9.1"," "
"Mellanox Technologies","ConnectX-4 Lx EN NIC; OCP; 50GbE; single-port QSFP28; (MCX4431A-GCA)","Network","ESXi 9.1"," "
"Mellanox Technologies","ConnectX-5 EN NIC; 100GbE; dual-port QSFP28; PCIe3.0 x16; (MCX516A-CCHT)","Network","ESXi 9.1"," "
"Mellanox Technologies","ConnectX-4 EN NIC; OCP/Multi-Host; 40GbE; single-port QSFP28; (MCX443M-BCB)","Network","ESXi 9.1","Restricted"
"Mellanox Technologies","ConnectX®-5 EN network interface card for OCP 3.0
 with host management
 25GbE Dual-port SFP28
 PCIe3.0 x16
 Internal Lock bracket","Network","ESXi 9.1"," "
"Mellanox Technologies","ConnectX-4 EN NIC; OCP; 40GbE; single-port QSFP28; (MCX443A-BCB)","Network","ESXi 9.1","Restricted"
"Mellanox Technologies","ConnectX-4 Lx EN network interface card
 10GbE dual-port SFP28
 PCIe3.0 x8
 tall bracket","Network","ESXi 9.1"," "
"Mellanox Technologies","ConnectX-4 VPI NIC; OCP; EDR/100GbE; single-port QSFP28; (MCX445A-ECA)","Network","ESXi 9.1","Restricted"
"Mellanox Technologies","ConnectX-4 EN NIC; OCP; 100GbE; single-port QSFP28; (MCX445A-CCA)","Network","ESXi 9.1","Restricted"
"Mellanox Technologies","ConnectX-4 Lx EN NIC; 40GbE; single-port QSFP28; (MCX4131A-BCA)","Network","ESXi 9.1"," "
"Mellanox Technologies","ConnectX-4 Lx EN NIC; 50GbE; single-port QSFP28; (MCX4131A-GCA)","Network","ESXi 9.1"," "
"Mellanox Technologies","ConnectX-4 VPI NIC; FDR/40GbE; single-port QSFP28; (MCX453A-FCA)","Network","ESXi 9.1","Restricted"
"Mellanox Technologies","ConnectX-4 VPI NIC; FDR/40GbE; dual-port QSFP28; (MCX454A-FCA)","Network","ESXi 9.1","Restricted"
"Mellanox Technologies","ConnectX-4 Lx EN NIC; OCP; 25GbE; dual-port SFP28; (MCX4421A-ACQ)","Network","ESXi 9.1"," "
"Mellanox Technologies","ConnectX-4 Lx EN NIC; OCP2.0
 Type 1; 10GbE; dual-port SFP28; PCIe3.0 x8; (MCX4421A-XCH)","Network","ESXi 9.1"," "
"Mellanox Technologies","ConnectX-6 Dx EN NIC; OCP3.0; 100GbE; single-port QSFP56; PCIe4.0 x16; (MCX623435AN-CDA)","Network","ESXi 9.1"," "
"Mellanox Technologies","ConnectX-6 Dx EN NIC; OCP3.0; 100GbE; single-port QSFP56; PCIe4.0 x16; (MCX623435AC-CDA)","Network","ESXi 9.1"," "
"Mellanox Technologies","ConnectX-6 Dx EN NIC; 100GbE; single-port QSFP56; PCIe4.0 x16; (MCX623105AC-CDA)","Network","ESXi 9.1"," "
"Mellanox Technologies","ConnectX-6 Dx EN NIC; OCP3.0; 100GbE; single-port DSFP; PCIe4.0 x16; (MCX623439AN-CDA)","Network","ESXi 9.1"," "
"Mellanox Technologies","ConnectX-6 Dx EN NIC; OCP3.0; 25GbE; dual-port SFP28; PCIe4.0 x16; (MCX623432AS-ADA) 15b12 101D 15B3 0107","Network","ESXi 9.1"," "
"Mellanox Technologies","ConnectX-6 Dx EN NIC; 25GbE; dual-port SFP28; PCIe4.0 x16; (MCX623102AS-ADA) 15b13 101D 15B3 0108","Network","ESXi 9.1"," "
"Mellanox Technologies","ConnectX-6 Dx EN NIC; 25GbE; dual-port SFP28; PCIe4.0 x8; (MCX621202AS-ADA)","Network","ESXi 9.1"," "
"Mellanox Technologies","ConnectX-6 Dx EN NIC; 25GbE; dual-port SFP28; PCIe4.0 x8; (MCX621202AC-ADA)","Network","ESXi 9.1"," "
"Mellanox Technologies","BlueField-2 SmartNIC EN DPU; 100GbE; dual-port QSFP56; PCIe4.0 x16; (MBF2M516A-CECO)","Network","ESXi 9.1"," "
"Mellanox Technologies","BlueField-2 SmartNIC VPI DPU; HDR100
 EDR IB/100GbE; dual-port QSFP56; PCIe4.0 x16; (MBF2M516A-EECO)","Network","ESXi 9.1"," "
"Mellanox Technologies","BlueField-2 SmartNIC EN DPU; 25GbE; dual-port SFP56; PCIe4.0 x8; (MBF2H332A-AECO)","Network","ESXi 9.1"," "
"Mellanox Technologies","ConnectX-4 Lx EN NIC; OCP; 25GbE; single-port SFP28; (MCX4411A-ACQ)","Network","ESXi 9.1"," "
"Mellanox Technologies","BlueField-2 SmartNIC EN DPU; 25GbE; dual-port SFP56; PCIe4.0 x8; (MBF2H322A-AECO)","Network","ESXi 9.1"," "
"Mellanox Technologies","BlueField-2 SmartNIC EN DPU; 200GbE; single-port QSFP56; PCIe4.0 x16; (MBF2M355A-VECO)","Network","ESXi 9.1"," "
"Mellanox Technologies","BlueField-2 SmartNIC EN DPU; 200GbE; single-port QSFP56; PCIe4.0 x16; (MBF2M355A-VESO)","Network","ESXi 9.1"," "
"Mellanox Technologies","BlueField-2 SmartNIC EN DPU; 100GbE; dual-port QSFP56; PCIe4.0 x16; (MBF2H516A-CEEO)","Network","ESXi 9.1"," "
"Mellanox Technologies","BlueField-2 SmartNIC EN DPU; 100GbE; dual-port QSFP56; PCIe4.0 x16; (MBF2H516A-CENO)","Network","ESXi 9.1"," "
"Mellanox Technologies","BlueField-2 SmartNIC VPI DPU; HDR100
 EDR IB/100GbE; dual-port QSFP56; PCIe4.0 x16; (MBF2H516A-EEEO)","Network","ESXi 9.1"," "
"Mellanox Technologies","BlueField-2 SmartNIC VPI DPU; HDR100
 EDR IB/100GbE; dual-port QSFP56; PCIe4.0 x16; (MBF2H516A-EENO)","Network","ESXi 9.1"," "
"Mellanox Technologies","BlueField-2 SmartNIC VPI DPU; HDR IB/200GbE; single-port QSFP56; PCIe4.0 x16; (MBF2M345A-HESO)","Network","ESXi 9.1"," "
"Mellanox Technologies","ConnectX-4 EN NIC; OCP; 25GbE single-port SFP28; (MCX441A-ACA)","Network","ESXi 9.1","Restricted"
"Mellanox Technologies","BlueField-2 SmartNIC VPI DPU; HDR IB/200GbE; single-port QSFP56; PCIe4.0 x16; (MBF2M345A-HECO)","Network","ESXi 9.1"," "
"Mellanox Technologies","BlueField-2 SmartNIC EN DPU; 25GbE; dual-port SFP56; PCIe4.0 x8; (MBF2H522C-AECO)","Network","ESXi 9.1"," "
"Mellanox Technologies","BlueField-2 SmartNIC EN DPU; 25GbE; dual-port SFP56; PCIe4.0 x8; (MBF2H512C-AESO)","Network","ESXi 9.1"," "
"Mellanox Technologies","BlueField-2 SmartNIC EN DPU; 25GbE; dual-port SFP56; PCIe4.0 x8; (MBF2H512C-AECO)","Network","ESXi 9.1"," "
"Mellanox Technologies","BlueField-2 SmartNIC VPI DPU; HDR100
 EDR IB/100GbE; dual-port QSFP56; PCIe4.0 x16; (MBF2M516C-EECO)","Network","ESXi 9.1"," "
"Mellanox Technologies","BlueField-2 SmartNIC EN DPU; 100GbE; dual-port QSFP56; PCIe4.0 x16; (MBF2H516C-CECO)","Network","ESXi 9.1"," "
"Mellanox Technologies","BlueField-2 SmartNIC VPI DPU; HDR100
 EDR IB/100GbE; dual-port QSFP56; PCIe4.0 x16; (MBF2M516C-EESO)","Network","ESXi 9.1"," "
"Mellanox Technologies","BlueField-2 SmartNIC VPI DPU; HDR100
 EDR IB/100GbE; dual-port QSFP56; PCIe4.0 x16; (MBF2H516C-EESO)","Network","ESXi 9.1"," "
"Mellanox Technologies","BlueField-2 SmartNIC EN DPU; 100GbE; dual-port QSFP56; PCIe4.0 x16; (MBF2H516C-CESO)","Network","ESXi 9.1"," "
"Mellanox Technologies","BlueField-2 SmartNIC EN DPU; 100GbE; dual-port QSFP56; PCIe4.0 x16; (MBF2H536C-CESO)","Network","ESXi 9.1"," "
"Mellanox Technologies","BlueField-2 SmartNIC VPI DPU; HDR100
 EDR IB/100GbE; dual-port QSFP56; PCIe4.0 x16; (MBF2H536C-CECO)","Network","ESXi 9.1"," "
"Mellanox Technologies","ConnectX-6 Dx EN NIC; 100GbE; dual-port QSFP56; PCIe4.0 x16; (MCX623106AC-CDAT)","Network","ESXi 9.1"," "
"Mellanox Technologies","HPE InfiniBand HDR/Ethernet 200Gb 1-port MCX653105A-HDAT QSFP56 x16 Adapter(P06154-B21)","Network","ESXi 9.1"," "
"Mellanox Technologies","HPE InfiniBand HDR100/Ethernet 100Gb 1-port 940QSFP56 x16 Adapter(P06250-B21/P06250-H21)","Network","ESXi 9.1"," "
"Mellanox Technologies","HPE InfiniBand HDR100/Ethernet 100Gb 2-port 940QSFP56 x16 Adapter(P06251-B21/P06251-H21)","Network","ESXi 9.1"," "
"Mellanox Technologies","HPE InfiniBand HDR/Ethernet 200Gb 1-port MCX653105A-HDAT QSFP56 x16 Adapter(P23664-B21/P23664-H21)","Network","ESXi 9.1"," "
"Mellanox Technologies","HPE InfiniBand HDR100/Ethernet 100Gb 1-port MCX653105A-ECAT QSFP56 x16 Adapter(P23665-B21/P23665-H21)","Network","ESXi 9.1"," "
"Mellanox Technologies","HPE InfiniBand HDR100/Ethernet 100Gb 2-port MCX653106A-ECAT QSFP56 x16 Adapter(P23666-B21/P23666-H21)","Network","ESXi 9.1"," "
"Mellanox Technologies","HPE Ethernet 25/50Gb 2-port SFP56 MCX623102AS-GDAT Adapter(P08462-001/ P08464-B21)","Network","ESXi 9.1"," "
"Mellanox Technologies","HPE Ethernet 100Gb 2-port QSFP56 MCX623436AS-CDAT Adapter(P25965-001/P25963-B21)","Network","ESXi 9.1"," "
"Mellanox Technologies","ConnectX-6 EN NIC; 200GbE; dual-port QSFP56; PCIe4.0 x16; (MCX613106A-VDA)","Network","ESXi 9.1"," "
"Mellanox Technologies","ConnectX-6 VPI NIC; HDR IB/200GbE; dual-port QSFP56; PCIe4.0 x16; (MCX653106A-HDA)","Network","ESXi 9.1"," "
"Mellanox Technologies","ConnectX-7 EN NIC; OCP3.0; 400GbE; single-port QSFP-DD; PCIe5.0 x16; (MCX71343DMC-WEA)","Network","ESXi 9.1"," "
"Mellanox Technologies","ConnectX-7 EN NIC; OCP3.0; 400GbE; single-port QSFP-DD; PCIe5.0 x16; (MCX71343DMS-WEA)","Network","ESXi 9.1"," "
"Mellanox Technologies","MT28908 Family [ConnectX-6]","Network","ESXi 9.1"," "
"Mellanox Technologies","ConnectX-7 VPI NIC; NDR200/HDR IB /200GbE; dual-port QSFP; PCIe5.0 x16; (MCX755106AS-HEA)","Network","ESXi 9.1"," "
"Mellanox Technologies","ConnectX-7 EN NIC; 100GbE; dual-port QSFP; PCIe5.0 x16; (MCX713106AC-CEA)","Network","ESXi 9.1"," "
"Mellanox Technologies","MT28908 Family [ConnectX-6 Virtual Function]","Network","ESXi 9.1"," "
"Mellanox Technologies","ConnectX-7 EN NIC; 100GbE; dual-port QSFP; PCIe5.0 x16; (MCX713106AS-CEA)","Network","ESXi 9.1"," "
"Mellanox Technologies","ConnectX-7 EN NIC; OCP3.0; 200GbE; dual-port QSFP; PCIe5.0 x16; (MCX713436MC-VEA)","Network","ESXi 9.1"," "
"Mellanox Technologies","ConnectX-6 Dx EN NIC; 25GbE; dual-port SFP28; PCIe4.0 x8; (MCX621102AN-ADA)","Network","ESXi 9.1"," "
"Mellanox Technologies","ConnectX-7 EN NIC; OCP3.0; 200GbE; dual-port QSFP; PCIe5.0 x16; (MCX713436MS-VEA)","Network","ESXi 9.1"," "
"Mellanox Technologies","ConnectX-7 EN NIC; 400GbE; single-port QSFP; PCIe5.0 x16; (MCX713105AC-WEA)","Network","ESXi 9.1"," "
"Mellanox Technologies","ConnectX-6 Dx EN NIC; 25GbE; dual-port SFP28; PCIe4.0 x16; (MCX623102AN-ADA)","Network","ESXi 9.1"," "
"Mellanox Technologies","ConnectX-7 EN NIC; 400GbE; single-port QSFP; PCIe5.0 x16; (MCX713105AS-WEA)","Network","ESXi 9.1"," "
"Mellanox Technologies","ConnectX-7 EN NIC; OCP3.0; 100GbE; dual-port QSFP; PCIe5.0 x16; (MCX713436MC-CEA)","Network","ESXi 9.1"," "
"Mellanox Technologies","ConnectX-6 Dx EN NIC; 100GbE; dual-port QSFP56; PCIe4.0 x16; (MCX623106AN-CDA)","Network","ESXi 9.1"," "
"Mellanox Technologies","ConnectX-7 VPI NIC; HDR IB /200GbE; dual-port QSFP; 1st port IB only; PCIe5.0 x16; (MCX753436AS-HEA)","Network","ESXi 9.1"," "
"Mellanox Technologies","ConnectX-7 EN NIC; OCP3.0; 100GbE; dual-port QSFP; PCIe5.0 x16; (MCX713436MS-CEA)","Network","ESXi 9.1"," "
"Mellanox Technologies","ConnectX-6 Dx EN NIC; OCP3.0; 25GbE; dual-port SFP28; PCIe4.0 x16; (MCX623432AN-ADA)","Network","ESXi 9.1"," "
"Mellanox Technologies","ConnectX-7 VPI NIC; OCP3.0; NDR200 IB /200GbE; dual-port QSFP112; PCIe5.0 x16; (MCX753436MS-HEA)","Network","ESXi 9.1"," "
"Mellanox Technologies","ConnectX-7 EN NIC; 25GbE; quad-port SFP; PCIe4.0 x16; (MCX713104AC-ADA)","Network","ESXi 9.1"," "
"Mellanox Technologies","ConnectX-6 Dx EN NIC; OCP3.0; 100GbE; dual-port QSFP56; PCIe4.0 x16; (MCX623436AN-CDA)","Network","ESXi 9.1"," "
"Mellanox Technologies","ConnectX-7 EN NIC; 400GbE; single-port QSFP; PCIe5.0 x16; (MCX715105AC-WEA)","Network","ESXi 9.1"," "
"Mellanox Technologies","MT2892 Family [ConnectX-6 Dx]","Network","ESXi 9.1"," "
"Mellanox Technologies","ConnectX-7 EN NIC; 400GbE; single-port QSFP; PCIe5.0 x16; (MCX715105AS-WEA)","Network","ESXi 9.1"," "
"Mellanox Technologies","ConnectX-5 Ex EN NIC; 25GbE; dual-port SFP28; PCIe4.0 x16; (MCX512A-ADA)","Network","ESXi 9.1"," "
"Mellanox Technologies","ConnectX-5 Ex EN NIC; 40GbE; dual-port QSFP28; PCIe4.0 x16; (MCX516A-BDA)","Network","ESXi 9.1"," "
"Mellanox Technologies","ConnectX-5 Ex EN NIC; 100GbE; dual-port QSFP28; PCIe4.0 x16; (MCX516A-CDA)","Network","ESXi 9.1"," "
"Mellanox Technologies","ConnectX-5 Ex EN NIC; OCP2.0
 Type 2; 100GbE; dual-port QSFP28; PCIe4.0 x16; (MCX546A-CDA)","Network","ESXi 9.1"," "
"Mellanox Technologies","ConnectX-5 Ex EN NIC; OCP2.0
 Type 2; 40GbE; dual-port QSFP28; PCIe3.0 x16; (MCX546A-BCA)","Network","ESXi 9.1"," "
"Mellanox Technologies","ConnectX-5 Ex VPI NIC; OCP2.0
 Type 2; EDR IB/100GbE; dual-port QSFP28; PCIe4.0 x16; (MCX546A-EDA)","Network","ESXi 9.1"," "
"Mellanox Technologies","ConnectX-6 Dx EN NIC; 100GbE; dual-port QSFP56; PCIe4.0 x16; (MCX623106AE-CDA)","Network","ESXi 9.1"," "
"Mellanox Technologies","ConnectX-6 Dx EN NIC; 100GbE; dual-port QSFP56; PCIe4.0 x16; (MCX623106PC-CDA)","Network","ESXi 9.1"," "
"Mellanox Technologies","ConnectX-6 Dx EN NIC; 100GbE; dual-port QSFP56; PCIe4.0 x16; (MCX623106PN-CDA)","Network","ESXi 9.1"," "
"Mellanox Technologies","ConnectX-6 Dx EN NIC; OCP2.0
 Type 2; 100GbE; single-port QSFP56; PCIe4.0 x16; (MCX623405AC-CDA)","Network","ESXi 9.1"," "
"Mellanox Technologies","ConnectX-6 Dx EN NIC; OCP2.0
 Type 2; 100GbE; single-port QSFP56; PCIe4.0 x16; (MCX623405AN-CDA)","Network","ESXi 9.1"," "
"Mellanox Technologies","ConnectX-6 Dx EN NIC; OCP3.0; 25GbE; dual-port SFP28; PCIe4.0 x16; (MCX623432AC-ADA)","Network","ESXi 9.1"," "
"Mellanox Technologies","ConnectX-5 Ex EN NIC; OCP2.0
 Type 2; 100GbE; dual-port QSFP28; PCIe4.0 x16; (MCX546M-CDA)","Network","ESXi 9.1"," "
"Micron Technology
Inc","Dell EC NVMe ISE 7400 MU M.2 80 800GB","NVMe","ESXi 9.1"," "
"Micron Technology
Inc","Dell EC NVMe OPAL 7400 MU M.2 80 800GB","NVMe","ESXi 9.1"," "
"Micron Technology
Inc","Dell EC NVMe ISE 7400 RI M.2 480GB","NVMe","ESXi 9.1"," "
"Micron Technology
Inc","Dell EC NVMe OPAL 7400 RI M.2 480GB","NVMe","ESXi 9.1"," "
"Micron Technology
Inc","Dell EC NVMe ISE 7400 RI M.2 960GB","NVMe","ESXi 9.1"," "
"Micron Technology
Inc","Dell EC NVMe ISE 7400 RI M.2 110 960GB","NVMe","ESXi 9.1"," "
"Micron Technology
Inc","Dell EC NVMe OPAL 7400 RI M.2 110 3.84TB","NVMe","ESXi 9.1"," "
"Micron Technology
Inc","Dell EC NVMe OPAL 7400 RI M.2 960GB","NVMe","ESXi 9.1"," "
"Micron Technology
Inc","Dell EC NVMe OPAL 7400 RI M.2 110 960GB","NVMe","ESXi 9.1"," "
"Micron Technology
Inc","Dell EC NVMe ISE 7400 RI M.2 110 1.92TB","NVMe","ESXi 9.1"," "
"Micron Technology
Inc","Dell EC NVMe OPAL 7400 RI M.2 110 1.92TB","NVMe","ESXi 9.1"," "
"Micron Technology
Inc","Dell EC NVMe ISE 7400 RI M.2 110 3.84TB","NVMe","ESXi 9.1"," "
"Micron Technology
Inc","MTFDKBA480TFR-1BC15ABYY","NVMe","ESXi 9.1"," "
"Micron Technology
Inc","MTFDKBZ3T8TFR-1BC15ABYY","NVMe","ESXi 9.1"," "
"Micron Technology
Inc","MTFDKBZ7T6TFR-1BC15ABYY","NVMe","ESXi 9.1"," "
"Micron Technology
Inc","MTFDKBA800TFS-1BC15ABYY","NVMe","ESXi 9.1"," "
"Micron Technology
Inc","MTFDKBA400TFS-1BC15ABYY","NVMe","ESXi 9.1"," "
"Micron Technology
Inc","MTFDKBG1T6TFS-1BC15ABYY","NVMe","ESXi 9.1"," "
"Micron Technology
Inc","MTFDKBG3T2TFS-1BC15ABYY","NVMe","ESXi 9.1"," "
"Micron Technology
Inc","MO000800KXNXH","NVMe","ESXi 9.1"," "
"Micron Technology
Inc","MO0001600KXNZV","NVMe","ESXi 9.1"," "
"Micron Technology
Inc","MO0003200KXPAA","NVMe","ESXi 9.1"," "
"Micron Technology
Inc","MO0006400KXPAB","NVMe","ESXi 9.1"," "
"Micron Technology
Inc","VO007680KXNZT","NVMe","ESXi 9.1"," "
"Micron Technology
Inc","VO003840KXNZR","NVMe","ESXi 9.1"," "
"Micron Technology
Inc","VO001920KXNZQ","NVMe","ESXi 9.1"," "
"Micron Technology
Inc","VO000960KXNXD","NVMe","ESXi 9.1"," "
"Micron Technology
Inc","VR000960KXNZU","NVMe","ESXi 9.1"," "
"Micron Technology
Inc","VS001920KXNXF","NVMe","ESXi 9.1"," "
"Micron Technology
Inc","VR000480KXNXE","NVMe","ESXi 9.1"," "
"Micron Technology
Inc","MTFDLBT1T6THS-1BP1JABYY","NVMe","ESXi 9.1"," "
"Micron Technology
Inc","MTFDLBT6T4THS-1BP1JABYY","NVMe","ESXi 9.1"," "
"Micron Technology
Inc","MTFDKBA400TFS-1BC1ZABYY","NVMe","ESXi 9.1"," "
"Micron Technology
Inc","Dell EC NVMe FIPS 7400 RI M.2 80 480GB","NVMe","ESXi 9.1"," "
"Micron Technology
Inc","Dell EC NVMe FIPS 7400 RI M.2 80 960GB","NVMe","ESXi 9.1"," "
"Micron Technology
Inc","Dell EC NVMe FIPS 7400 RI M.2 110 960GB","NVMe","ESXi 9.1"," "
"Micron Technology
Inc","Dell EC NVMe FIPS 7400 RI M.2 110 1.92TB","NVMe","ESXi 9.1"," "
"Micron Technology
Inc","Dell EC NVMe FIPS 7400 RI M.2 110 3.84TB","NVMe","ESXi 9.1"," "
"Micron Technology
Inc","Dell EC NVMe FIPS 7400 MU M.2 80 800GB","NVMe","ESXi 9.1"," "
"Micron Technology
Inc","MTFDLBQ30T7THG-1BP1JABYY","NVMe","ESXi 9.1"," "
"Micron Technology
Inc","MTFDKCC15T3TGH-1BC1ZABYY","NVMe","ESXi 9.1"," "
"Micron Technology
Inc","MTFDKCC6T4TGJ-1BC1ZABYY","NVMe","ESXi 9.1"," "
"Micron Technology
Inc","MTFDKCC12T8TGJ-1BC1ZABYY","NVMe","ESXi 9.1"," "
"Micron Technology
Inc","MTFDKCC7T6TGH-1BC1ZABYY","NVMe","ESXi 9.1"," "
"Micron Technology
Inc","MTFDKCC25T6TGJ-1BC1ZABYY","NVMe","ESXi 9.1"," "
"Micron Technology
Inc","MTFDLAL7T6THG-1BP1DFCYY","NVMe","ESXi 9.1"," "
"Micron Technology
Inc","MTFDLBQ61T4QHF-1BQ1JABYY","NVMe","ESXi 9.1"," "
"Micron Technology
Inc","MTFDLBT7T6THG-1BP1JABYY","NVMe","ESXi 9.1"," "
"Micron Technology
Inc","Dell EC NVMe ISE 7450 RI M.2 80 480GB","NVMe","ESXi 9.1"," "
"Micron Technology
Inc","Dell EC NVMe ISE 7450 RI M.2 80 960GB","NVMe","ESXi 9.1"," "
"Micron Technology
Inc","Dell EC NVMe ISE 7450 MU M.2 80 800GB","NVMe","ESXi 9.1"," "
"Micron Technology
Inc","MTFDLAL3T8THA-1BK1DFCYY","NVMe","ESXi 9.1"," "
"Micron Technology
Inc","Dell EC NVMe ISE 7450 RI M.2 110 960G","NVMe","ESXi 9.1"," "
"Micron Technology
Inc","Dell EC NVMe ISE 7450 RI M.2 110 1920GB","NVMe","ESXi 9.1"," "
"Micron Technology
Inc","Dell EC NVMe ISE 7450 RI M.2 110 3840GB","NVMe","ESXi 9.1"," "
"Micron Technology
Inc","MTFDLAL6T4THB-1BK1DFCYY","NVMe","ESXi 9.1"," "
"Micron Technology
Inc","Dell EC NVMe SED 7450 RI M.2 80 480GB","NVMe","ESXi 9.1"," "
"Micron Technology
Inc","Dell EC NVMe SED 7450 RI M.2 80 960GB","NVMe","ESXi 9.1"," "
"Micron Technology
Inc","Dell EC NVMe FIPS 7450 RI M.2 80 480GB","NVMe","ESXi 9.1"," "
"Micron Technology
Inc","Dell EC NVMe FIPS 7450 RI M.2 80 960GB","NVMe","ESXi 9.1"," "
"Micron Technology
Inc","Dell DN NVMe FIPS 7450 RI M.2 110 960GB","NVMe","ESXi 9.1"," "
"Micron Technology
Inc","Micron_7300_MTFD","NVMe","ESXi 9.1"," "
"Micron Technology
Inc","MTFDHBE960TDF-1AW1ZABYY","NVMe","ESXi 9.1"," "
"Micron Technology
Inc","MTFDHBE1T9TDF-1AW1ZABYY","NVMe","ESXi 9.1"," "
"Micron Technology
Inc","MTFDHBE3T8TDF-1AW1ZABYY","NVMe","ESXi 9.1"," "
"Micron Technology
Inc","MTFDHBE7T6TDF-1AW1ZABYY","NVMe","ESXi 9.1"," "
"Micron Technology
Inc","MTFDHBA480TDF-1AW1ZABYY","NVMe","ESXi 9.1"," "
"Micron Technology
Inc","MTFDHBA960TDF-1AW1ZABYY","NVMe","ESXi 9.1"," "
"Micron Technology
Inc","MTFDHBG1T9TDF-1AW1ZABYY","NVMe","ESXi 9.1"," "
"Micron Technology
Inc","MTFDHBG3T8TDF-1AW1ZABYY","NVMe","ESXi 9.1"," "
"Micron Technology
Inc","MTFDHBE800TDG-1AW1ZABYY","NVMe","ESXi 9.1"," "
"Micron Technology
Inc","Micron_7500_EEFDKCC15T3TGP","NVMe","ESXi 9.1"," "
"Micron Technology
Inc","MTFDHBE1T6TDG-1AW1ZABYY","NVMe","ESXi 9.1"," "
"Micron Technology
Inc","MTFDHBE3T2TDG-1AW1ZABYY","NVMe","ESXi 9.1"," "
"Micron Technology
Inc","MTFDHBE6T4TDG-1AW1ZABYY","NVMe","ESXi 9.1"," "
"Micron Technology
Inc","MTFDHBA400TDG-1AW1ZABYY","NVMe","ESXi 9.1"," "
"Micron Technology
Inc","MTFDHBA800TDG-1AW1ZABYY","NVMe","ESXi 9.1"," "
"Micron Technology
Inc","Dell DC NVMe ISE 7450 RI U.2 960GB","NVMe","ESXi 9.1"," "
"Micron Technology
Inc","Dell DC NVMe ISE 7450 RI U.2 1.92TB","NVMe","ESXi 9.1"," "
"Micron Technology
Inc","Dell DC NVMe ISE 7450 RI U.2 3.84TB","NVMe","ESXi 9.1"," "
"Micron Technology
Inc","Dell DC NVMe ISE 7450 RI U.2 7.68TB","NVMe","ESXi 9.1"," "
"Micron Technology
Inc","Dell DC NVMe ISE 7450 RI U.2 15.36TB","NVMe","ESXi 9.1"," "
"Micron Technology
Inc","Dell DC NVMe ISE 7450 MU U.2 800GB","NVMe","ESXi 9.1"," "
"Micron Technology
Inc","Dell DC NVMe ISE 7450 MU U.2 1.6TB","NVMe","ESXi 9.1"," "
"Micron Technology
Inc","Dell DC NVMe ISE 7450 MU U.2 3.2TB","NVMe","ESXi 9.1"," "
"Micron Technology
Inc","Dell DC NVMe ISE 7450 MU U.2 6.4TB","NVMe","ESXi 9.1"," "
"Micron Technology
Inc","Dell DC NVMe ISE 7450 MU U.2 12.8TB","NVMe","ESXi 9.1"," "
"Micron Technology
Inc","UCS-NVMEG4-M1536D","NVMe","ESXi 9.1"," "
"Micron Technology
Inc","UCSX-NVMEG4M1536D","NVMe","ESXi 9.1"," "
"Micron Technology
Inc","UCSB-NVMEM6-M1920","NVMe","ESXi 9.1"," "
"Micron Technology
Inc","UCS-S3260-NVMM19T","NVMe","ESXi 9.1"," "
"Micron Technology
Inc","UCSB-NVMEM6-M3800","NVMe","ESXi 9.1"," "
"Micron Technology
Inc","UCS-S3260-NVMM38T","NVMe","ESXi 9.1"," "
"Micron Technology
Inc","MTFDLBQ3T8THG-1BP1DFCYY","NVMe","ESXi 9.1"," "
"Micron Technology
Inc","Micron 6500 ION EEFDKCC30T7TGR","NVMe","ESXi 9.1"," "
"Micron Technology
Inc","MTFDKCC960TGP-1BK1DABYY","NVMe","ESXi 9.1"," "
"Micron Technology
Inc","MTFDKCC1T9TGP-1BK1DABYY","NVMe","ESXi 9.1"," "
"Micron Technology
Inc","MTFDKCC7T6TGP-1BK1DABYY","NVMe","ESXi 9.1"," "
"Micron Technology
Inc","MTFDKCC15T3TGP-1BK1DABYY","NVMe","ESXi 9.1"," "
"Micron Technology
Inc","MTFDKCC960TGP-1BK1JABYY","NVMe","ESXi 9.1"," "
"Micron Technology
Inc","MTFDKCC3T8TGP-1BK1JABYY","NVMe","ESXi 9.1"," "
"Micron Technology
Inc","MTFDKCC7T6TGP-1BK1JABYY","NVMe","ESXi 9.1"," "
"Micron Technology
Inc","MTFDKCC15T3TGP-1BK1JABYY","NVMe","ESXi 9.1"," "
"Micron Technology
Inc","MTFDKCC800TGQ-1BK1DABYY","NVMe","ESXi 9.1"," "
"Micron Technology
Inc","MTFDKCC1T6TGQ-1BK1DABYY","NVMe","ESXi 9.1"," "
"Micron Technology
Inc","MTFDKCC3T2TGQ-1BK1DABYY","NVMe","ESXi 9.1"," "
"Micron Technology
Inc","MTFDKCC6T4TGQ-1BK1DABYY","NVMe","ESXi 9.1"," "
"Micron Technology
Inc","MTFDKCC3T8TGP-1BK1DABYY","NVMe","ESXi 9.1"," "
"Micron Technology
Inc","Dell DC NVMe SED 7450 MU U.2 1.6TB","NVMe","ESXi 9.1"," "
"Micron Technology
Inc","Dell DC NVMe SED 7450 MU U.2 3.2TB","NVMe","ESXi 9.1"," "
"Micron Technology
Inc","Dell DC NVMe SED 7450 MU U.2 6.4TB","NVMe","ESXi 9.1"," "
"Micron Technology
Inc","Dell DC NVMe SED 7450 MU U.2 12.8TB","NVMe","ESXi 9.1"," "
"Micron Technology
Inc","Micron NVMe PCIe SSD Controller","NVMe","ESXi 9.1"," "
"Micron Technology
Inc","Micron P610DC NVMe PCIe SSD Controller","NVMe","ESXi 9.1"," "
"Micron Technology
Inc","MTFDKCC1T9TGP-1BK1JABYY","NVMe","ESXi 9.1"," "
"Micron Technology
Inc","MTFDKCC800TGQ-1BK1JABYY","NVMe","ESXi 9.1"," "
"Micron Technology
Inc","MTFDKCC1T6TGQ-1BK1JABYY","NVMe","ESXi 9.1"," "
"Micron Technology
Inc","MTFDKCC3T2TGQ-1BK1JABYY","NVMe","ESXi 9.1"," "
"Micron Technology
Inc","MTFDKCC6T4TGQ-1BK1JABYY","NVMe","ESXi 9.1"," "
"Micron Technology
Inc","MTFDKCC12T8TGQ-1BK1JABYY","NVMe","ESXi 9.1"," "
"Micron Technology
Inc","MTFDLCE3T2THS-1BP1DFCYY","NVMe","ESXi 9.1"," "
"Micron Technology
Inc","MTFDLCE3T8THG-1BP1DFCYY","NVMe","ESXi 9.1"," "
"Micron Technology
Inc","MTFDKCC12T8TGQ-1BK1DABYY","NVMe","ESXi 9.1"," "
"Micron Technology
Inc","MTFDLBT3T8THG-1BP1DFCYY","NVMe","ESXi 9.1"," "
"Micron Technology
Inc","MTFDLBT7T6THA-1BK1DABYY","NVMe","ESXi 9.1"," "
"Micron Technology
Inc","MTFDLAL25T6THS-1BP1JABYY","NVMe","ESXi 9.1"," "
"Micron Technology
Inc","MTFDMCE7T6THM-2BP1JABYY","NVMe","ESXi 9.1"," "
"Micron Technology
Inc","Dell DN NVMe FIPS 7400 RI M.2 80 480GB","NVMe","ESXi 9.1"," "
"Micron Technology
Inc","MTFDLAL25T6THB-1BK1JABYY","NVMe","ESXi 9.1"," "
"Micron Technology
Inc","MTFDMBQ3T8THM-2BP1JABYY","NVMe","ESXi 9.1"," "
"Micron Technology
Inc","MTFDLBQ3T8THA-1BK1DFCYY","NVMe","ESXi 9.1"," "
"Micron Technology
Inc","MTFDLBQ7T6THA-1BK1DFCYY","NVMe","ESXi 9.1"," "
"Micron Technology
Inc","MTFDLBQ6T4THB-1BK1DFCYY","NVMe","ESXi 9.1"," "
"Micron Technology
Inc","MTFDLBQ3T2THB-1BK1DFCYY","NVMe","ESXi 9.1"," "
"Micron Technology
Inc","MTFDLBQ12T8THB-1BK1DFCYY","NVMe","ESXi 9.1"," "
"Micron Technology
Inc","MTFDLAL7T6THA-1BK1DABYY","NVMe","ESXi 9.1"," "
"Micron Technology
Inc","MTFDLAL15T3THA-1BK1DABYY","NVMe","ESXi 9.1"," "
"Micron Technology
Inc","MTFDLAL3T2THB-1BK1DABYY","NVMe","ESXi 9.1"," "
"Micron Technology
Inc","MTFDLAL6T4THB-1BK1DABYY","NVMe","ESXi 9.1"," "
"Micron Technology
Inc","MTFDLAL12T8THB-1BK1DABYY","NVMe","ESXi 9.1"," "
"Micron Technology
Inc","MTFDLAL7T6THA-1BK1DFCYY","NVMe","ESXi 9.1"," "
"Micron Technology
Inc","MTFDLAL15T3THA-1BK1DFCYY","NVMe","ESXi 9.1"," "
"Micron Technology
Inc","MTFDLAL3T2THB-1BK1DFCYY","NVMe","ESXi 9.1"," "
"Micron Technology
Inc","MTFDLAL12T8THB-1BK1DFCYY","NVMe","ESXi 9.1"," "
"Micron Technology
Inc","MTFDLBQ3T8THA-1BK1JABYY","NVMe","ESXi 9.1"," "
"Micron Technology
Inc","MTFDLBQ7T6THA-1BK1JABYY","NVMe","ESXi 9.1"," "
"Micron Technology
Inc","MTFDLBQ15T3THA-1BK1JABYY","NVMe","ESXi 9.1"," "
"Micron Technology
Inc","MTFDLBQ3T2THB-1BK1JABYY","NVMe","ESXi 9.1"," "
"Micron Technology
Inc","MTFDLBQ6T4THB-1BK1JABYY","NVMe","ESXi 9.1"," "
"Micron Technology
Inc","MTFDLBQ12T8THB-1BK1JABYY","NVMe","ESXi 9.1"," "
"Micron Technology
Inc","MTFDLBQ7T6THA-1BK1DABYY","NVMe","ESXi 9.1"," "
"Micron Technology
Inc","MTFDLBQ15T3THA-1BK1DABYY","NVMe","ESXi 9.1"," "
"Micron Technology
Inc","MTFDLBQ3T2THB-1BK1DABYY","NVMe","ESXi 9.1"," "
"Micron Technology
Inc","MTFDLBQ12T8THB-1BK1DABYY","NVMe","ESXi 9.1"," "
"Micron Technology
Inc","MTFDLAL3T8THA-1BK1JABYY","NVMe","ESXi 9.1"," "
"Micron Technology
Inc","MTFDLAL7T6THA-1BK1JABYY","NVMe","ESXi 9.1"," "
"Micron Technology
Inc","MTFDLAL15T3THA-1BK1JABYY","NVMe","ESXi 9.1"," "
"Micron Technology
Inc","MTFDLAL3T2THB-1BK1JABYY","NVMe","ESXi 9.1"," "
"Micron Technology
Inc","MTFDLAL6T4THB-1BK1JABYY","NVMe","ESXi 9.1"," "
"Micron Technology
Inc","MTFDLAL12T8THB-1BK1JABYY","NVMe","ESXi 9.1"," "
"Micron Technology
Inc","MTFDKCC3T8TGP-1BK1DFCYY","NVMe","ESXi 9.1"," "
"Micron Technology
Inc","MTFDLAL3T8THA-1BK1DABYY","NVMe","ESXi 9.1"," "
"Micron Technology
Inc","MTFDLBQ6T4THS-1BP1JABYY","NVMe","ESXi 9.1"," "
"Micron Technology
Inc","MTFDLAL7T6THG-1BP1JABYY","NVMe","ESXi 9.1"," "
"Micron Technology
Inc","MTFDLCE7T6THG-1BP1JABYY","NVMe","ESXi 9.1"," "
"Micron Technology
Inc","MTFDLCE6T4THS-1BP1JABYY","NVMe","ESXi 9.1"," "
"Micron Technology
Inc","MTFDLBQ7T6THG-1BP1JABYY","NVMe","ESXi 9.1"," "
"Micron Technology
Inc","MTFDLBQ1T9THG-1BP1JABYY","NVMe","ESXi 9.1"," "
"Micron Technology
Inc","MTFDLBQ3T8THG-1BP1JABYY","NVMe","ESXi 9.1"," "
"Micron Technology
Inc","MTFDLBQ6T4THS-1BP1JABYY","NVMe","ESXi 9.1"," "
"Micron Technology
Inc","MTFDLBQ12T8THS-1BP1JABYY","NVMe","ESXi 9.1"," "
"Micron Technology
Inc","MTFDLAL15T3THG-1BP1DFCYY","NVMe","ESXi 9.1"," "
"Micron Technology
Inc","MTFDHBE6T4TDG-1AW4ZABYY","NVMe","ESXi 9.1"," "
"Micron Technology
Inc","MTFDLAL15T3THG-1BP1JABYY","NVMe","ESXi 9.1"," "
"Micron Technology
Inc","MTFDHBA960TDF-1AW42ABYY","NVMe","ESXi 9.1"," "
"Micron Technology
Inc","MTFDHBG1T9TDF-1AW42ABYY","NVMe","ESXi 9.1"," "
"Micron Technology
Inc","MTFDHBG3T8TDF-1AW42ABYY","NVMe","ESXi 9.1"," "
"Micron Technology
Inc","MTFDHBA800TDG-1AW42ABY","NVMe","ESXi 9.1"," "
"Micron Technology
Inc","MTFDHBA800TDG-1AW12ABYY","NVMe","ESXi 9.1"," "
"Micron Technology
Inc","MTFDHBG3T8TDF-1AW12ABYY","NVMe","ESXi 9.1"," "
"Micron Technology
Inc","MTFDHBG1T9TDF-1AW12ABYY","NVMe","ESXi 9.1"," "
"Micron Technology
Inc","MTFDHBA960TDF-1AW12ABYY","NVMe","ESXi 9.1"," "
"Micron Technology
Inc","MTFDLBQ122T8QHF-1BQ1JABYY","NVMe","ESXi 9.1"," "
"Micron Technology
Inc","MTFDLAL1T9THG-1BP1JABYY","NVMe","ESXi 9.1"," "
"Micron Technology
Inc","MTFDLAL3T8THG-1BP1JABYY","NVMe","ESXi 9.1"," "
"Micron Technology
Inc","MTFDLAL1T6THS-1BP1JABYY","NVMe","ESXi 9.1"," "
"Micron Technology
Inc","MTFDLAL3T2THS-1BP1JABYY","NVMe","ESXi 9.1"," "
"Micron Technology
Inc","MTFDLAL6T4THS-1BP1JABYY","NVMe","ESXi 9.1"," "
"Micron Technology
Inc","MTFDLAL12T8THS-1BP1JABYY","NVMe","ESXi 9.1"," "
"Micron Technology
Inc","MTFDLBQ15T3THG-1BP1JABYY","NVMe","ESXi 9.1"," "
"Micron Technology
Inc","MTFDLBQ1T6THS-1BP1JABYY","NVMe","ESXi 9.1"," "
"Micron Technology
Inc","MTFDLBQ3T2THS-1BP1JABYY","NVMe","ESXi 9.1"," "
"Micron Technology
Inc","MTFDLBQ12T8THS-1BP1JABYY","NVMe","ESXi 9.1"," "
"Micron Technology
Inc","MTFDLCE1T9THG-1BP1JABYY","NVMe","ESXi 9.1"," "
"Micron Technology
Inc","MTFDLCE3T8THG-1BP1JABYY","NVMe","ESXi 9.1"," "
"Micron Technology
Inc","MTFDLCE15T3THG-1BP1JABYY","NVMe","ESXi 9.1"," "
"Micron Technology
Inc","MTFDLCE1T6THS-1BP1JABYY","NVMe","ESXi 9.1"," "
"Micron Technology
Inc","MTFDLCE3T2THS-1BP1JABYY","NVMe","ESXi 9.1"," "
"Micron Technology
Inc","MTFDLCE12T8THS-1BP1JABYY","NVMe","ESXi 9.1"," "
"Micron Technology
Inc","MTFDLBT1T9THG-1BP1JABYY","NVMe","ESXi 9.1"," "
"Micron Technology
Inc","MTFDLBT3T8THG-1BP1JABYY","NVMe","ESXi 9.1"," "
"Micron Technology
Inc","MTFDLBT15T3THG-1BP1JABYY","NVMe","ESXi 9.1"," "
"Micron Technology
Inc","MTFDLBT3T2THS-1BP1JABYY","NVMe","ESXi 9.1"," "
"Micron Technology
Inc","MTFDLBT12T8THS-1BP1JABYY","NVMe","ESXi 9.1"," "
"Micron Technology
Inc","MTFDLAL1T9THG-1BP1DFCYY","NVMe","ESXi 9.1"," "
"Micron Technology
Inc","MTFDLAL3T8THG-1BP1DFCYY","NVMe","ESXi 9.1"," "
"Micron Technology
Inc","MTFDLAL1T6THS-1BP1DFCYY","NVMe","ESXi 9.1"," "
"Micron Technology
Inc","MTFDLAL3T2THS-1BP1DFCYY","NVMe","ESXi 9.1"," "
"Micron Technology
Inc","MTFDLBQ1T9THG-1BP1DFCYY","NVMe","ESXi 9.1"," "
"Micron Technology
Inc","MTFDLBQ7T6THG-1BP1DFCYY","NVMe","ESXi 9.1"," "
"Micron Technology
Inc","MTFDLBQ15T3THG-1BP1DFCYY","NVMe","ESXi 9.1"," "
"Micron Technology
Inc","MTFDLBQ1T6THS-1BP1DFCYY","NVMe","ESXi 9.1"," "
"Micron Technology
Inc","MTFDLBQ3T2THS-1BP1DFCYY","NVMe","ESXi 9.1"," "
"Micron Technology
Inc","MTFDLBQ6T4THS-1BP1DFCYY","NVMe","ESXi 9.1"," "
"Micron Technology
Inc","MTFDLBQ12T8THS-1BP1DFCYY","NVMe","ESXi 9.1"," "
"Micron Technology
Inc","MTFDLCE1T9THG-1BP1DFCYY","NVMe","ESXi 9.1"," "
"Micron Technology
Inc","MTFDLCE7T6THG-1BP1DFCYY","NVMe","ESXi 9.1"," "
"Micron Technology
Inc","MTFDLCE15T3THG-1BP1DFCYY","NVMe","ESXi 9.1"," "
"Micron Technology
Inc","MTFDLCE1T6THS-1BP1DFCYY","NVMe","ESXi 9.1"," "
"Micron Technology
Inc","MTFDLCE6T4THS-1BP1DFCYY","NVMe","ESXi 9.1"," "
"Micron Technology
Inc","MTFDLCE12T8THS-1BP1DFCYY","NVMe","ESXi 9.1"," "
"Micron Technology
Inc","MTFDLBT1T9THG-1BP1DFCYY","NVMe","ESXi 9.1"," "
"Micron Technology
Inc","MTFDLBT7T6THG-1BP1DFCYY","NVMe","ESXi 9.1"," "
"Micron Technology
Inc","MTFDLBT15T3THG-1BP1DFCYY","NVMe","ESXi 9.1"," "
"Micron Technology
Inc","MTFDLBT1T6THS-1BP1DFCYY","NVMe","ESXi 9.1"," "
"Micron Technology
Inc","MTFDLBT3T2THS-1BP1DFCYY","NVMe","ESXi 9.1"," "
"Micron Technology
Inc","MTFDLBT6T4THS-1BP1DFCYY","NVMe","ESXi 9.1"," "
"Micron Technology
Inc","MTFDLBT12T8THS-1BP1DFCYY","NVMe","ESXi 9.1"," "
"Micron Technology
Inc","MTFDLAL6T4THS-1BP1DFCYY","NVMe","ESXi 9.1"," "
"Micron Technology
Inc","MTFDLAL12T8THS-1BP1DFCYY","NVMe","ESXi 9.1"," "
"Micron Technology
Inc","MTFDLBT3T8THA-1BK1DABYY","NVMe","ESXi 9.1"," "
"Micron Technology
Inc","MTFDLBT15T3THA-1BK1DABYY","NVMe","ESXi 9.1"," "
"Micron Technology
Inc","MTFDLCE3T8THA-1BK1DABYY","NVMe","ESXi 9.1"," "
"Micron Technology
Inc","MTFDLCE7T6THA-1BK1DABYY","NVMe","ESXi 9.1"," "
"Micron Technology
Inc","MTFDLCE15T3THA-1BK1DABYY","NVMe","ESXi 9.1"," "
"Micron Technology
Inc","MTFDMBT3T8THM-2BP1JABYY","NVMe","ESXi 9.1"," "
"Micron Technology
Inc","MTFDKCC960TGP-1BK1DFCYY","NVMe","ESXi 9.1"," "
"Micron Technology
Inc","MTFDKCC1T9TGP-1BK1DFCYY","NVMe","ESXi 9.1"," "
"Micron Technology
Inc","MTFDKCC7T6TGP-1BK1DFCYY","NVMe","ESXi 9.1"," "
"Micron Technology
Inc","MTFDKCC15T3TGP-1BK1DFCYY","NVMe","ESXi 9.1"," "
"Micron Technology
Inc","MTFDLAL245T7QHF-1BQ1JABYY","NVMe","ESXi 9.1"," "
"Micron Technology
Inc","MTFDMBQ7T6THM-2BP1JABYY","NVMe","ESXi 9.1"," "
"Micron Technology
Inc","MTFDMBQ15T3THM-2BP1JABYY","NVMe","ESXi 9.1"," "
"Micron Technology
Inc","MTFDMBQ30T7THM-2BP1JABYY","NVMe","ESXi 9.1"," "
"Micron Technology
Inc","MTFDMBQ3T2THP-2BP1JABYY","NVMe","ESXi 9.1"," "
"Micron Technology
Inc","MTFDMBQ6T4THP-2BP1JABYY","NVMe","ESXi 9.1"," "
"Micron Technology
Inc","MTFDMBQ12T8THP-2BP1JABYY","NVMe","ESXi 9.1"," "
"Micron Technology
Inc","MTFDMBQ25T6THP-2BP1JABYY","NVMe","ESXi 9.1"," "
"Micron Technology
Inc","MTFDMBT7T6THM-2BP1JABYY","NVMe","ESXi 9.1"," "
"Micron Technology
Inc","MTFDMBT15T3THM-2BP1JABYY","NVMe","ESXi 9.1"," "
"Micron Technology
Inc","MTFDMCE15T3THM-2BP1JABYY","NVMe","ESXi 9.1"," "
"Micron Technology
Inc","MTFDLBQ30T7TGX-1BP1JABYY","NVMe","ESXi 9.1"," "
"Micron Technology
Inc","MTFDMBQ7T6THM-2BP1DFCYY","NVMe","ESXi 9.1"," "
"Micron Technology
Inc","MTFDMBQ3T2THP-2BP1DFCYY","NVMe","ESXi 9.1"," "
"Micron Technology
Inc","MTFDMBQ6T4THP-2BP1DFCYY","NVMe","ESXi 9.1"," "
"Micron Technology
Inc","MTFDMBQ12T8THP-2BP1DFCYY","NVMe","ESXi 9.1"," "
"Micron Technology
Inc","MTFDMBT7T6THM-2BP1DFCYY","NVMe","ESXi 9.1"," "
"Micron Technology
Inc","MTFDMBT15T3THM-2BP1DFCYY","NVMe","ESXi 9.1"," "
"Micron Technology
Inc","MTFDMCE7T6THM-2BP1DFCYY","NVMe","ESXi 9.1"," "
"Micron Technology
Inc","MTFDMCE15T3THM-2BP1DFCYY","NVMe","ESXi 9.1"," "
"Micron Technology
Inc","MTFDLAL30T7THG-1BP1JABYY","NVMe","ESXi 9.1"," "
"Micron Technology
Inc","MTFDLBQ30T7QHF-1BQ1JABYY","NVMe","ESXi 9.1"," "
"Micron Technology
Inc","MTFDLAL30T7QHF-1BQ1JABYY","NVMe","ESXi 9.1"," "
"Micron Technology
Inc","MTFDLAL122T8QHF-1BQ1JABYY","NVMe","ESXi 9.1"," "
"Micron Technology
Inc","MTFDLAL61T4QHF-1BQ1JABYY","NVMe","ESXi 9.1"," "
"Micron Technology
Inc","MTFDLBN122T8QHF-1BQ1JABYY","NVMe","ESXi 9.1"," "
"Micron Technology
Inc","MTFDLBQ25T6THS-1BP1JABYY","NVMe","ESXi 9.1"," "
"Micron Technology
Inc","7400_MTFD","NVMe","ESXi 9.1"," "
"Micron Technology
Inc","MTFDLBQ6T4THB-1BK1DABYY","NVMe","ESXi 9.1"," "
"Micron Technology
Inc","Micron_7450_MTFD","NVMe","ESXi 9.1"," "
"Micron Technology
Inc","MTFDKCC960TDZ-1AZ15ABYY","NVMe","ESXi 9.1"," "
"Micron Technology
Inc","MTFDKCC1T9TDZ-AAZ4ZABYYES","NVMe","ESXi 9.1"," "
"Micron Technology
Inc","MTFDKCB1T9TDZ-AAZ4ZABYYES","NVMe","ESXi 9.1"," "
"Micron Technology
Inc","MTFDKCC800TFC-1AZ1ZABYY","NVMe","ESXi 9.1"," "
"Micron Technology
Inc","MTFDKBG1T9TDZ-AAZ4ZABYYES","NVMe","ESXi 9.1"," "
"Micron Technology
Inc","MTFDKCC800TFC-1AZ4ZABYY","NVMe","ESXi 9.1"," "
"Micron Technology
Inc","MTFDKCC800TFC-1AZ45ABYY","NVMe","ESXi 9.1"," "
"Micron Technology
Inc","MTFDKBZ1T9TDZ-AAZ4ZABYYES","NVMe","ESXi 9.1"," "
"Micron Technology
Inc","MTFDKCE1T9TDZ-AAZ4ZABYYES","NVMe","ESXi 9.1"," "
"Micron Technology
Inc","MTFDKCB800TFC-1AZ15ABYY","NVMe","ESXi 9.1"," "
"Micron Technology
Inc","MTFDKCB1T9TDZ-1AZ4ZABYY","NVMe","ESXi 9.1"," "
"Micron Technology
Inc","MTFDKCC800TFC-1AZ15ABYY","NVMe","ESXi 9.1"," "
"Micron Technology
Inc","MTFDKCC1T9TDZ-1AZ4ZABYY","NVMe","ESXi 9.1"," "
"Micron Technology
Inc","MTFDKBG1T9TDZ-1AZ1ZABYY","NVMe","ESXi 9.1"," "
"Micron Technology
Inc","MTFDHAL3T8TDP-1AT1ZABYY","NVMe","ESXi 9.1"," "
"Micron Technology
Inc","MTFDKCC1T6TFC-1AZ4ZABYY","NVMe","ESXi 9.1"," "
"Micron Technology
Inc","MTFDKCB1T9TDZ-1AZ1ZABYY","NVMe","ESXi 9.1"," "
"Micron Technology
Inc","MTFDHAL3T2TDR-1AT1ZABYY","NVMe","ESXi 9.1"," "
"Micron Technology
Inc","MTFDKCC1T9TDZ-1AZ1ZABYY","NVMe","ESXi 9.1"," "
"Micron Technology
Inc","MTFDKBG1T9TDZ-1AZ15ABYY","NVMe","ESXi 9.1"," "
"Micron Technology
Inc","MTFDHAL6T4TDR-1AT1ZABYY","NVMe","ESXi 9.1"," "
"Micron Technology
Inc","MTFDKCC1T6TFC-1AZ45ABYY","NVMe","ESXi 9.1"," "
"Micron Technology
Inc","MTFDKCB1T9TDZ-1AZ15ABYY","NVMe","ESXi 9.1"," "
"Micron Technology
Inc","MTFDHAL7T6TDP-1AT1ZABYY","NVMe","ESXi 9.1"," "
"Micron Technology
Inc","MTFDKCC1T6TFC-1AZ1ZABYY","NVMe","ESXi 9.1"," "
"Micron Technology
Inc","MTFDKCB1T6TFC-1AZ15ABYY","NVMe","ESXi 9.1"," "
"Micron Technology
Inc","MTFDHAL12T8TDR-1AT1ZABYY","NVMe","ESXi 9.1"," "
"Micron Technology
Inc","MTFDKCC1T9TDZ-1AZ15ABYY","NVMe","ESXi 9.1"," "
"Micron Technology
Inc","MTFDKBZ1T9TDZ-1AZ15ABYY","NVMe","ESXi 9.1"," "
"Micron Technology
Inc","MTFDHAL15T3TDP-1AT1ZABYY","NVMe","ESXi 9.1"," "
"Micron Technology
Inc","MTFDKCC1T6TFC-1AZ15ABYY","NVMe","ESXi 9.1"," "
"Micron Technology
Inc","MTFDKCC3T2TFC-1AZ4ZABYY","NVMe","ESXi 9.1"," "
"Micron Technology
Inc","MTFDKCC3T2TFC-1AZ45ABYY","NVMe","ESXi 9.1"," "
"Micron Technology
Inc","MTFDKCE1T9TDZ-1AZ15ABYY","NVMe","ESXi 9.1"," "
"Micron Technology
Inc","MTFDKCB3T8TDZ-AAZ4ZABYYES","NVMe","ESXi 9.1"," "
"Micron Technology
Inc","MTFDKCC3T2TFC-1AZ1ZABYY","NVMe","ESXi 9.1"," "
"Micron Technology
Inc","MTFDKBG3T8TDZ-AAZ4ZABYYES","NVMe","ESXi 9.1"," "
"Micron Technology
Inc","MTFDKCC3T2TFC-1AZ15ABYY","NVMe","ESXi 9.1"," "
"Micron Technology
Inc","MTFDKCC3T8TDZ-AAZ4ZABYYES","NVMe","ESXi 9.1"," "
"Micron Technology
Inc","MTFDKCC6T4TFC-1AZ4ZABYY","NVMe","ESXi 9.1"," "
"Micron Technology
Inc","MTFDKBZ3T8TDZ-AAZ4ZABYYES","NVMe","ESXi 9.1"," "
"Micron Technology
Inc","MTFDKCE3T8TDZ-AAZ4ZABYYES","NVMe","ESXi 9.1"," "
"Micron Technology
Inc","MTFDKCC6T4TFC-1AZ45ABYY","NVMe","ESXi 9.1"," "
"Micron Technology
Inc","MTFDKCC6T4TFC-1AZ1ZABYY","NVMe","ESXi 9.1"," "
"Micron Technology
Inc","MTFDKCC6T4TFC-1AZ15ABYY","NVMe","ESXi 9.1"," "
"Micron Technology
Inc","MTFDKCC960TDZ-1AZ1ZABYY","NVMe","ESXi 9.1"," "
"Micron Technology
Inc","MTFDKBA960TDZ-AAZ15ABYYES","NVMe","ESXi 9.1"," "
"Micron Technology
Inc","MTFDKBG960TDZ-AAZ45ABYYES","NVMe","ESXi 9.1"," "
"Micron Technology
Inc","MTFDKBA960TDZ-AAZ4ZABYYES","NVMe","ESXi 9.1"," "
"Micron Technology
Inc","MTFDKBG960TDZ-AAZ4ZABYYES","NVMe","ESXi 9.1"," "
"Micron Technology
Inc","MTFDKCB960TDZ-AAZ4ZABYYES","NVMe","ESXi 9.1"," "
"Micron Technology
Inc","MTFDKCC960TDZ-AAZ4ZABYYES","NVMe","ESXi 9.1"," "
"Micron Technology
Inc","MTFDKCB7T6TDZ-1AZ15ABYY","NVMe","ESXi 9.1"," "
"Micron Technology
Inc","MTFDKCC7T6TDZ-1AZ15ABYY","NVMe","ESXi 9.1"," "
"Micron Technology
Inc","MTFDKCB960TDZ-1AZ4ZABYY","NVMe","ESXi 9.1"," "
"Micron Technology
Inc","MTFDKCC960TDZ-1AZ4ZABYY","NVMe","ESXi 9.1"," "
"Micron Technology
Inc","MTFDKBA960TDZ-1AZ1ZABYY","NVMe","ESXi 9.1"," "
"Micron Technology
Inc","MTFDKBG960TDZ-1AZ1ZABYY","NVMe","ESXi 9.1"," "
"Micron Technology
Inc","MTFDKCB960TDZ-1AZ1ZABYY","NVMe","ESXi 9.1"," "
"Micron Technology
Inc","MTFDKBA960TDZ-1AZ15ABYY","NVMe","ESXi 9.1"," "
"Micron Technology
Inc","MTFDKBG960TDZ-1AZ15ABYY","NVMe","ESXi 9.1"," "
"Micron Technology
Inc","MTFDKCB960TDZ-1AZ15ABYY","NVMe","ESXi 9.1"," "
"Micron Technology
Inc","MTFDKCB7T6TDZ-AAZ4ZABYYES","NVMe","ESXi 9.1"," "
"Micron Technology
Inc","MTFDKCB7T6TDZ-1AZ4ZABYY","NVMe","ESXi 9.1"," "
"Micron Technology
Inc","MTFDKCC7T6TDZ-AAZ4ZABYYES","NVMe","ESXi 9.1"," "
"Micron Technology
Inc","MTFDKCC7T6TDZ-1AZ4ZABYY","NVMe","ESXi 9.1"," "
"Micron Technology
Inc","MTFDKCB7T6TDZ-1AZ1ZABYY","NVMe","ESXi 9.1"," "
"Micron Technology
Inc","MTFDKCC7T6TDZ-1AZ1ZABYY","NVMe","ESXi 9.1"," "
"Micron Technology
Inc","MTFDKBU3T8TDZ-AAZ4ZABYYES","NVMe","ESXi 9.1"," "
"Micron Technology
Inc","MTFDKCB3T8TDZ-1AZ4ZABYY","NVMe","ESXi 9.1"," "
"Micron Technology
Inc","MTFDKCC3T8TDZ-1AZ4ZABYY","NVMe","ESXi 9.1"," "
"Micron Technology
Inc","MTFDKBG3T8TDZ-1AZ1ZABYY","NVMe","ESXi 9.1"," "
"Micron Technology
Inc","MTFDKCB3T8TDZ-1AZ1ZABYY","NVMe","ESXi 9.1"," "
"Micron Technology
Inc","MTFDKCC3T8TDZ-1AZ1ZABYY","NVMe","ESXi 9.1"," "
"Micron Technology
Inc","MTFDKBG3T8TDZ-1AZ15ABYY","NVMe","ESXi 9.1"," "
"Micron Technology
Inc","MTFDKCB3T8TDZ-1AZ15ABYY","NVMe","ESXi 9.1"," "
"Micron Technology
Inc","MTFDKCC3T8TDZ-1AZ15ABYY","NVMe","ESXi 9.1"," "
"Micron Technology
Inc","MTFDKBZ3T8TDZ-1AZ15ABYY","NVMe","ESXi 9.1"," "
"Micron Technology
Inc","MTFDKCE3T8TDZ-1AZ15ABYY","NVMe","ESXi 9.1"," "
"Micron Technology
Inc","MTFDKBZ960TDZ-AAZ4ZABYYES","NVMe","ESXi 9.1"," "
"Micron Technology
Inc","MTFDKCE960TDZ-AAZ4ZABYYES","NVMe","ESXi 9.1"," "
"Micron Technology
Inc","MTFDKBU960TDZ-AAZ4ZABYYES","NVMe","ESXi 9.1"," "
"Micron Technology
Inc","MTFDKBZ960TDZ-1AZ15ABYY","NVMe","ESXi 9.1"," "
"Micron Technology
Inc","MTFDKCE960TDZ-1AZ15ABYY","NVMe","ESXi 9.1"," "
"Micron Technology
Inc","MTFDKBU1T9TDZ-AAZ4ZABYYES","NVMe","ESXi 9.1"," "
"Micron Technology
Inc","MTFDLBQ3T8THA-1BK1DABYY","NVMe","ESXi 9.1"," "
"Micron Technology
Inc","MTFDMBQ15T3THM-2BP1DFCYY","NVMe","ESXi 9.1"," "
"Micron Technology
Inc","MTFDKBG1T9TFR-1BC1ZABYY","NVMe","ESXi 9.1"," "
"Micron Technology
Inc","MTFDKCB1T9TFR-1BC1ZABYY","NVMe","ESXi 9.1"," "
"Micron Technology
Inc","MTFDKCC6T4TFS-1BC15ABYY","NVMe","ESXi 9.1"," "
"Micron Technology
Inc","MTFDKCC6T4TFS-1BC1ZABYY","NVMe","ESXi 9.1"," "
"Micron Technology
Inc","MTFDKCC1T9TFR-1BC1ZABYY","NVMe","ESXi 9.1"," "
"Micron Technology
Inc","MTFDKCB6T4TFS-1BC1ZABYY","NVMe","ESXi 9.1"," "
"Micron Technology
Inc","MTFDKBG3T8TFR-1BC15ABYY","NVMe","ESXi 9.1"," "
"Micron Technology
Inc","MTFDKCC3T8TFR-1BC15ABYY","NVMe","ESXi 9.1"," "
"Micron Technology
Inc","MTFDKCB3T8TFR-1BC15ABYY","NVMe","ESXi 9.1"," "
"Micron Technology
Inc","MTFDKCB960TFR-1BC1ZABYY","NVMe","ESXi 9.1"," "
"Micron Technology
Inc","MTFDKCC960TFR-1BC1ZABYY","NVMe","ESXi 9.1"," "
"Micron Technology
Inc","MTFDKBG1T9TFR-1BC15ABYY","NVMe","ESXi 9.1"," "
"Micron Technology
Inc","MTFDKCC1T9TFR-1BC15ABYY","NVMe","ESXi 9.1"," "
"Micron Technology
Inc","MTFDKBG3T8TFR-1BC1ZABYY","NVMe","ESXi 9.1"," "
"Micron Technology
Inc","MTFDKCB1T9TFR-1BC15ABYY","NVMe","ESXi 9.1"," "
"Micron Technology
Inc","MTFDKBA960TFR-1BC15ABYY","NVMe","ESXi 9.1"," "
"Micron Technology
Inc","MTFDKBG960TFR-1BC15ABYY","NVMe","ESXi 9.1"," "
"Micron Technology
Inc","MTFDKCC960TFR-1BC15ABYY","NVMe","ESXi 9.1"," "
"Micron Technology
Inc","MTFDKCB960TFR-1BC15ABYY","NVMe","ESXi 9.1"," "
"Micron Technology
Inc","MTFDKBA960TFR-1BC1ZABYY","NVMe","ESXi 9.1"," "
"Micron Technology
Inc","MTFDKBG960TFR-1BC1ZABYY","NVMe","ESXi 9.1"," "
"Micron Technology
Inc","MTFDKCB3T8TFR-1BC1ZABYY","NVMe","ESXi 9.1"," "
"Micron Technology
Inc","MTFDKCC3T8TFR-1BC1ZABYY","NVMe","ESXi 9.1"," "
"Micron Technology
Inc","MTFDKCC7T6TFR-1BC15ABYY","NVMe","ESXi 9.1"," "
"Micron Technology
Inc","MTFDKCB7T6TFR-1BC15ABYY","NVMe","ESXi 9.1"," "
"Micron Technology
Inc","MTFDKCC7T6TFR-1BC1ZABYY","NVMe","ESXi 9.1"," "
"Micron Technology
Inc","MTFDKCB7T6TFR-1BC1ZABYY","NVMe","ESXi 9.1"," "
"Micron Technology
Inc","MTFDKCC6T4TFS-1BC45ABYY","NVMe","ESXi 9.1"," "
"Micron Technology
Inc","MTFDKCC6T4TFS-1BC4ZABYY","NVMe","ESXi 9.1"," "
"Micron Technology
Inc","MTFDKCC12T8TFS-1BC1ZABYY","NVMe","ESXi 9.1"," "
"Micron Technology
Inc","MTFDKCC12T8TFS-1BC15ABYY","NVMe","ESXi 9.1"," "
"Micron Technology
Inc","MTFDKBA800TFC-1AZ1ZABYY","NVMe","ESXi 9.1"," "
"Micron Technology
Inc","MTFDKCB800TFC-1AZ1ZABYY","NVMe","ESXi 9.1"," "
"Micron Technology
Inc","MTFDKCB1T6TFC-1AZ1ZABYY","NVMe","ESXi 9.1"," "
"Micron Technology
Inc","MTFDKCB3T2TFC-1AZ1ZABYY","NVMe","ESXi 9.1"," "
"Micron Technology
Inc","MTFDKCC800TFS-1BC4ZABYY","NVMe","ESXi 9.1"," "
"Micron Technology
Inc","MTFDKCC800TFS-1BC45ABYY","NVMe","ESXi 9.1"," "
"Micron Technology
Inc","MTFDKCC1T6TFS-1BC4ZABYY","NVMe","ESXi 9.1"," "
"Micron Technology
Inc","MTFDKCC1T6TFS-1BC45ABYY","NVMe","ESXi 9.1"," "
"Micron Technology
Inc","MTFDKCC3T2TFS-1BC4ZABYY","NVMe","ESXi 9.1"," "
"Micron Technology
Inc","MTFDKCC3T2TFS-1BC45ABYY","NVMe","ESXi 9.1"," "
"Micron Technology
Inc","MTFDKCB1T6TFS-1BC15ABYY","NVMe","ESXi 9.1"," "
"Micron Technology
Inc","MTFDKCC1T6TFS-1BC1ZABYY","NVMe","ESXi 9.1"," "
"Micron Technology
Inc","MTFDKCB1T6TFS-1BC1ZABYY","NVMe","ESXi 9.1"," "
"Micron Technology
Inc","MTFDKCC3T2TFS-1BC15ABYY","NVMe","ESXi 9.1"," "
"Micron Technology
Inc","MTFDKCC3T2TFS-1BC1ZABYY","NVMe","ESXi 9.1"," "
"Micron Technology
Inc","MTFDKCB3T2TFS-1BC1ZABYY","NVMe","ESXi 9.1"," "
"Micron Technology
Inc","MTFDKCC800TFS-1BC15ABYY","NVMe","ESXi 9.1"," "
"Micron Technology
Inc","MTFDKCB800TFS-1BC15ABYY","NVMe","ESXi 9.1"," "
"Micron Technology
Inc","MTFDKCC800TFS-1BC1ZABYY","NVMe","ESXi 9.1"," "
"Micron Technology
Inc","MTFDKCB800TFS-1BC1ZABYY","NVMe","ESXi 9.1"," "
"Micron Technology
Inc","MTFDKBA800TFS-1BC1ZABYY","NVMe","ESXi 9.1"," "
"Micron Technology
Inc","MTFDKCC1T6TFS-1BC15ABYY","NVMe","ESXi 9.1"," "
"Micron Technology
Inc","MTFDKCB960TFR-1BC4ZABYY","NVMe","ESXi 9.1"," "
"Micron Technology
Inc","MTFDKCC960TFR-1BC4ZABYY","NVMe","ESXi 9.1"," "
"Micron Technology
Inc","MTFDKCB1T9TFR-1BC4ZABYY","NVMe","ESXi 9.1"," "
"Micron Technology
Inc","MTFDKCC1T9TFR-1BC4ZABYY","NVMe","ESXi 9.1"," "
"Micron Technology
Inc","MTFDKCC3T8TFR-1BC4ZABYY","NVMe","ESXi 9.1"," "
"Micron Technology
Inc","MTFDKCB3T8TFR-1BC4ZABYY","NVMe","ESXi 9.1"," "
"Micron Technology
Inc","MTFDKCB7T6TFR-1BC4ZABYY","NVMe","ESXi 9.1"," "
"Micron Technology
Inc","MTFDKCC7T6TFR-1BC4ZABYY","NVMe","ESXi 9.1"," "
"Micron Technology
Inc","MTFDKCC7T6TFR-1BC15FCYY","NVMe","ESXi 9.1"," "
"Micron Technology
Inc","MTFDKCC15T3TFR-1BC1ZABYY","NVMe","ESXi 9.1"," "
"Micron Technology
Inc","MTFDKCC15T3TFR-1BC15ABYY","NVMe","ESXi 9.1"," "
"Micron Technology
Inc","MTFDLBQ15T3THA-1BK1DFCYY","NVMe","ESXi 9.1"," "
"Micron Technology
Inc","MTFDKCB3T2TFS-1BC15ABYY","NVMe","ESXi 9.1"," "
"Micron Technology
Inc","MTFDKBA480TFR-1BC1ZABYY","NVMe","ESXi 9.1"," "
"NEC Corporation","945N-8i","SAS-SATA-NVME Tri-mode RAID","ESXi 9.1"," "
"NEC Corporation","946N-8i 2GB","SAS-SATA-NVME Tri-mode RAID","ESXi 9.1"," "
"NEC Corporation","946N-8i 4GB","SAS-SATA-NVME Tri-mode RAID","ESXi 9.1"," "
"NEC Corporation","944N-8i","SAS-SATA-NVME Tri-mode RAID","ESXi 9.1"," "
"NEC Corporation","MegaRAID SAS 9362-8i","SAS-RAID","ESXi 9.1"," "
"NEC Corporation","956N-8i","SAS-SATA-NVME Tri-mode","ESXi 9.1"," "
"NEC Corporation","QLE2692 16G FC HBA","FC","ESXi 9.1"," "
"NEC Corporation","QLE2690 16G FC HBA","FC","ESXi 9.1"," "
"NEC Corporation","N8104-150","Network","ESXi 9.1"," "
"NEC Corporation","N8104-151","Network","ESXi 9.1"," "
"NEC Corporation","N8104-152","Network","ESXi 9.1"," "
"NEC Corporation","N8104-154","Network","ESXi 9.1"," "
"New H3C Technologies Co.
Ltd.","H3C NIC-ETH330T-LP-4P","Network","ESXi 9.1"," "
"New H3C Technologies Co.
Ltd.","6.4TB PCIe*Gen4 X4 NVMe U.2 2.5in MU P5620 SSD UC Generic Module(CTO&BTO)","NVMe","ESXi 9.1"," "
"New H3C Technologies Co.
Ltd.","UN HBA H4508-Mf-8i","SAS-SATA-NVME Tri-mode","ESXi 9.1"," "
"New H3C Technologies Co.
Ltd.","H3C NIC-ETH640F-L-2*25G (MCX4121A-ACAT)","Network","ESXi 9.1"," "
"New H3C Technologies Co.
Ltd.","H3C NIC-620F-B2-25Gb-2P (MCX4121A-ACAT)","Network","ESXi 9.1"," "
"New H3C Technologies Co.
Ltd.","UN-NIC-ETH565T-3S-2P","Network","ESXi 9.1"," "
"New H3C Technologies Co.
Ltd.","NIC-ETH630F-LP-2P","Network","ESXi 9.1"," "
"New H3C Technologies Co.
Ltd.","UN-RAID-MARVELL-M.2","SATA","ESXi 9.1"," "
"New H3C Technologies Co.
Ltd.","H3C UN-NIC-ETH360T-3S-4P","Network","ESXi 9.1"," "
"New H3C Technologies Co.
Ltd.","UN-NIC-ETH561F-sL-4*10G","Network","ESXi 9.1"," "
"New H3C Technologies Co.
Ltd.","UN-NIC-ETH561F-sL-2*10G","Network","ESXi 9.1"," "
"New H3C Technologies Co.
Ltd.","UN-NIC-ETH561F-3S-2P","Network","ESXi 9.1"," "
"New H3C Technologies Co.
Ltd.","H3C UN-NIC-ETH540F-LP-2P(MCX4121A-XCA)","Network","ESXi 9.1"," "
"New H3C Technologies Co.
Ltd.","H3C UN-NIC-ETH540F-3S-2P(MCX4121A-XCA)","Network","ESXi 9.1"," "
"New H3C Technologies Co.
Ltd.","H3C UN-NIC-ETH640F-3S-2P(MCX4121A-ACA)","Network","ESXi 9.1"," "
"New H3C Technologies Co.
Ltd.","H3C NIC-GE-4P-360T-L3","Network","ESXi 9.1"," "
"New H3C Technologies Co.
Ltd.","H3C NIC-10GE-2P-560F-L2","Network","ESXi 9.1"," "
"New H3C Technologies Co.
Ltd.","H3C NIC-10GE-2P-560T-L2","Network","ESXi 9.1"," "
"New H3C Technologies Co.
Ltd.","UN-NIC-ETH660F-3S-2P","Network","ESXi 9.1"," "
"New H3C Technologies Co.
Ltd.","H3C NIC-10GE-2P-530F","Network","ESXi 9.1","Restricted"
"New H3C Technologies Co.
Ltd.","H3C CNA-10GE-2P-560F-B2","Network","ESXi 9.1","Restricted"
"New H3C Technologies Co.
Ltd.","H3C NIC-10GE-2P-560F-LOM","Network","ESXi 9.1","Restricted"
"New H3C Technologies Co.
Ltd.","H3C CNA-560T-B2-10Gb-2P","Network","ESXi 9.1"," "
"New H3C Technologies Co.
Ltd.","H3C CNA-560T-L2-10Gb-2P","Network","ESXi 9.1"," "
"New H3C Technologies Co.
Ltd.","H3C NIC-GE-4P-360T-B2","Network","ESXi 9.1"," "
"New H3C Technologies Co.
Ltd.","H3C NIC-GE-4P-360T-L2","Network","ESXi 9.1"," "
"New H3C Technologies Co.
Ltd.","H3C NIC-GE-4P-360T-S2","Network","ESXi 9.1"," "
"New H3C Technologies Co.
Ltd.","H3C NIC-ETH641F-LP-2P","Network","ESXi 9.1"," "
"New H3C Technologies Co.
Ltd.","H3C NIC-ETH330T-3S-4P","Network","ESXi 9.1"," "
"New H3C Technologies Co.
Ltd.","UN RAID P4408-Mr-2","SAS","ESXi 9.1"," "
"New H3C Technologies Co.
Ltd.","NIC-IB1040i-Mb-2P","Network","ESXi 9.1"," "
"New H3C Technologies Co.
Ltd.","RAID-P5408-Mf-8i-4GB","SAS-SATA-NVME Tri-mode RAID","ESXi 9.1"," "
"New H3C Technologies Co.
Ltd.","RAID-P5408-Ma-8i-4GB","SAS-SATA-NVME Tri-mode RAID","ESXi 9.1"," "
"New H3C Technologies Co.
Ltd.","NIC-FC730i-Mb-2x32G","FC","ESXi 9.1"," "
"New H3C Technologies Co.
Ltd.","HBA-H5408-Mf-8i","SAS/SATA-RAID","ESXi 9.1"," "
"New H3C Technologies Co.
Ltd.","UN RAID P460-Mr1-8i-4GB","SAS","ESXi 9.1"," "
"New H3C Technologies Co.
Ltd.","UN HBA H460-Mr1-8i","SAS","ESXi 9.1"," "
"New H3C Technologies Co.
Ltd.","NIC-ETH641i-Mb-2P","Network","ESXi 9.1"," "
"New H3C Technologies Co.
Ltd.","NIC-ETH531F-3S-2P","Network","ESXi 9.1"," "
"New H3C Technologies Co.
Ltd.","NIC-ETH1040F-LP-2P","Network","ESXi 9.1"," "
"New H3C Technologies Co.
Ltd.","7.68TB PCIe*Gen4 X4 NVMe U.2 2.5in RI P5520 SSD UC Generic Module(CTO&BTO)","NVMe","ESXi 9.1"," "
"New H3C Technologies Co.
Ltd.","7.68TB PCIe*Gen4 X4 NVMe U.2 3.5in RI P5520 SSD UCC Generic Module(CTO&BTO)","NVMe","ESXi 9.1"," "
"New H3C Technologies Co.
Ltd.","15.36TB PCIe*Gen4 X4 NVMe U.2 2.5in RI P5520 SSD UCS Generic Module(CTO&BTO)","NVMe","ESXi 9.1"," "
"New H3C Technologies Co.
Ltd.","15.36TB PCIe*Gen4 X4 NVMe U.2 3.5in RI P5520 SSD UCC Generic Module(CTO&BTO)","NVMe","ESXi 9.1"," "
"New H3C Technologies Co.
Ltd.","15.36TB PCIe*Gen4 X4 NVMe U.2 2.5in RI P5520 SSD Generic Module(Spare Part)","NVMe","ESXi 9.1"," "
"New H3C Technologies Co.
Ltd.","1.6TB PCIe*Gen4 X4 NVMe U.2 3.5in MU P5620 SSD UCC Generic Module(CTO&BTO)","NVMe","ESXi 9.1"," "
"New H3C Technologies Co.
Ltd.","1.6TB PCIe*Gen4 X4 NVMe U.2 2.5in MU P5620 SSD Generic Module(Spare Part)","NVMe","ESXi 9.1"," "
"New H3C Technologies Co.
Ltd.","3.2TB PCIe*Gen4 X4 NVMe U.2 2.5in MU P5620 SSD UC Generic Module(CTO&BTO)","NVMe","ESXi 9.1"," "
"New H3C Technologies Co.
Ltd.","3.2TB PCIe*Gen4 X4 NVMe U.2 2.5in MU P5620 SSD Generic Module(Spare Part)","NVMe","ESXi 9.1"," "
"New H3C Technologies Co.
Ltd.","1.92TB PCIe*Gen5 x4 NVMe U.2 2.5in RI PS1010 SSD UCS Generic Module(CTO&BTO)","NVMe","ESXi 9.1"," "
"New H3C Technologies Co.
Ltd.","1.92TB PCIe*Gen5 x4 NVMe U.2 2.5in RI PS1010 SSD Generic Module(Spare Part)","NVMe","ESXi 9.1"," "
"New H3C Technologies Co.
Ltd.","3.84TB PCIe*Gen5 x4 NVMe U.2 2.5in RI PS1010 SSD UCS Generic Module(CTO&BTO)","NVMe","ESXi 9.1"," "
"New H3C Technologies Co.
Ltd.","3.84TB PCIe*Gen5 x4 NVMe U.2 3.5in RI PS1010 SSD UCC Generic Module(CTO&BTO)	","NVMe","ESXi 9.1"," "
"New H3C Technologies Co.
Ltd.","3.84TB PCIe*Gen5 x4 NVMe U.2 2.5in RI PS1010 SSD  Generic Module(Spare Part)","NVMe","ESXi 9.1"," "
"New H3C Technologies Co.
Ltd.","7.68TB PCIe*Gen5 x4 NVMe U.2 2.5in RI PS1010 SSD UCS Generic Module(CTO&BTO)","NVMe","ESXi 9.1"," "
"New H3C Technologies Co.
Ltd.","7.68TB PCIe*Gen5 x4 NVMe U.2 3.5in RI PS1010 SSD UCC Generic Module(CTO&BTO)	","NVMe","ESXi 9.1"," "
"New H3C Technologies Co.
Ltd.","7.68TB PCIe*Gen5 x4 NVMe U.2 2.5in RI PS1010 SSD  Generic Module(Spare Part)","NVMe","ESXi 9.1"," "
"New H3C Technologies Co.
Ltd.","15.36TB PCIe*Gen5 x4 NVMe U.2 2.5in RI PS1010 SSD UCS Generic Module(CTO&BTO)	","NVMe","ESXi 9.1"," "
"New H3C Technologies Co.
Ltd.","15.36TB PCIe*Gen5 x4 NVMe U.2 3.5in RI PS1010 SSD UCC Generic Module(CTO&BTO)","NVMe","ESXi 9.1"," "
"New H3C Technologies Co.
Ltd.","15.36TB PCIe*Gen5 x4 NVMe U.2 2.5in RI PS1010 SSD  Generic Module(Spare Part)","NVMe","ESXi 9.1"," "
"New H3C Technologies Co.
Ltd.","6.4TB PCIe*Gen4 X4 NVMe U.2 3.5in MU P5620 SSD UCC Generic Module(CTO&BTO)","NVMe","ESXi 9.1"," "
"New H3C Technologies Co.
Ltd.","6.4TB PCIe*Gen4 X4 NVMe U.2 2.5in MU P5620 SSD Generic Module(Spare Part)","NVMe","ESXi 9.1"," "
"New H3C Technologies Co.
Ltd.","12.8TB PCIe*Gen4 X4 NVMe U.2 2.5in MU P5620 SSD UCS Generic Module(CTO&BTO)","NVMe","ESXi 9.1"," "
"New H3C Technologies Co.
Ltd.","12.8TB PCIe*Gen4 X4 NVMe U.2 2.5in MU P5620 SSD Generic Module(Spare Part)","NVMe","ESXi 9.1"," "
"New H3C Technologies Co.
Ltd.","1.92TB PCIe*Gen4 X4 NVMe U.2 2.5in RI P5520 SSD UC Generic Module(CTO&BTO)","NVMe","ESXi 9.1"," "
"New H3C Technologies Co.
Ltd.","1.92TB PCIe*Gen4 X4 NVMe U.2 3.5in RI P5520 SSD UCC Generic Module(CTO&BTO)","NVMe","ESXi 9.1"," "
"New H3C Technologies Co.
Ltd.","1.92TB PCIe*Gen4 X4 NVMe U.2 2.5in RI P5520 SSD Generic Module(Spare Part)","NVMe","ESXi 9.1"," "
"New H3C Technologies Co.
Ltd.","3.84TB PCIe*Gen4 X4 NVMe U.2 2.5in RI P5520 SSD UC Generic Module(CTO&BTO)","NVMe","ESXi 9.1"," "
"New H3C Technologies Co.
Ltd.","3.84TB PCIe*Gen4 X4 NVMe U.2 3.5in RI P5520 SSD UCC Generic Module(CTO&BTO)","NVMe","ESXi 9.1"," "
"New H3C Technologies Co.
Ltd.","3.84TB PCIe*Gen4 X4 NVMe U.2 2.5in RI P5520 SSD Generic Module(Spare Part)","NVMe","ESXi 9.1"," "
"New H3C Technologies Co.
Ltd.","7.68TB PCIe*Gen4 X4 NVMe U.2 2.5in RI P5520 SSD Generic Module(Spare Part)","NVMe","ESXi 9.1"," "
"New H3C Technologies Co.
Ltd.","H3C P4408-Ma-8i-2GB","SAS","ESXi 9.1"," "
"New H3C Technologies Co.
Ltd.","12.8TB PCIe*Gen4 X4 NVMe U.2 3.5in MU P5620 SSD UCC Generic Module(CTO&BTO)","NVMe","ESXi 9.1"," "
"New H3C Technologies Co.
Ltd.","RAID-B9540-LP-2i","SAS-SATA-NVME Tri-mode","ESXi 9.1"," "
"New H3C Technologies Co.
Ltd.","1.92TB PCIe5.0 x4 NVMe U.2 2.5in RI UH712a SSD UCS Generic Module(CTO&BTO)","NVMe","ESXi 9.1"," "
"New H3C Technologies Co.
Ltd.","3.84TB PCIe5.0 x4 NVMe U.2 2.5in RI UH712a SSD UCS Generic Module(CTO&BTO)","NVMe","ESXi 9.1"," "
"New H3C Technologies Co.
Ltd.","15.36TB PCIe5.0 x4 NVMe U.2 2.5in RI UH712a SSD UCS Generic Module(CTO&BTO)","NVMe","ESXi 9.1"," "
"New H3C Technologies Co.
Ltd.","3.2TB PCIe5.0 x4 NVMe U.2 2.5in MU UH832a SSD UCS Generic Module(CTO&BTO)","NVMe","ESXi 9.1"," "
"New H3C Technologies Co.
Ltd.","1.6TB PCIe5.0 x4 NVMe U.2 2.5in MU UH832a SSD UCS Generic Module(CTO&BTO)","NVMe","ESXi 9.1"," "
"New H3C Technologies Co.
Ltd.","6.4TB PCIe5.0 x4 NVMe U.2 2.5in MU UH832a SSD UCS Generic Module(CTO&BTO)","NVMe","ESXi 9.1"," "
"New H3C Technologies Co.
Ltd.","12.8TB PCIe5.0 x4 NVMe U.2 2.5in MU UH832a SSD UCS Generic Module(CTO&BTO)","NVMe","ESXi 9.1"," "
"New H3C Technologies Co.
Ltd.","NIC-ETH640i-Mb-2P","Network","ESXi 9.1"," "
"New H3C Technologies Co.
Ltd.","UN HBA H460-M1","SAS","ESXi 9.1"," "
"New H3C Technologies Co.
Ltd.","UN HBA H460-B1","SAS","ESXi 9.1"," "
"New H3C Technologies Co.
Ltd.","UN RAID P460-M4","SAS","ESXi 9.1"," "
"New H3C Technologies Co.
Ltd.","UN RAID P460-B4","SAS","ESXi 9.1"," "
"New H3C Technologies Co.
Ltd.","UN RAID P4408-Mr-8i-2GB","SAS","ESXi 9.1"," "
"New H3C Technologies Co.
Ltd.","NIC-ETH531F-LP-2P","Network","ESXi 9.1"," "
"New H3C Technologies Co.
Ltd.","3.2TB PCIe*Gen4 X4 NVMe U.2 3.5in MU P5620 SSD UCC Generic Module(CTO&BTO)","NVMe","ESXi 9.1"," "
"New H3C Technologies Co.
Ltd.","1.92TB PCIe*Gen5 x4 NVMe U.2 3.5in RI PS1010 SSD UCC Generic Module(CTO&BTO)	","NVMe","ESXi 9.1"," "
"New H3C Technologies Co.
Ltd.","H3C P2404-Mf-4i-2GB","SAS","ESXi 9.1"," "
"New H3C Technologies Co.
Ltd.","H3C P2404-Mf-4i-1GB","SAS","ESXi 9.1"," "
"New H3C Technologies Co.
Ltd.","H3C P4408-Mf-8i-2GB","SAS","ESXi 9.1"," "
"New H3C Technologies Co.
Ltd.","7.68TB PCIe5.0 x4 NVMe U.2 2.5in RI UH712a SSD UCS Generic Module(CTO&BTO)","NVMe","ESXi 9.1"," "
"New H3C Technologies Co.
Ltd.","H3C P4408-Mf-8i-4GB","SAS","ESXi 9.1"," "
"New H3C Technologies Co.
Ltd.","UN RAID P460-M2","SAS","ESXi 9.1"," "
"New H3C Technologies Co.
Ltd.","UN RAID P460-B2","SAS","ESXi 9.1"," "
"New H3C Technologies Co.
Ltd.","1.6TB PCIe*Gen4 X4 NVMe U.2 2.5in MU P5620 SSD UC Generic Module(CTO&BTO)","NVMe","ESXi 9.1"," "
"NVIDIA","MCP78S [GeForce 8200] SATA Controller","SATA","ESXi 9.1"," "
"NVIDIA","MCP78S [GeForce 8200] (AHCI mode) SATA Controller","SATA","ESXi 9.1"," "
"NVIDIA","MCP89 SATA Controller (AHCI mode)","SATA","ESXi 9.1"," "
"Oracle","Oracle® 3.84 TB NVMe SSD DC P5520 Series (2.5" U.2)","NVMe","ESXi 9.1"," "
"Oracle","Oracle® 7.68 TB NVMe SSD DC P5520 Series (2.5" U.2)","NVMe","ESXi 9.1"," "
"Oracle","Oracle® 15.3TB TB NVMe SSD DC P5520 Series (2.5” U.2)","NVMe","ESXi 9.1"," "
"Oracle","Oracle® 6.4 TB NVMe SSD DC P4600 Series ICDPC2DD2ORA6.4T (2.5” U.2)","NVMe","ESXi 9.1"," "
"Oracle","Oracle 10 Gb/40 Gb Ethernet Adapter","Network","ESXi 9.1"," "
"Oracle","Oracle 10 Gb/40 Gb Ethernet Adapter","Network","ESXi 9.1"," "
"Oracle","BCM57414","Network","ESXi 9.1"," "
"Oracle","BCM57414","Network","ESXi 9.1"," "
"Oracle","BCM57417","Network","ESXi 9.1"," "
"Oracle","BCM57417","Network","ESXi 9.1"," "
"Oracle","Oracle® 3.84 TB NVMe SSD DC P5520 Series (2.5" U.2)","NVMe","ESXi 9.1"," "
"Oracle","Oracle® 7.68 TB NVMe SSD DC P5520 Series (2.5" U.2)","NVMe","ESXi 9.1"," "
"Oracle","Oracle® 15.36TB TB NVMe SSD DC P5520 Series (2.5” U.2)","NVMe","ESXi 9.1"," "
"Oracle","Oracle Flash Accelerator F640 PCIe Card 7115454","NVMe","ESXi 9.1"," "
"Oracle","Oracle 6.4 TB NVMe SSD 7115452 & 7115453","NVMe","ESXi 9.1"," "
"Oracle","Oracle® 3.84 TB NVMe SSD DC PS1010 Series (2.5" U.2)","NVMe","ESXi 9.1"," "
"Oracle","Oracle® 7.68 TB NVMe SSD DC PS1010 Series (2.5" U.2)","NVMe","ESXi 9.1"," "
"Oracle","Oracle® 15.36 TB NVMe SSD DC PS1010 Series (2.5" U.2)","NVMe","ESXi 9.1"," "
"Oracle","Oracle® 3.84 TB NVMe SSD DC PS1010 Series (7.5mm E3.S)","NVMe","ESXi 9.1"," "
"Oracle","Oracle® 7.68 TB NVMe SSD DC PS1010 Series (7.5mm E3.S)","NVMe","ESXi 9.1"," "
"Oracle","Oracle U.2 PM1743 3.84TB NVMe PCIe 5.0 x4 (MZWLO3T8HCLS-00AU3)","NVMe","ESXi 9.1"," "
"Oracle","Oracle U.2 PM1743 7.68TB NVMe PCIe 5.0 x4 (MZWLO7T6HBLA-00AU3)","NVMe","ESXi 9.1"," "
"Oracle","Oracle U.2 PM1743 15.36TB NVMe PCIe 5.0 x4 (MZWLO15THBLA-00AU3)","NVMe","ESXi 9.1"," "
"Oracle","Oracle E3.S PM1743 3.84TB NVMe PCIe 5.0 x4 (MZ3LO3T8HCJR-00AU3)","NVMe","ESXi 9.1"," "
"Oracle","Oracle E3.S PM1743 7.68TB NVMe PCIe 5.0 x4 (MZ3LO7T6HBLT-00AU3)","NVMe","ESXi 9.1"," "
"Oracle","Oracle E3.S PM1743 15.36TB NVMe PCIe 5.0 x4 (MZ3LO15THBLA-00AU3)","NVMe","ESXi 9.1"," "
"Oracle","Oracle® 15.36 TB NVMe SSD DC PS1010 Series (7.5mm E3.S)","NVMe","ESXi 9.1"," "
"Oracle","MTFDLAL15T3THA-1BK6DABRC","NVMe","ESXi 9.1"," "
"Oracle","Oracle® 1.92 TB NVMe SSD DC PS1010 Series (2.5" U.2)","NVMe","ESXi 9.1"," "
"Oracle","Oracle® 3.84 TB NVMe SSD DC P5500 Series (2.5” U.2)","NVMe","ESXi 9.1"," "
"Oracle","Oracle® 6.8TB (7.68TB max) NVMe SSD DC P5500 Series (2.5” U.2)","NVMe","ESXi 9.1"," "
"Oracle","Oracle U.2 PM1733 3.84TB NVMe PCIe 4.0 x4 (MZWLR3T8HBLS-00AU3)","NVMe","ESXi 9.1"," "
"Oracle","Oracle U.2 PM1733 7.68TB NVMe PCIe 4.0 x4 (MZWLR7T6HALA-00AU3)","NVMe","ESXi 9.1"," "
"Oracle","Oracle® 6.4 TB NVMe SSD DC P4610 Series ICRPC2DD2ORA6.4T (2.5” U.2
 PN: 7361456)","NVMe","ESXi 9.1"," "
"Oracle","Oracle U.2 PM1733 7.68TB NVMe PCIe 4.0 x4 (MZWLJ7T6HALA-00AU3)","NVMe","ESXi 9.1"," "
"Oracle","Oracle U.2 PM1733a 1.92TB NVMe PCIe 4.0 x4 (MZWLR1T9HCJR-00AU3)","NVMe","ESXi 9.1"," "
"Oracle","Oracle U.2 PM1733a 3.84TB NVMe PCIe 4.0 x4 (MZWLR3T8HCLS-00AU3)","NVMe","ESXi 9.1"," "
"Oracle","Oracle U.2 PM1733a 7.68TB NVMe PCIe 4.0 x4 (MZWLR7T6HBLA-00AU3)","NVMe","ESXi 9.1"," "
"Oracle","Oracle U.2 PM1733a 15.36TB NVMe PCIe 4.0 x4 (MZWLR15THBLA-00AU3)","NVMe","ESXi 9.1"," "
"Oracle","Oracle® 6.4 TB NVMe SSD DC P4600 Series ICDPC2DD2ORA6.4T (2.5” U.2)","NVMe","ESXi 9.1"," "
"Oracle","BCM57414","Network","ESXi 9.1"," "
"Oracle America
Inc (formerly Sun Microsystems
Inc)","Sun Quad Port GbE PCIe 2.0 Low Profile Adapter
 UTP","Network","ESXi 9.1"," "
"Oracle America
Inc (formerly Sun Microsystems
Inc)","Sun Quad Port GbE PCIe 2.0 ExpressModule
 UTP","Network","ESXi 9.1"," "
"Oracle America
Inc (formerly Sun Microsystems
Inc)","Sun Quad Port GbE PCIe 2.0 ExpressModule
 MMF","Network","ESXi 9.1"," "
"Oracle America
Inc (formerly Sun Microsystems
Inc)","Sun Quad Port GbE PCIe 2.0 Low Profile Adapter
 MMF","Network","ESXi 9.1"," "
"Pensando Systems Inc","DSC2-200 50/100/200G 2-port 32G RAM 64G eMMC G2 Services Card ADI
 Ethernet Controller","Network","ESXi 9.1"," "
"Pensando Systems Inc","DSC2-200 50/100/200G 2-port 32G RAM 64G eMMC G2 Services Card
 Ethernet Controller","Network","ESXi 9.1"," "
"Pensando Systems Inc","DSC2-200 50/100/200G 2-port 32G RAM 64G eMMC G2 DPU Interposer
 Ethernet Controller","Network","ESXi 9.1"," "
"Pensando Systems Inc","DSC2-200 50/100/200G 2-port 32G RAM 64G eMMC G2 DPU R4
 Ethernet Controller","Network","ESXi 9.1"," "
"Pensando Systems Inc","DSC2-200 50/100/200G 2-port 32G RAM 64G eMMC G2 DPU R5
 Ethernet Controller","Network","ESXi 9.1"," "
"Pensando Systems Inc","DSC2A-200 50/100/200G 2-port 32G RAM 64G eMMC G2 Services Card
 Ethernet Controller","Network","ESXi 9.1"," "
"Pensando Systems Inc","DSC2A-200 50/100/200G 2-port 32G RAM 64G eMMC G2 Services Card
 Ethernet Controller","Network","ESXi 9.1"," "
"Pensando Systems Inc","DSC1-2S25-4H8P-S","Network","ESXi 9.1"," "
"Pensando Systems Inc","DSC1-2S25-8H8P","Network","ESXi 9.1"," "
"Pensando Systems Inc","DSC1-2S25-4P8P-S","Network","ESXi 9.1"," "
"Pensando Systems Inc","DSC1-2S25-4H8P-H","Network","ESXi 9.1"," "
"Pensando Systems Inc","DSC1-2S25-4H8P-HS","Network","ESXi 9.1"," "
"Pensando Systems Inc","DSC1-2S25-4P8P-HS","Network","ESXi 9.1"," "
"Pensando Systems Inc","DSC1-2Q100-4F8P-H","Network","ESXi 9.1"," "
"Pensando Systems Inc","DSC1-2Q100-4F8P","Network","ESXi 9.1"," "
"Pensando Systems Inc","DSC1-2Q100-8F8P","Network","ESXi 9.1"," "
"Pensando Systems Inc","DSC-100 40/100G 2-port 8G RAM 16G eMMC G1 Services Card
 Ethernet Controller","Network","ESXi 9.1"," "
"Pensando Systems Inc","DSC1-2S25-4H8P","Network","ESXi 9.1"," "
"Pensando Systems Inc","DSC2-200 50/100/200G 2-port 32G RAM 64G eMMC G2 DPU R2","Network","ESXi 9.1"," "
"Pensando Systems Inc","DSC2-200 50/100/200G 2-port 32G RAM 64G eMMC G2 DPU","Network","ESXi 9.1"," "
"Pensando Systems Inc","DSC2-200 50/100/200G 2-port 32G RAM 64G eMMC G2 DPU R3","Network","ESXi 9.1"," "
"Pensando Systems Inc","DSC2-200 50/100/200G 2-port 32G RAM 64G eMMC G2 DPU R4","Network","ESXi 9.1"," "
"Pensando Systems Inc","DSC2-200 50/100/200G 2-port 32G RAM 64G eMMC G2 DPU R5","Network","ESXi 9.1"," "
"Pensando Systems Inc","DSC2A-200 50/100/200G 2-port 32G RAM 64G eMMC G2 Services Card
 Management Controller","Network","ESXi 9.1"," "
"Pensando Systems Inc","DSC2A-200 50/100/200G 2-port 32G RAM 64G eMMC G2 Services Card
 Management Controller","Network","ESXi 9.1"," "
"Pensando Systems Inc","DSC-100V 50/100G 2-port 8G RAM 64G eMMC G1 Services Card
 Ethernet Controller","Network","ESXi 9.1"," "
"Pensando Systems Inc","Pensando DSP DSC-100 Ent 100Gb Card
 Ethernet Controller","Network","ESXi 9.1"," "
"Pensando Systems Inc","DSC-25 10/25G 2-port 4G RAM 8G eMMC G1 Services Card
 Ethernet Controller","Network","ESXi 9.1"," "
"Pensando Systems Inc","DSC-25-OCP 10/25G 2-port 4G RAM 8G eMMC G1 Services Card
 Ethernet Controller","Network","ESXi 9.1"," "
"Pensando Systems Inc","Pensando DSP DSC-25 Cld-SP 10/25Gb Card
 Ethernet Controller","Network","ESXi 9.1"," "
"Pensando Systems Inc","Pensando DSP DSC-25 Cld-SP OCP3 Card
 Ethernet Controller","Network","ESXi 9.1"," "
"Pensando Systems Inc","Pensando DSP DSC-100 Cld-SP 100Gb Card
 Ethernet Controller","Network","ESXi 9.1"," "
"Pensando Systems Inc","DSC-25 10/25G 2-port 4G RAM 8G eMMC G1 LoLatency Services Card
 Ethernet Controller","Network","ESXi 9.1"," "
"Pensando Systems Inc","Pensando DSC 4014 Card
 Ethernet Controller","Network","ESXi 9.1"," "
"Pensando Systems Inc","Pensando DSC 4015 Card
 Ethernet Controller","Network","ESXi 9.1"," "
"Pensando Systems Inc","Pensando DSC 4016 Card
 Ethernet Controller","Network","ESXi 9.1"," "
"Pensando Systems Inc","Pensando DSC 4017 Card
 Ethernet Controller","Network","ESXi 9.1"," "
"Pensando Systems Inc","Pensando DSC 4018 Card
 Ethernet Controller","Network","ESXi 9.1"," "
"Pensando Systems Inc","DSC2-200 50/100/200G 2-port 32G RAM 64G eMMC G2 Services Card
 Ethernet Controller","Network","ESXi 9.1"," "
"Pensando Systems Inc","Pensando DSC 5002 Elba Card
 Ethernet Controller","Network","ESXi 9.1"," "
"Pensando Systems Inc","DSC2-200 50/100/200G 2-port 32G RAM 64G eMMC G2 Services Card
 Ethernet Controller","Network","ESXi 9.1"," "
"Pensando Systems Inc","DSC-100 40/100G 2-port 8G RAM 8G eMMC G1 Services Card
 Management Controller","Network","ESXi 9.1"," "
"Pensando Systems Inc","DSC-100 40/100G 2-port 4G RAM 8G eMMC G1 Services Card
 Management Controller","Network","ESXi 9.1"," "
"Pensando Systems Inc","DSC-25 10/25G 2-port 4G RAM 8G eMMC G1 Services Card
 Management Controller","Network","ESXi 9.1"," "
"Pensando Systems Inc","DSC-25 10/25G 2-port 8G RAM 8G eMMC G1 Services Card
 Management Controller","Network","ESXi 9.1"," "
"Pensando Systems Inc","DSC-100V 40/100G 2-port 4G RAM 8G eMMC G1 Services Card
 Management Controller","Network","ESXi 9.1"," "
"Pensando Systems Inc","DSC-25-OCP 10/25G 2-port 4G RAM 8G eMMC G1 Services Card
 Management Controller","Network","ESXi 9.1"," "
"Pensando Systems Inc","DSP DSC-25 10/25G 2p SFP28 Card
 Management Controller","Network","ESXi 9.1"," "
"Pensando Systems Inc","DSC-100V 50/100G 2-port 8G RAM 64G eMMC G1 Services Card
 Management Controller","Network","ESXi 9.1"," "
"Pensando Systems Inc","DSC-25-OCP 10/25G 2-port 4G RAM 8G eMMC G1 Services Card
 Management Controller","Network","ESXi 9.1"," "
"Pensando Systems Inc","DSC-25 10/25G 2-port 4G RAM 8G eMMC G1 Services Card
 Management Controller","Network","ESXi 9.1"," "
"Pensando Systems Inc","Pensando DSP DSC-100 Ent 100Gb Card
 Management Controller","Network","ESXi 9.1"," "
"Pensando Systems Inc","DSC-25 10/25G 2-port 4G RAM 8G eMMC G1 Services Card
 Management Controller","Network","ESXi 9.1"," "
"Pensando Systems Inc","DSC-25-OCP 10/25G 2-port 4G RAM 8G eMMC G1 Services Card
 Management Controller","Network","ESXi 9.1"," "
"Pensando Systems Inc","Pensando DSP DSC-25 Cld-SP 10/25Gb Card
 Management Controller","Network","ESXi 9.1"," "
"Pensando Systems Inc","Pensando DSP DSC-25 Cld-SP OCP3 Card
 Management Controller","Network","ESXi 9.1"," "
"Pensando Systems Inc","Pensando DSP DSC-100 Cld-SP 100Gb Card
 Management Controller","Network","ESXi 9.1"," "
"Pensando Systems Inc","DSC-25 10/25G 2-port 4G RAM 8G eMMC G1 LoLatency Services Card
 Management Controller","Network","ESXi 9.1"," "
"Pensando Systems Inc","Pensando DSC 4014 Card
 Management Controller","Network","ESXi 9.1"," "
"Pensando Systems Inc","Pensando DSC 4015 Card
 Management Controller","Network","ESXi 9.1"," "
"Pensando Systems Inc","Pensando DSC 4016 Card
 Management Controller","Network","ESXi 9.1"," "
"Pensando Systems Inc","Pensando DSC 4017 Card
 Management Controller","Network","ESXi 9.1"," "
"Pensando Systems Inc","Pensando DSC 4018 Card
 Management Controller","Network","ESXi 9.1"," "
"Pensando Systems Inc","Pensando DSC 5001 Elba Card
 Management Controller","Network","ESXi 9.1"," "
"Pensando Systems Inc","Pensando DSC 5002 Elba Card
 Management Controller","Network","ESXi 9.1"," "
"Pensando Systems Inc","Pensando DSC 5003 Elba Card
 Management Controller","Network","ESXi 9.1"," "
"Pensando Systems Inc","Naples100/68-0003-02","Network","ESXi 9.1"," "
"Pensando Systems Inc","DSC1-2Q100-4V8P","Network","ESXi 9.1"," "
"Pensando Systems Inc","DSC1-2Q100-8V64P","Network","ESXi 9.1"," "
"Pensando Systems Inc","DSC1-2Q100-8F16P-H","Network","ESXi 9.1"," "
"Pensando Systems Inc","DSC1-2S25-4H8P-S","Network","ESXi 9.1"," "
"Pensando Systems Inc","DSC1-2S25-4P8P-DS","Network","ESXi 9.1"," "
"Pensando Systems Inc","DSC1-2S25-4H8P-HSC","Network","ESXi 9.1"," "
"Pensando Systems Inc","DSC1-2S25-4P8P-HSC","Network","ESXi 9.1"," "
"Pensando Systems Inc","DSC1-2Q100-8F16P-HC","Network","ESXi 9.1"," "
"Pensando Systems Inc","DSC1-2S25-4H8P-SL","Network","ESXi 9.1"," "
"Pensando Systems Inc","DSC1-2Q100-8F16P-D","Network","ESXi 9.1"," "
"Pensando Systems Inc","Pensando DSC 5000 Card
 Ethernet Controller","Network","ESXi 9.1"," "
"Pensando Systems Inc","DSC2-25 10/25G 2-port 16G RAM 64G eMMC G2 Services Card
 Ethernet Controller","Network","ESXi 9.1"," "
"Pensando Systems Inc","Pensando DSC-25 v2 10/25Gb 2p 16GB Card
 Ethernet Controller","Network","ESXi 9.1"," "
"Pensando Systems Inc","Pensando DSC-25 v2 100G 2p 32GB Spl Card
 Ethernet Controller","Network","ESXi 9.1"," "
"Pensando Systems Inc","DSC2-100 40/50/100G 2-port 32G RAM 64G eMMC G2 Services Card
 Ethernet Controller","DPU","ESXi 9.1"," "
"Pensando Systems Inc","Pensando DSC25v2 10/25G 2p 32GB Spl Card
 Ethernet Controller","DPU","ESXi 9.1"," "
"Pensando Systems Inc","DSC2-25 10/25G 2-port 32G RAM 64G eMMC G2 Services Card
 Ethernet Controller","DPU","ESXi 9.1"," "
"Pensando Systems Inc","Pensando DSC 5000 Card
 Management Controller","Network","ESXi 9.1"," "
"Pensando Systems Inc","DSC2-25 10/25G 2-port 16G RAM 64G eMMC G2 Services Card
 Management Controller","Network","ESXi 9.1"," "
"Pensando Systems Inc","Pensando DSC-25 v2 10/25Gb 2p 16GB Card
 Management Controller","Network","ESXi 9.1"," "
"Pensando Systems Inc","Pensando DSC-25 v2 100G 2p 32GB Spl Card
 Management Controller","Network","ESXi 9.1"," "
"Pensando Systems Inc","DSC2-100 40/50/100G 2-port 32G RAM 64G eMMC G2 Services Card
 Management Controller","Network","ESXi 9.1"," "
"Pensando Systems Inc","Pensando DSC25v2 10/25G 2p 32GB Spl Card
 Management Controller","Network","ESXi 9.1"," "
"Pensando Systems Inc","DSC2-25 10/25G 2-port 32G RAM 64G eMMC G2 Services Card
 Management Controller","Network","ESXi 9.1"," "
"PHISON","HPE Compute Edge Server 7.2TB NVMe Gen4 Mainstream Performance Mixed Use M.2 22110 XT PLP SSD","NVMe","ESXi 9.1"," "
"PHISON","EPM-5970 PASCARI X100P","NVMe","ESXi 9.1"," "
"PHISON","Seagate Nytro 5060 NVMe SSD","NVMe","ESXi 9.1"," "
"QLogic","QLE2692","FC","ESXi 9.1"," "
"QLogic","QLE2690","FC","ESXi 9.1"," "
"QLogic","QLE2742","FC","ESXi 9.1"," "
"QLogic","QLE2740","FC","ESXi 9.1"," "
"QLogic","QLE2764","FC","ESXi 9.1"," "
"QLogic","QLogic FastLinQ QL41262H 25GbE Adapter","iSCSI","ESXi 9.1","Restricted"
"QLogic","QLogic FastLinQ QL41262H 25GbE Adapter","FCoE CNAs","ESXi 9.1","Restricted"
"QLogic","QLE2690M Single Port 16Gb Fibre Channel to PCIe Adapter","FC","ESXi 9.1"," "
"QLogic","QLE2692M Dual Port 16Gb Fibre Channel to PCIe Adapter","FC","ESXi 9.1"," "
"QLogic","QLE2740M Single Port 32Gb Fibre Channel to PCIe Adapter","FC","ESXi 9.1"," "
"QLogic","QLE2742M Dual Port 32Gb Fibre Channel to PCIe Adapter","FC","ESXi 9.1"," "
"QLogic","QLogic 57712 10 Gigabit Ethernet Adapter","Network","ESXi 9.1"," "
"QLogic","2700 Series 16/32Gb Fibre Channel to PCI Express HBA","FC","ESXi 9.1"," "
"QLogic","2700 Series 16/32Gb Fibre Channel to PCI Express HBA","FC","ESXi 9.1"," "
"QLogic","2700 Series 16/32Gb Fibre Channel to PCI Express HBA","FC","ESXi 9.1"," "
"QLogic","QLE2764 Quad Port 32Gb Fibre Channel to PCIe Adapter","FC","ESXi 9.1"," "
"QLogic","QLE2684 Quad Port 16Gb Fibre Channel to PCIe Adapter","FC","ESXi 9.1"," "
"QLogic","QMH2684 Quad Port 16Gb Fibre Channel to PCIe Adapter","FC","ESXi 9.1"," "
"QLogic","QLE2694 Quad Port 16Gb Fibre Channel to PCIe Adapter","FC","ESXi 9.1"," "
"QLogic","QLE2694L Quad Port 16Gb Fibre Channel to PCIe Adapter","FC","ESXi 9.1"," "
"QLogic","QLE2684L Quad Port 16Gb Fibre Channel to PCIe Adapter","FC","ESXi 9.1"," "
"QLogic","QLogic FastLinQ QL41xxx 10/25/40/50 GbE Ethernet Adapter","Network","ESXi 9.1","Restricted"
"QLogic","QLE2690 Single Port 16Gb Fibre Channel to PCIe Adapter","FC","ESXi 9.1"," "
"QLogic","QLE2692 Dual Port 16Gb Fibre Channel to PCIe Adapter","FC","ESXi 9.1"," "
"QLogic","QLE2740 Single Port 32Gb Fibre Channel to PCIe Adapter","FC","ESXi 9.1"," "
"QLogic","QLE2742 Dual Port 32Gb Fibre Channel to PCIe Adapter","FC","ESXi 9.1"," "
"QLogic","QLE2690 Single Port 16Gb Fibre Channel to PCIe Adapter","FC","ESXi 9.1"," "
"QLogic","QLE2692 Dual Port 16Gb Fibre Channel to PCIe Adapter","FC","ESXi 9.1"," "
"QLogic","QLE2690 Single Port 16Gb Fibre Channel to PCIe Adapter","FC","ESXi 9.1"," "
"QLogic","QLE2692 Dual Port 16Gb Fibre Channel to PCIe Adapter","FC","ESXi 9.1"," "
"QLogic","QLE2740 Single Port 32Gb Fibre Channel to PCIe Adapter","FC","ESXi 9.1"," "
"QLogic","QLE2742 Dual Port 32Gb Fibre Channel to PCIe Adapter","FC","ESXi 9.1"," "
"QLogic","QML2692 Dual Port 16Gb Fibre Channel to PCIe Adapter","FC","ESXi 9.1"," "
"QLogic","QMP2692 Dual Port 16Gb Fibre Channel to PCIe Adapter","FC","ESXi 9.1"," "
"QLogic","QME2692 Dual Port 16Gb Fibre Channel to PCIe Adapter","FC","ESXi 9.1"," "
"QLogic","QME2742 Dual Port 32Gb Fibre Channel to PCIe Adapter","FC","ESXi 9.1"," "
"QLogic","QLE2690 Single Port 16Gb Fibre Channel to PCIe Adapter","FC","ESXi 9.1"," "
"QLogic","QLE2692 Dual Port 16Gb Fibre Channel to PCIe Adapter","FC","ESXi 9.1"," "
"QLogic","SN1600Q Single Port 32Gb Fibre Channel to PCIe Adapter","FC","ESXi 9.1"," "
"QLogic","SN1600Q Dual Port 32Gb Fibre Channel to PCIe Adapter","FC","ESXi 9.1"," "
"QLogic","QLE2774 Quad Port 32GFC PCIe Gen4 x16 Adapter","FC","ESXi 9.1"," "
"QLogic","SN1610Q - 1P Enhanced 32GFC Single Port Fibre Channel Host Bus Adapter","FC","ESXi 9.1"," "
"QLogic","SN1610Q - 2P Enhanced 32GFC Dual Port Fibre Channel Host Bus Adapter","FC","ESXi 9.1"," "
"QLogic","QLE2872 Dual Port 64GFC PCIe Gen4 x8 Adapter","FC","ESXi 9.1"," "
"QLogic","QLE2870 Single Port 64GFC PCIe Gen4 x8 Adapter","FC","ESXi 9.1"," "
"QLogic","QLE2742-CSC","FC","ESXi 9.1"," "
"QLogic","2700 Series 16/32Gb Fibre Channel to PCIe Adapter","FC","ESXi 9.1"," "
"QLogic","2800 Series 32G / 64G Fibre Channel to PCIe Adapter","FC","ESXi 9.1"," "
"QLogic","2800 Series 32G / 64G Fibre Channel to PCIe Adapter","FC","ESXi 9.1"," "
"QLogic","2800 Series 32G / 64G Fibre Channel to PCIe Adapter","FC","ESXi 9.1"," "
"QLogic","2800 Series 32G / 64G Fibre Channel to PCIe Adapter","FC","ESXi 9.1"," "
"QLogic","QLE2694","FC","ESXi 9.1"," "
"QLogic","QLE2694L","FC","ESXi 9.1"," "
"QLogic","QLE2694U","FC","ESXi 9.1"," "
"QLogic","QLE2770 Single Port 32GFC PCIe Gen4 x8 Adapter","FC","ESXi 9.1"," "
"QLogic","QLE2772 Dual Port 32GFC PCIe Gen4 x8 Adapter","FC","ESXi 9.1"," "
"QLogic","QLE2774 Quad Port 32GFC PCIe Gen4 x16 Adapter","FC","ESXi 9.1"," "
"QLogic","QLE2874 Quad Port 64GFC PCIe Gen4 x16 Adapter","FC","ESXi 9.1"," "
"Quanta Computer Inc.","QS-3216","SAS","ESXi 9.1"," "
"Quanta Computer Inc.","ON 25GbE ConnectX-4 LX EN Dual port","Network","ESXi 9.1"," "
"Quanta Computer Inc.","Quanta 3008A","SAS","ESXi 9.1"," "
"Quanta Computer Inc.","Quanta SAS 3108 mezz PD-32 /w JBOD Mode","SAS","ESXi 9.1"," "
"Quanta Computer Inc.","Quanta QS-8204-8i","SAS","ESXi 9.1"," "
"Quanta Computer Inc.","Quanta QS-8238-16i","SAS","ESXi 9.1"," "
"Quanta Computer Inc.","Quanta QS-8236-16i","SAS","ESXi 9.1"," "
"Quanta Computer Inc.","Quanta QS-8240-24i","SAS","ESXi 9.1"," "
"Quanta Computer Inc.","Quanta QS-8242-24i","SAS","ESXi 9.1"," "
"Quanta Computer Inc.","QS-3516B-R6-PD32","SAS","ESXi 9.1"," "
"Quanta Computer Inc.","QS-3516B-R6-PD32 /w JBOD Mode","SAS","ESXi 9.1"," "
"Quanta Computer Inc.","Quanta 3816B","SAS-SATA-NVME Tri-mode","ESXi 9.1"," "
"Quanta Computer Inc.","Quanta 3916B","SAS-SATA-NVME Tri-mode","ESXi 9.1"," "
"Quanta Computer Inc.","Quanta QS-8204-8i Controller","SAS","ESXi 9.1"," "
"Quanta Computer Inc.","ON 10GbE X550","Network","ESXi 9.1"," "
"Quanta Computer Inc.","Quanta 3008","SAS","ESXi 9.1"," "
"Quanta Computer Inc.","Quanta SAS 3108 mezz PD-32 for RAID 5","SAS-RAID","ESXi 9.1"," "
"Quanta Computer Inc.","Quanta SAS 3108 mezz PD-32 for Raid 6","SAS-RAID","ESXi 9.1"," "
"Quanta Computer Inc.","Quanta SAS 3108 mezz PD-240 for RAID 6","SAS-RAID","ESXi 9.1"," "
"Quanta Computer Inc.","Quanta SAS 3108","SAS-RAID","ESXi 9.1"," "
"Quanta Computer Inc.","ON 10GbE X557-T2","Network","ESXi 9.1"," "
"Quanta Computer Inc.","ON 25GbE CX4 LX EN Dual port","Network","ESXi 9.1"," "
"Quanta Computer Inc.","QS-3216","SAS","ESXi 9.1"," "
"Quanta Computer Inc.","Quanta 3816A","SAS-SATA-NVME Tri-mode","ESXi 9.1"," "
"Quanta Computer Inc.","ON 1GbE I350","Network","ESXi 9.1"," "
"SAMSUNG ELECTRONICS CO.,LTD","HPE 1.92TB NVMe x4 RI SFF SCN U.3 DS SSD","NVMe","ESXi 9.1"," "
"SAMSUNG ELECTRONICS CO.,LTD","HPE 1.6TB NVMe x8 MU HH DS Card","NVMe","ESXi 9.1"," "
"SAMSUNG ELECTRONICS CO.,LTD","Samsung NVMe SSD PM1743 Series MZ3LO1T9HCJR-00A07(1.92TB
 E3.S)","NVMe","ESXi 9.1"," "
"SAMSUNG ELECTRONICS CO.,LTD","Samsung NVMe SSD PM1743 Series MZ3LO3T8HCJR-00A07(3.84TB
 E3.S)","NVMe","ESXi 9.1"," "
"SAMSUNG ELECTRONICS CO.,LTD","Samsung NVMe SSD PM1743 Series MZ3LO7T6HBLT-00A07(7.68TB
 E3.S)","NVMe","ESXi 9.1"," "
"SAMSUNG ELECTRONICS CO.,LTD","Samsung NVMe SSD PM1743 Series MZ3LO15THBLA-00A07(15.36TB
E3.S)","NVMe","ESXi 9.1"," "
"SAMSUNG ELECTRONICS CO.,LTD","Samsung NVMe SSD PM1725a Series MZWLL800HEHP-00003 (800GB 2.5-inch)","NVMe","ESXi 9.1"," "
"SAMSUNG ELECTRONICS CO.,LTD","Samsung NVMe SSD PM1725a Series MZWLL1T6HEHP-00003 (1.6TB 2.5-inch)","NVMe","ESXi 9.1"," "
"SAMSUNG ELECTRONICS CO.,LTD","Samsung NVMe SSD PM1743 Series MZWLO1T9HCJR-00A07(1.92TB
 2.5-inch)","NVMe","ESXi 9.1"," "
"SAMSUNG ELECTRONICS CO.,LTD","Samsung NVMe SSD PM1743 Series MZWLO3T8HCLS-00A07(3.84TB
 2.5-inch)","NVMe","ESXi 9.1"," "
"SAMSUNG ELECTRONICS CO.,LTD","Samsung NVMe SSD PM1725a Series MZWLL3T2HMJP-00003 (3.2TB 2.5-inch)","NVMe","ESXi 9.1"," "
"SAMSUNG ELECTRONICS CO.,LTD","Samsung NVMe SSD PM1743 Series MZWLO7T6HBLA-00A07(7.68TB
 2.5-inch)","NVMe","ESXi 9.1"," "
"SAMSUNG ELECTRONICS CO.,LTD","Samsung NVMe SSD PM1743 Series MZWLO15THBLA-00A07(15.36TB
 2.5-inch)","NVMe","ESXi 9.1"," "
"SAMSUNG ELECTRONICS CO.,LTD","Samsung NVMe SSD PM1725a Series MZWLL6T4HMLS-00003 (6.4TB 2.5-inch)","NVMe","ESXi 9.1"," "
"SAMSUNG ELECTRONICS CO.,LTD","Samsung NVMe SSD PM1725a Series MZPLL1T6HEHP-00003 (1.6TB HHHL)","NVMe","ESXi 9.1"," "
"SAMSUNG ELECTRONICS CO.,LTD","Samsung NVMe SSD PM1725a Series MZPLL3T2HMLS-00003 (3.2TB HHHL)","NVMe","ESXi 9.1"," "
"SAMSUNG ELECTRONICS CO.,LTD","Samsung NVMe SSD PM1725a Series MZPLL6T4HMLS-00003 (6.4TB HHHL)","NVMe","ESXi 9.1"," "
"SAMSUNG ELECTRONICS CO.,LTD","HPE 960GB NVMe x4 RI SFF SCN U.3 SSD","NVMe","ESXi 9.1"," "
"SAMSUNG ELECTRONICS CO.,LTD","Samsung NVMe SSD PM1743 Series MZWLO1T9HCJR-00B07(1.92TB
 2.5-inch)","NVMe","ESXi 9.1"," "
"SAMSUNG ELECTRONICS CO.,LTD","Samsung NVMe SSD PM1743 Series MZWLO3T8HCLS-00B07(3.84TB
 2.5-inch)","NVMe","ESXi 9.1"," "
"SAMSUNG ELECTRONICS CO.,LTD","Samsung NVMe SSD PM1743 Series MZWLO7T6HBLA-00B07(7.68TB
 2.5-inch)","NVMe","ESXi 9.1"," "
"SAMSUNG ELECTRONICS CO.,LTD","Samsung NVMe SSD PM1743 Series MZWLO15THBLA-00B07(15.36TB
 2.5-inch)","NVMe","ESXi 9.1"," "
"SAMSUNG ELECTRONICS CO.,LTD","Samsung NVMe SSD PM1743 Series MZ3LO1T9HCJR-00B07(1.92TB
 E3.S)","NVMe","ESXi 9.1"," "
"SAMSUNG ELECTRONICS CO.,LTD","Samsung NVMe SSD PM1743 Series MZ3LO3T8HCJR-00B07(3.84TB
 E3.S)","NVMe","ESXi 9.1"," "
"SAMSUNG ELECTRONICS CO.,LTD","Samsung NVMe SSD PM1743 Series MZ3LO7T6HBLT-00B07(7.68TB
 E3.S)","NVMe","ESXi 9.1"," "
"SAMSUNG ELECTRONICS CO.,LTD","Samsung NVMe SSD PM1743 Series MZ3LO15THBLA-00B07(15.36TB
E3.S)","NVMe","ESXi 9.1"," "
"SAMSUNG ELECTRONICS CO.,LTD","Samsung NVMe SSD PM9A3 Series MZQL2960HCJR-00B7C (960GB
 2.5-inch)","NVMe","ESXi 9.1"," "
"SAMSUNG ELECTRONICS CO.,LTD","Samsung NVMe SSD PM9A3 Series MZQL21T9HCJR-00B7C (1.92TB
 2.5-inch)","NVMe","ESXi 9.1"," "
"SAMSUNG ELECTRONICS CO.,LTD","Samsung NVMe SSD PM9A3 Series MZQL23T8HCLS-00B7C (3.84TB
 2.5-inch)","NVMe","ESXi 9.1"," "
"SAMSUNG ELECTRONICS CO.,LTD","Samsung NVMe SSD PM9A3 Series MZQL27T6HBLA-00B7C (7.68TB
 2.5-inch)","NVMe","ESXi 9.1"," "
"SAMSUNG ELECTRONICS CO.,LTD","Samsung NVMe SSD PM9A3 Series MZQL215THBLA-00A07 (15.36TB
 2.5-inch)","NVMe","ESXi 9.1"," "
"SAMSUNG ELECTRONICS CO.,LTD","Samsung NVMe SSD PM9A3 Series MZ1L2960HCJR-00A07 (960GB
 M.2)","NVMe","ESXi 9.1"," "
"SAMSUNG ELECTRONICS CO.,LTD","Samsung NVMe SSD PM9A3 Series MZ1L21T9HCLS-00A07 (1.92TB
 M.2)","NVMe","ESXi 9.1"," "
"SAMSUNG ELECTRONICS CO.,LTD","Samsung NVMe SSD PM9A3 Series MZ1L23T8HBLA-00A07 (3.84TB
 M.2)","NVMe","ESXi 9.1"," "
"SAMSUNG ELECTRONICS CO.,LTD","Samsung NVMe SSD PM1733 Series MZWLJ3T8HBLS-00007 (3.84TB
 2.5-inch)","NVMe","ESXi 9.1"," "
"SAMSUNG ELECTRONICS CO.,LTD","Samsung NVMe SSD PM1733 Series MZWLJ7T6HALA-00007 (7.68TB
 2.5-inch)","NVMe","ESXi 9.1"," "
"SAMSUNG ELECTRONICS CO.,LTD","Samsung NVMe SSD PM1733 Series MZWLJ15THALA-00007 (15.36TB
 2.5-inch)","NVMe","ESXi 9.1"," "
"SAMSUNG ELECTRONICS CO.,LTD","Samsung NVMe SSD PM1735 Series MZPLJ1T6HBJR-00007 (1.6TB
 HHHL)","NVMe","ESXi 9.1"," "
"SAMSUNG ELECTRONICS CO.,LTD","Samsung NVMe SSD PM1735 Series MZPLJ3T2HBJR-00007 (3.2TB
 HHHL)","NVMe","ESXi 9.1"," "
"SAMSUNG ELECTRONICS CO.,LTD","Samsung NVMe SSD PM1735 Series MZPLJ6T4HALA-00007 (6.4TB
 HHHL)","NVMe","ESXi 9.1"," "
"SAMSUNG ELECTRONICS CO.,LTD","Samsung NVMe SSD PM1735 Series MZPLJ12THALA-00007 (12.8TB
 HHHL)","NVMe","ESXi 9.1"," "
"SAMSUNG ELECTRONICS CO.,LTD","HPE EL 960GB NVMe MU M.2 22110 PM9A3 SSD","NVMe","ESXi 9.1"," "
"SAMSUNG ELECTRONICS CO.,LTD","HPE EL 960GB NVMe MU M.2 22110 PM9A3 SSD","NVMe","ESXi 9.1"," "
"SAMSUNG ELECTRONICS CO.,LTD","HPE EL 3.84TB NVMe MU M.2 22110 PM9A3 SSD","NVMe","ESXi 9.1"," "
"SAMSUNG ELECTRONICS CO.,LTD","HPE 1.6TB PCIe x8 MU HH DS Card","NVMe","ESXi 9.1"," "
"SAMSUNG ELECTRONICS CO.,LTD","Samsung NVMe SSD PM9A3 series MZ1L2960HCJR-00AMV (960GB
 M.2)","NVMe","ESXi 9.1"," "
"SAMSUNG ELECTRONICS CO.,LTD","Samsung NVMe SSD PM9A3 series MZ1L21T9HCLS-00AMV (1920GB
 M.2)","NVMe","ESXi 9.1"," "
"SAMSUNG ELECTRONICS CO.,LTD","Samsung NVMe SSD PM9A3 series MZ1L23T8HBLA-00AMV (3840GB
 M.2)","NVMe","ESXi 9.1"," "
"SAMSUNG ELECTRONICS CO.,LTD","Samsung NVMe XS1715 800GB MZWEI800HAGM","NVMe","ESXi 9.1"," "
"SAMSUNG ELECTRONICS CO.,LTD","Samsung 1725 PCIe SSD Controller","NVMe","ESXi 9.1"," "
"SAMSUNG ELECTRONICS CO.,LTD","Samsung NVMe XS1715 400GB MZWEI400HMGP","NVMe","ESXi 9.1"," "
"SAMSUNG ELECTRONICS CO.,LTD","Dell Express Flash NVMe PM1725 3.2TB PCIe SSD Controller","NVMe","ESXi 9.1"," "
"SAMSUNG ELECTRONICS CO.,LTD","Samsung NVMe XS1715 1.6TB MZWEI1T6HAGP","NVMe","ESXi 9.1"," "
"SAMSUNG ELECTRONICS CO.,LTD","Dell Express Flash NVMe PM1725 3.2TB PCIe HHHL SSD Controller","NVMe","ESXi 9.1"," "
"SAMSUNG ELECTRONICS CO.,LTD","Dell Express Flash NVMe PM1725 6.4TB PCIe HHHL SSD Controller","NVMe","ESXi 9.1"," "
"SAMSUNG ELECTRONICS CO.,LTD","Samsung NVMe SM1725 800GB PCIe SSD Controller","NVMe","ESXi 9.1"," "
"SAMSUNG ELECTRONICS CO.,LTD","Samsung NVMe SM1725 1.6TB PCIe SSD Controller","NVMe","ESXi 9.1"," "
"SAMSUNG ELECTRONICS CO.,LTD","Samsung NVMe SM1725 3.2TB PCIe SSD Controller","NVMe","ESXi 9.1"," "
"SAMSUNG ELECTRONICS CO.,LTD","Samsung NVMe SM1725 6.4TB PCIe SSD Controller","NVMe","ESXi 9.1"," "
"SAMSUNG ELECTRONICS CO.,LTD","Samsung NVMe SM1725 3.2TB PCIe HHHL SSD Controller","NVMe","ESXi 9.1"," "
"SAMSUNG ELECTRONICS CO.,LTD","Samsung NVMe SM1725 6.4TB PCIe HHHL SSD Controller","NVMe","ESXi 9.1"," "
"SAMSUNG ELECTRONICS CO.,LTD","Samsung PM9A5 MZQL21T6HCJR-00A07 1.6TB U.2","NVMe","ESXi 9.1"," "
"SAMSUNG ELECTRONICS CO.,LTD","Samsung PM9A5 MZQL23T2HCLS-00A07 3.2TB U.2","NVMe","ESXi 9.1"," "
"SAMSUNG ELECTRONICS CO.,LTD","Samsung PM9A5 MZQL26T4HBLA-00A07 6.4TB U.2","NVMe","ESXi 9.1"," "
"SAMSUNG ELECTRONICS CO.,LTD","Samsung NVMe SSD PM1725a Series MZPLL800HMHQ-00003 (800GB
 HHHL)","NVMe","ESXi 9.1"," "
"SAMSUNG ELECTRONICS CO.,LTD","Samsung NVMe SM1725 12.8TB PCIe HHHL SSD Controller","NVMe","ESXi 9.1"," "
"SAMSUNG ELECTRONICS CO.,LTD","Samsung NVMe SSD PM1745 Series MZ3LO1T6HCJR-00A07(1.6TB
 E3.S)","NVMe","ESXi 9.1"," "
"SAMSUNG ELECTRONICS CO.,LTD","Samsung NVMe SSD PM1745 Series MZ3LO3T2HCJR-00A07(3.2TB
 E3.S)","NVMe","ESXi 9.1"," "
"SAMSUNG ELECTRONICS CO.,LTD","Samsung NVMe SSD PM1745 Series MZ3LO6T4HBLT-00A07(6.4TB
 E3.S)","NVMe","ESXi 9.1"," "
"SAMSUNG ELECTRONICS CO.,LTD","Samsung NVMe SSD PM1745 Series MZ3LO12THBLA-00A07(12.8TB
E3.S)","NVMe","ESXi 9.1"," "
"SAMSUNG ELECTRONICS CO.,LTD","Samsung NVMe SSD PM1745 Series MZWLO1T6HCJR-00A07(1.6TB
 2.5-inch)","NVMe","ESXi 9.1"," "
"SAMSUNG ELECTRONICS CO.,LTD","Samsung NVMe SSD PM1745 Series MZWLO3T2HCLS-00A07(3.2TB
 2.5-inch)","NVMe","ESXi 9.1"," "
"SAMSUNG ELECTRONICS CO.,LTD","Samsung NVMe SSD PM1745 Series MZWLO6T4HBLA-00A07(6.4TB
 2.5-inch)","NVMe","ESXi 9.1"," "
"SAMSUNG ELECTRONICS CO.,LTD","Samsung NVMe SSD PM1745 Series MZWLO12THBLA-00A07(12.8TB
 2.5-inch)","NVMe","ESXi 9.1"," "
"SAMSUNG ELECTRONICS CO.,LTD","PM1725 SSD 3.2TB 2.5”","NVMe","ESXi 9.1"," "
"SAMSUNG ELECTRONICS CO.,LTD","PM1725 SSD 3.2TB AIC","NVMe","ESXi 9.1"," "
"SAMSUNG ELECTRONICS CO.,LTD","Samsung NVMe SSD PM9D3a Series MZWL6960HFJA-00AW7/BW7(960GB
 2.5-inch)","NVMe","ESXi 9.1"," "
"SAMSUNG ELECTRONICS CO.,LTD","Samsung NVMe SSD PM9D3a Series MZWL61T9HFLT-00AW7/BW7(1.92TB
 2.5-inch)","NVMe","ESXi 9.1"," "
"SAMSUNG ELECTRONICS CO.,LTD","Samsung NVMe SSD PM9D3a Series MZWL63T8HFLT-00AW7/BW7(3.84TB
 2.5-inch)","NVMe","ESXi 9.1"," "
"SAMSUNG ELECTRONICS CO.,LTD","Samsung NVMe SSD PM9D3a Series MZWL67T6HBLC-00AW7/BW7(7.68TB
 2.5-inch)","NVMe","ESXi 9.1"," "
"SAMSUNG ELECTRONICS CO.,LTD","Samsung NVMe SSD PM9D3a Series MZWL615THBLF-00AW7/BW7(15.36TB
 2.5-inch)","NVMe","ESXi 9.1"," "
"SAMSUNG ELECTRONICS CO.,LTD","Samsung NVMe SSD PM9D3a Series MZWL630THBLF-00AW7/BW7(30TB
 2.5-inch)","NVMe","ESXi 9.1"," "
"SAMSUNG ELECTRONICS CO.,LTD","Samsung NVMe SSD PM9D5a Series MZWL6800HFJA-00AW7(800GB
 2.5-inch)","NVMe","ESXi 9.1"," "
"SAMSUNG ELECTRONICS CO.,LTD","Samsung NVMe SSD PM9D5a Series MZWL61T6HFLT-00AW7(1.6TB
 2.5-inch)","NVMe","ESXi 9.1"," "
"SAMSUNG ELECTRONICS CO.,LTD","Samsung NVMe SSD PM9D5a Series MZWL63T2HFLT-00AW7(3.2TB
 2.5-inch)","NVMe","ESXi 9.1"," "
"SAMSUNG ELECTRONICS CO.,LTD","Samsung NVMe SSD PM9D5a Series MZWL66T4HBLC-00AW7(6.4TB
 2.5-inch)","NVMe","ESXi 9.1"," "
"SAMSUNG ELECTRONICS CO.,LTD","Samsung NVMe SSD PM9D5a Series MZWL612THBLF-00AW7(12.8TB
 2.5-inch)","NVMe","ESXi 9.1"," "
"SAMSUNG ELECTRONICS CO.,LTD","Samsung NVMe SSD PM9D5a Series MZWL625THBLF-00AW7(25.6TB
 2.5-inch)","NVMe","ESXi 9.1"," "
"SAMSUNG ELECTRONICS CO.,LTD","Samsung NVMe SSD PM9D3a Series MZWL6960HFJA-00B07(960GB
 2.5-inch)","NVMe","ESXi 9.1"," "
"SAMSUNG ELECTRONICS CO.,LTD","Samsung NVMe SSD PM9D3a Series MZWL61T9HFLT-00B07(1.92TB
 2.5-inch)","NVMe","ESXi 9.1"," "
"SAMSUNG ELECTRONICS CO.,LTD","Samsung NVMe SSD PM9D3a Series MZWL63T8HFLT-00B07(3.84TB
 2.5-inch)","NVMe","ESXi 9.1"," "
"SAMSUNG ELECTRONICS CO.,LTD","Samsung NVMe SSD PM9D3a Series MZWL67T6HBLC-00B07(7.68TB
 2.5-inch)","NVMe","ESXi 9.1"," "
"SAMSUNG ELECTRONICS CO.,LTD","Samsung NVMe SSD PM9D3a Series MZWL615THBLF-00B07(15.36TB
 2.5-inch)","NVMe","ESXi 9.1"," "
"SAMSUNG ELECTRONICS CO.,LTD","Samsung NVMe SSD PM9D3a Series MZ3L61T9HFLT-00AW7 (1.92TB
 E3.S 1T)","NVMe","ESXi 9.1"," "
"SAMSUNG ELECTRONICS CO.,LTD","Samsung NVMe SSD PM9D3a Series MZ3L63T8HFLT-00AW7 (3.84TB
 E3.S 1T)","NVMe","ESXi 9.1"," "
"SAMSUNG ELECTRONICS CO.,LTD","Samsung NVMe SSD PM9D3a Series MZ3L67T6HBLC-00AW7 (7.68TB
 E3.S 1T)","NVMe","ESXi 9.1"," "
"SAMSUNG ELECTRONICS CO.,LTD","Samsung NVMe SSD PM9D3a Series MZ3L615THBLF-00AW7 (15.36TB
 E3.S 1T)","NVMe","ESXi 9.1"," "
"SAMSUNG ELECTRONICS CO.,LTD","Samsung NVMe SSD PM1733 Series MZWLJ1T9HBJR-0007C (1.92TB
 2.5-inch)","NVMe","ESXi 9.1"," "
"SAMSUNG ELECTRONICS CO.,LTD","Samsung NVMe SSD PM1733 Series MZWLJ3T8HBLS-0007C (3.84TB
 2.5-inch)","NVMe","ESXi 9.1"," "
"SAMSUNG ELECTRONICS CO.,LTD","Samsung NVMe SSD PM1733 Series MZWLJ7T6HALA-0007C (7.68TB
 2.5-inch)","NVMe","ESXi 9.1"," "
"SAMSUNG ELECTRONICS CO.,LTD","Samsung NVMe SSD PM1733 Series MZWLJ15THALA-0007C (15.36TB
 2.5-inch)","NVMe","ESXi 9.1"," "
"SAMSUNG ELECTRONICS CO.,LTD","Samsung NVMe SSD PM9A3 Series MZQL2960HCJR-00A07 (960GB
 2.5-inch)","NVMe","ESXi 9.1"," "
"SAMSUNG ELECTRONICS CO.,LTD","Samsung NVMe SSD PM9A3 Series MZQL21T9HCJR-00A07 (1.92TB
 2.5-inch)","NVMe","ESXi 9.1"," "
"SAMSUNG ELECTRONICS CO.,LTD","Samsung NVMe SSD PM9A3 Series MZQL23T8HCLS-00A07 (3.84TB
 2.5-inch)","NVMe","ESXi 9.1"," "
"SAMSUNG ELECTRONICS CO.,LTD","Samsung NVMe SSD PM9A3 Series MZQL27T6HBLA-00A07 (7.68TB
 2.5-inch)","NVMe","ESXi 9.1"," "
"SAMSUNG ELECTRONICS CO.,LTD","Samsung NVMe SSD PM9A3 Series MZQL2960HCJR-00B7C (960GB
 2.5-inch)","NVMe","ESXi 9.1"," "
"SAMSUNG ELECTRONICS CO.,LTD","Samsung NVMe SSD PM9A3 Series MZQL21T9HCJR-00B7C (1.92TB
 2.5-inch)","NVMe","ESXi 9.1"," "
"SAMSUNG ELECTRONICS CO.,LTD","Samsung NVMe SSD PM9A3 Series MZQL23T8HCLS-00B7C (3.84TB
 2.5-inch)","NVMe","ESXi 9.1"," "
"SAMSUNG ELECTRONICS CO.,LTD","Samsung NVMe SSD PM9A3 Series MZQL27T6HBLA-00B7C (7.68TB
 2.5-inch)","NVMe","ESXi 9.1"," "
"SAMSUNG ELECTRONICS CO.,LTD","Samsung NVMe SSD PM983 Series (960GB
 M.2)","NVMe","ESXi 9.1"," "
"SAMSUNG ELECTRONICS CO.,LTD","Samsung NVMe SSD PM983 Series (1.92TB
 M.2)","NVMe","ESXi 9.1"," "
"SAMSUNG ELECTRONICS CO.,LTD","Samsung NVMe SSD PM983 Series (3.84TB
 M.2)","NVMe","ESXi 9.1"," "
"SAMSUNG ELECTRONICS CO.,LTD","Samsung NVMe SSD SM1715 Series MZWKI3T2HMJM (3.2TB
 2.5-inch)","NVMe","ESXi 9.1"," "
"SAMSUNG ELECTRONICS CO.,LTD","Samsung NVMe SSD SM1715 Series MZWKI3T2HMJM (3.2TB
 HHHL)","NVMe","ESXi 9.1"," "
"SAMSUNG ELECTRONICS CO.,LTD","Samsung NVMe SSD PM9A3 Series MZ1L2960HCJR-00A07 (960GB
 M.2)","NVMe","ESXi 9.1"," "
"SAMSUNG ELECTRONICS CO.,LTD","Samsung NVMe SSD PM9A3 Series MZ1L21T9HCLS-00A07 (1.92TB
 M.2)","NVMe","ESXi 9.1"," "
"SAMSUNG ELECTRONICS CO.,LTD","Samsung NVMe SSD PM9A3 Series MZ1L23T8HBLA-00A07 (3.84TB
 M.2)","NVMe","ESXi 9.1"," "
"SAMSUNG ELECTRONICS CO.,LTD","Samsung NVMe SSD SM1715 Series MZWKI800HMHP (800GB
 2.5-inch)","NVMe","ESXi 9.1"," "
"SAMSUNG ELECTRONICS CO.,LTD","Samsung NVMe SSD SM1715 Series MZWKI1T6HMHP (1.6TB
 2.5-inch)","NVMe","ESXi 9.1"," "
"SAMSUNG ELECTRONICS CO.,LTD","Samsung NVMe SSD SM1715 Series MZWKI1T6HMHP (1.6TB
 HHHL)","NVMe","ESXi 9.1"," "
"SAMSUNG ELECTRONICS CO.,LTD","Dell Express Flash NVMe SM1715 800 GB PCIe SSD Controller","NVMe","ESXi 9.1"," "
"SAMSUNG ELECTRONICS CO.,LTD","Dell Express Flash NVMe SM1715 1.6 TB PCIe SSD Controller","NVMe","ESXi 9.1"," "
"SAMSUNG ELECTRONICS CO.,LTD","Dell Express Flash NVMe SM1715 3.2 TB PCIe SSD Controller","NVMe","ESXi 9.1"," "
"SAMSUNG ELECTRONICS CO.,LTD","Dell Express Flash NVMe SM1715 1.6 TB PCIe SSD Adapter by Samsung","NVMe","ESXi 9.1"," "
"SAMSUNG ELECTRONICS CO.,LTD","Dell Express Flash NVMe SM1715 3.2 TB PCIe SSD Adapter by Samsung","NVMe","ESXi 9.1"," "
"SAMSUNG ELECTRONICS CO.,LTD","Samsung NVMe SSD PM1733a Series MZWLR1T9HCJR-00A07 (1.92TB
 2.5-inch)","NVMe","ESXi 9.1"," "
"SAMSUNG ELECTRONICS CO.,LTD","Samsung NVMe SSD PM1733a Series MZWLR3T8HCLS-00A07 (3.84TB
 2.5-inch)","NVMe","ESXi 9.1"," "
"SAMSUNG ELECTRONICS CO.,LTD","Samsung NVMe SSD PM1733a Series MZWLR7T6HBLA-00A07 (7.68TB
 2.5-inch)","NVMe","ESXi 9.1"," "
"SAMSUNG ELECTRONICS CO.,LTD","Samsung NVMe SSD PM1733a Series MZWLR15THBLA-00A07 (15.36TB
 2.5-inch)","NVMe","ESXi 9.1"," "
"SAMSUNG ELECTRONICS CO.,LTD","Samsung NVMe SSD PM1733a Series MZWLR30THBLA-00A07 (30.72TB
 2.5-inch)","NVMe","ESXi 9.1"," "
"SAMSUNG ELECTRONICS CO.,LTD","Samsung NVMe SSD PM983 Series MZQLB960HAJR-00007(960GB
 2.5-inch)","NVMe","ESXi 9.1"," "
"SAMSUNG ELECTRONICS CO.,LTD","Samsung NVMe SSD PM983 Series MZQLB1T9HAJR-00007 (1.92TB
 2.5-inch)","NVMe","ESXi 9.1"," "
"SAMSUNG ELECTRONICS CO.,LTD","Samsung NVMe SSD PM983 Series MZQLB3T8HALS-00007 (3.84TB
 2.5-inch)","NVMe","ESXi 9.1"," "
"SAMSUNG ELECTRONICS CO.,LTD","Samsung NVMe SSD PM983 Series MZQLB7T6HMLA-00007 (7.68TB
 2.5-inch)","NVMe","ESXi 9.1"," "
"SAMSUNG ELECTRONICS CO.,LTD","Samsung NVMe SSD PM1725b Series MZPLL1T6HAJQ-00005 (1.6TB
 HHHL)","NVMe","ESXi 9.1"," "
"SAMSUNG ELECTRONICS CO.,LTD","Samsung NVMe SSD PM1725b Series MZPLL3T2HAJQ-00005 (3.2TB
 HHHL)","NVMe","ESXi 9.1"," "
"SAMSUNG ELECTRONICS CO.,LTD","Samsung NVMe SSD PM1725b Series MZPLL6T4HMLA-00005 (6.4TB
 HHHL)","NVMe","ESXi 9.1"," "
"SAMSUNG ELECTRONICS CO.,LTD","Samsung NVMe SSD PM1725b Series MZPLL12THMLA-00005 (12.8TB
 HHHL)","NVMe","ESXi 9.1"," "
"SAMSUNG ELECTRONICS CO.,LTD","Samsung NVMe SSD PM1725b Series MZWLL1T6HAJQ-00005 (1.6TB
 2.5inch)","NVMe","ESXi 9.1"," "
"SAMSUNG ELECTRONICS CO.,LTD","Samsung NVMe SSD PM1725b Series MZWLL3T2HAJQ-00005 (3.2TB
 2.5inch)","NVMe","ESXi 9.1"," "
"SAMSUNG ELECTRONICS CO.,LTD","Samsung NVMe SSD PM1725b Series MZWLL6T4HMLA-00005 (6.4TB
 2.5inch)","NVMe","ESXi 9.1"," "
"SAMSUNG ELECTRONICS CO.,LTD","Samsung NVMe SSD PM1725b Series MZWLL12THMLA-00005 (12.8TB
 2.5inch)","NVMe","ESXi 9.1"," "
"SAMSUNG ELECTRONICS CO.,LTD","Samsung NVMe SSD PM1725 Series MZWLK3T2HCJL-00003(3.2TB
 2.5-inch)","NVMe","ESXi 9.1"," "
"SAMSUNG ELECTRONICS CO.,LTD","Samsung NVMe SSD PM983 Series MZQLB7T6HMLA-00007 (7.68TB
 2.5-inch)","NVMe","ESXi 9.1"," "
"SAMSUNG ELECTRONICS CO.,LTD","Samsung NVMe SSD PM1725 Series MZWLK1T9HCHP-00003(1.92TB
 2.5-inch)","NVMe","ESXi 9.1"," "
"SAMSUNG ELECTRONICS CO.,LTD","Samsung NVMe SSD PM1725 Series MZWLK1T6HCHP-00003(1.6TB
 2.5-inch)","NVMe","ESXi 9.1"," "
"SAMSUNG ELECTRONICS CO.,LTD","Samsung NVMe SSD PM1725 Series MZWLK800HCHP-00003(800GB
 2.5-inch)","NVMe","ESXi 9.1"," "
"SAMSUNG ELECTRONICS CO.,LTD","Samsung NVMe SSD PM1725 Series MZPLK3T2HCJL-00003(3.2TB
 HHHL)","NVMe","ESXi 9.1"," "
"SAMSUNG ELECTRONICS CO.,LTD","Samsung NVMe SSD PM1725 Series MZPLK6T4HCJL-00003(6.4TB
 HHHL)","NVMe","ESXi 9.1"," "
"SAMSUNG ELECTRONICS CO.,LTD","Samsung NVMe SSD PM1725 Series MZPLK1T6HCHP-00003(1.6TB
 HHHL)","NVMe","ESXi 9.1"," "
"SAMSUNG ELECTRONICS CO.,LTD","Samsung NVMe SSD PM1725b Series MZWLL1T6HAJQ-00005 (1.6TB
 2.5inch)","NVMe","ESXi 9.1"," "
"SAMSUNG ELECTRONICS CO.,LTD","Samsung NVMe SSD PM1725b Series MZWLL3T2HAJQ-00005 (3.2TB
 2.5inch)","NVMe","ESXi 9.1"," "
"SAMSUNG ELECTRONICS CO.,LTD","Samsung NVMe SSD PM1725b Series MZWLL6T4HMLA-00005 (6.4TB
 2.5inch)","NVMe","ESXi 9.1"," "
"SAMSUNG ELECTRONICS CO.,LTD","Samsung NVMe SSD PM1725b Series MZWLL12THMLA-00005 (12.8TB
 2.5inch)","NVMe","ESXi 9.1"," "
"SAMSUNG ELECTRONICS CO.,LTD","Samsung NVMe SSD PM983 Series MZQLB960HAJR-00003 (960GB
 2.5-inch)","NVMe","ESXi 9.1"," "
"SAMSUNG ELECTRONICS CO.,LTD","Samsung NVMe SSD PM983 Series MZQLB1T9HAJR-00003 (1.92TB
 2.5-inch)","NVMe","ESXi 9.1"," "
"SAMSUNG ELECTRONICS CO.,LTD","Samsung NVMe SSD PM983 Series MZQLB3T8HALS-00003 (3.84TB
 2.5-inch)","NVMe","ESXi 9.1"," "
"SAMSUNG ELECTRONICS CO.,LTD","Samsung NVMe SSD PM983 Series MZQLB7T6HMLA-00003 (7.68TB
 2.5-inch)","NVMe","ESXi 9.1"," "
"SAMSUNG ELECTRONICS CO.,LTD","Samsung XS1715 PCIe SSD Controller","NVMe","ESXi 9.1"," "
"SAMSUNG ELECTRONICS CO.,LTD","Dell Express Flash NVMe XS1715 400GB PCIe SSD Controller","NVMe","ESXi 9.1"," "
"SAMSUNG ELECTRONICS CO.,LTD","Dell Express Flash NVMe XS1715 800GB PCIe SSD Controller","NVMe","ESXi 9.1"," "
"SAMSUNG ELECTRONICS CO.,LTD","Dell Express Flash NVMe XS1715 1.6TB PCIe SSD Controller","NVMe","ESXi 9.1"," "
"SAMSUNG ELECTRONICS CO.,LTD","Dell Express Flash NVMe XS1715 1.6TB PCIe SSD Controller","NVMe","ESXi 9.1"," "
"SanDisk Technologies
Inc","Ultrastar DC SN640 7680GB WUS4BB076D7P3E3","NVMe","ESXi 9.1"," "
"SanDisk Technologies
Inc","Ultrastar DC SN650 15360GB WUS5EA1A1ESP5E3","NVMe","ESXi 9.1"," "
"SanDisk Technologies
Inc","Ultrastar DC SN650 7.68TB WUS5EA176ESP5E1","NVMe","ESXi 9.1"," "
"SanDisk Technologies
Inc","WUS4BB096D7P3E1","NVMe","ESXi 9.1"," "
"SanDisk Technologies
Inc","WUS4BB019D7P3E1","NVMe","ESXi 9.1"," "
"SanDisk Technologies
Inc","WUS4BB038D7P3E1","NVMe","ESXi 9.1"," "
"SanDisk Technologies
Inc","WUS4BB076D7P3E1","NVMe","ESXi 9.1"," "
"SanDisk Technologies
Inc","Ultrastar DC SN655 15.36TB WUS5EA1A1ESP7E4","NVMe","ESXi 9.1"," "
"SanDisk Technologies
Inc","Ultrastar DC SN840 1920GB WUS4BA119DSP3X1","NVMe","ESXi 9.1"," "
"SanDisk Technologies
Inc","Ultrastar DC SN840 1600GB WUS4C6416DSP3X1","NVMe","ESXi 9.1"," "
"SanDisk Technologies
Inc","Ultrastar DC SN840 3200GB WUS4C6432DSP3X1","NVMe","ESXi 9.1"," "
"SanDisk Technologies
Inc","Ultrastar DC SN840 3840GB WUS4BA138DSP3X1","NVMe","ESXi 9.1"," "
"SanDisk Technologies
Inc","Ultrastar DC SN840 6400GB WUS4C6464DSP3X1","NVMe","ESXi 9.1"," "
"SanDisk Technologies
Inc","Ultrastar DC SN840 7680GB WUS4BA176DSP3X1","NVMe","ESXi 9.1"," "
"SanDisk Technologies
Inc","Ultrastar DC SN650 7.68TB WUS5EA176ESP5E3","NVMe","ESXi 9.1"," "
"SanDisk Technologies
Inc","Ultrastar DC SN840 15360GB WUS4BA1A1DSP3X1","NVMe","ESXi 9.1"," "
"SanDisk Technologies
Inc","Ultrastar DC SN840 1600GB WUS4C6416DSP3X3","NVMe","ESXi 9.1"," "
"SanDisk Technologies
Inc","Ultrastar DC SN650 15360GB WUS5EA1A1ESP5E1","NVMe","ESXi 9.1"," "
"SanDisk Technologies
Inc","Ultrastar DC SN840 1920GB WUS4BA119DSP3X3","NVMe","ESXi 9.1"," "
"SanDisk Technologies
Inc","Ultrastar DC SN655 3.84TB WUS5EA138ESP7E1","NVMe","ESXi 9.1"," "
"SanDisk Technologies
Inc","Ultrastar DC SN655 7.68TB WUS5EA176ESP7E1","NVMe","ESXi 9.1"," "
"SanDisk Technologies
Inc","Ultrastar DC SN840 3200GB WUS4C6432DSP3X3","NVMe","ESXi 9.1"," "
"SanDisk Technologies
Inc","Ultrastar DC SN655 15.36TB WUS5EA1A1ESP7E1","NVMe","ESXi 9.1"," "
"SanDisk Technologies
Inc","Ultrastar DC SN655 3.84TB WUS5EA138ESP7E3","NVMe","ESXi 9.1"," "
"SanDisk Technologies
Inc","Ultrastar DC SN840 3840GB WUS4BA138DSP3X3","NVMe","ESXi 9.1"," "
"SanDisk Technologies
Inc","Ultrastar DC SN655 7.68TB WUS5EA176ESP7E3","NVMe","ESXi 9.1"," "
"SanDisk Technologies
Inc","Ultrastar DC SN655 15.36TB WUS5EA1A1ESP7E3","NVMe","ESXi 9.1"," "
"SanDisk Technologies
Inc","Ultrastar DC SN840 6400GB WUS4C6464DSP3X3","NVMe","ESXi 9.1"," "
"SanDisk Technologies
Inc","Ultrastar DC SN655 3.84TB WUS5EA138ESP7E4","NVMe","ESXi 9.1"," "
"SanDisk Technologies
Inc","Ultrastar DC SN655 7.68TB WUS5EA176ESP7E4","NVMe","ESXi 9.1"," "
"SanDisk Technologies
Inc","Ultrastar DC SN840 7680GB WUS4BA176DSP3X3","NVMe","ESXi 9.1"," "
"SanDisk Technologies
Inc","Ultrastar DC SN840 15360GB WUS4BA1A1DSP3X3","NVMe","ESXi 9.1"," "
"SanDisk Technologies
Inc","Ultrastar DC SN840 1600GB WUS4C6416DSP3X4","NVMe","ESXi 9.1"," "
"SanDisk Technologies
Inc","Ultrastar DC SN840 1920GB WUS4BA119DSP3X4","NVMe","ESXi 9.1"," "
"SanDisk Technologies
Inc","Ultrastar DC SN840 3200GB WUS4C6432DSP3X4","NVMe","ESXi 9.1"," "
"SanDisk Technologies
Inc","Ultrastar DC SN840 3840GB WUS4BA138DSP3X4","NVMe","ESXi 9.1"," "
"SanDisk Technologies
Inc","Ultrastar DC SN840 7680GB WUS4BA176DSP3X4","NVMe","ESXi 9.1"," "
"SanDisk Technologies
Inc","Ultrastar DC SN840 6400GB WUS4C6464DSP3X4","NVMe","ESXi 9.1"," "
"SanDisk Technologies
Inc","Ultrastar DC SN840 15360GB WUS4BA1A1DSP3X4","NVMe","ESXi 9.1"," "
"SanDisk Technologies
Inc","Ultrastar DC SN840 1600GB WUS4C6416DSP3X5","NVMe","ESXi 9.1"," "
"SanDisk Technologies
Inc","Ultrastar DC SN840 1920GB WUS4BA119DSP3X5","NVMe","ESXi 9.1"," "
"SanDisk Technologies
Inc","Ultrastar DC SN840 3200GB WUS4C6432DSP3X5","NVMe","ESXi 9.1"," "
"SanDisk Technologies
Inc","Ultrastar DC SN840 3840GB WUS4BA138DSP3X5","NVMe","ESXi 9.1"," "
"SanDisk Technologies
Inc","Ultrastar DC SN840 6400GB WUS4C6464DSP3X5","NVMe","ESXi 9.1"," "
"SanDisk Technologies
Inc","Ultrastar DC SN840 7680GB WUS4BA176DSP3X5","NVMe","ESXi 9.1"," "
"SanDisk Technologies
Inc","Ultrastar DC SN840 15360GB WUS4BA1A1DSP3X5","NVMe","ESXi 9.1"," "
"SanDisk Technologies
Inc","SanDisk DC SN861 U.2 15.36TB SDS6BA1A1OSP9X7","NVMe","ESXi 9.1"," "
"SanDisk Technologies
Inc","SanDisk DC SN861 E1.S 15.36TB SDS6BA1A1OKP8X7","NVMe","ESXi 9.1"," "
"SanDisk Technologies
Inc","SanDisk DC SN861 E3.S 15.36TB SDS6BA1A1OBPAX7","NVMe","ESXi 9.1"," "
"SanDisk Technologies
Inc","SanDisk DC SN861 U.2 1.92TB SDS6BA119PSP9X1","NVMe","ESXi 9.1"," "
"SanDisk Technologies
Inc","SanDisk DC SN861 U.2 3.84TB SDS6BA138PSP9X1","NVMe","ESXi 9.1"," "
"SanDisk Technologies
Inc","SanDisk DC SN861 U.2 7.68TB SDS6BA176PSP9X1","NVMe","ESXi 9.1"," "
"SanDisk Technologies
Inc","SanDisk DC SN861 U.2 1.60TB SDS6CA216PSP9X1","NVMe","ESXi 9.1"," "
"SanDisk Technologies
Inc","SanDisk DC SN861 U.2 3.20TB SDS6CA232PSP9X1","NVMe","ESXi 9.1"," "
"SanDisk Technologies
Inc","SanDisk DC SN861 U.2 6.40TB SDS6CA264PSP9X1","NVMe","ESXi 9.1"," "
"SanDisk Technologies
Inc","SanDisk DC SN861 U.2 1.92TB SDS6BA119PSP9X3","NVMe","ESXi 9.1"," "
"SanDisk Technologies
Inc","SanDisk DC SN861 U.2 3.84TB SDS6BA138PSP9X3","NVMe","ESXi 9.1"," "
"SanDisk Technologies
Inc","SanDisk DC SN861 U.2 7.68TB SDS6BA176PSP9X3","NVMe","ESXi 9.1"," "
"SanDisk Technologies
Inc","SanDisk DC SN861 U.2 1.60TB SDS6CA216PSP9X3","NVMe","ESXi 9.1"," "
"SanDisk Technologies
Inc","SanDisk DC SN861 U.2 3.20TB SDS6CA232PSP9X3","NVMe","ESXi 9.1"," "
"SanDisk Technologies
Inc","SanDisk DC SN861 U.2 6.40TB SDS6CA264PSP9X3","NVMe","ESXi 9.1"," "
"SanDisk Technologies
Inc","SanDisk DC SN861 U.2 1.92TB SDS6BA119PSP9X7","NVMe","ESXi 9.1"," "
"SanDisk Technologies
Inc","SanDisk DC SN861 U.2 3.84TB SDS6BA138PSP9X7","NVMe","ESXi 9.1"," "
"SanDisk Technologies
Inc","SanDisk DC SN861 U.2 7.68TB SDS6BA176PSP9X7","NVMe","ESXi 9.1"," "
"SanDisk Technologies
Inc","SanDisk DC SN861 U.2 1.60TB SDS6CA216PSP9X7","NVMe","ESXi 9.1"," "
"SanDisk Technologies
Inc","SanDisk DC SN861 U.2 3.20TB SDS6CA232PSP9X7","NVMe","ESXi 9.1"," "
"SanDisk Technologies
Inc","SanDisk DC SN861 U.2 6.40TB SDS6CA264PSP9X7","NVMe","ESXi 9.1"," "
"SanDisk Technologies
Inc","SanDisk DC SN861 U.2 6.40TB SDS6CA264OSP9X1","NVMe","ESXi 9.1"," "
"SanDisk Technologies
Inc","SanDisk DC SN861 U.2 12.80TB SDS6CA2A2OSP9X1","NVMe","ESXi 9.1"," "
"SanDisk Technologies
Inc","SanDisk DC SN861 U.2 1.60TB SDS6CA216OSP9X3","NVMe","ESXi 9.1"," "
"SanDisk Technologies
Inc","SanDisk DC SN861 U.2 3.20TB SDS6CA232OSP9X3","NVMe","ESXi 9.1"," "
"SanDisk Technologies
Inc","SanDisk DC SN861 U.2 6.40TB SDS6CA264OSP9X3","NVMe","ESXi 9.1"," "
"SanDisk Technologies
Inc","SanDisk DC SN861 U.2 12.80TB SDS6CA2A2OSP9X3","NVMe","ESXi 9.1"," "
"SanDisk Technologies
Inc","SanDisk DC SN861 U.2 1.60TB SDS6CA216OSP9X7","NVMe","ESXi 9.1"," "
"SanDisk Technologies
Inc","SanDisk DC SN861 U.2 3.20TB SDS6CA232OSP9X7","NVMe","ESXi 9.1"," "
"SanDisk Technologies
Inc","SanDisk DC SN861 U.2 6.40TB SDS6CA264OSP9X7","NVMe","ESXi 9.1"," "
"SanDisk Technologies
Inc","SanDisk DC SN861 U.2 12.80TB SDS6CA2A2OSP9X7","NVMe","ESXi 9.1"," "
"SanDisk Technologies
Inc","SanDisk DC SN861 U.2 3.20TB SDS6CA232OSP9X1","NVMe","ESXi 9.1"," "
"SanDisk Technologies
Inc","SanDisk DC SN861 E1.S 1.92TB SDS6BA119OKP8X1","NVMe","ESXi 9.1"," "
"SanDisk Technologies
Inc","SanDisk DC SN861 E1.S 3.84TB SDS6BA138OKP8X1","NVMe","ESXi 9.1"," "
"SanDisk Technologies
Inc","SanDisk DC SN861 E1.S 7.68TB SDS6BA176OKP8X1","NVMe","ESXi 9.1"," "
"SanDisk Technologies
Inc","SanDisk DC SN861 E1.S 15.36TB SDS6BA1A1OKP8X1","NVMe","ESXi 9.1"," "
"SanDisk Technologies
Inc","SanDisk DC SN861 E1.S 1.92TB SDS6BA119OKP8X3","NVMe","ESXi 9.1"," "
"SanDisk Technologies
Inc","SanDisk DC SN861 E1.S 3.84TB SDS6BA138OKP8X3","NVMe","ESXi 9.1"," "
"SanDisk Technologies
Inc","SanDisk DC SN861 E1.S 7.68TB SDS6BA176OKP8X3","NVMe","ESXi 9.1"," "
"SanDisk Technologies
Inc","SanDisk DC SN861 E1.S 15.36TB SDS6BA1A1OKP8X3","NVMe","ESXi 9.1"," "
"SanDisk Technologies
Inc","SanDisk DC SN861 E1.S 1.92TB SDS6BA119OKP8X7","NVMe","ESXi 9.1"," "
"SanDisk Technologies
Inc","SanDisk DC SN861 E1.S 3.84TB SDS6BA138OKP8X7","NVMe","ESXi 9.1"," "
"SanDisk Technologies
Inc","SanDisk DC SN861 E1.S 7.68TB SDS6BA176OKP8X7","NVMe","ESXi 9.1"," "
"SanDisk Technologies
Inc","SanDisk DC SN861 E1.S 1.92TB SDS6A72TO9P8X7","NVMe","ESXi 9.1"," "
"SanDisk Technologies
Inc","SanDisk DC SN861 E3.S 7.68TB SDS6BA176OBPAX3","NVMe","ESXi 9.1"," "
"SanDisk Technologies
Inc","SanDisk DC SN861 E3.S 15.36TB SDS6BA1A1OBPAX3","NVMe","ESXi 9.1"," "
"SanDisk Technologies
Inc","SanDisk DC SN861 E3.S 1.92TB SDS6BA119OBPAX7","NVMe","ESXi 9.1"," "
"SanDisk Technologies
Inc","SanDisk DC SN861 E3.S 3.84TB SDS6BA138OBPAX7","NVMe","ESXi 9.1"," "
"SanDisk Technologies
Inc","SanDisk DC SN861 E3.S 7.68TB SDS6BA176OBPAX7","NVMe","ESXi 9.1"," "
"SanDisk Technologies
Inc","SanDisk DC SN861 U.2 1.92TB SDS6BA119OSP9X1","NVMe","ESXi 9.1"," "
"SanDisk Technologies
Inc","SanDisk DC SN861 U.2 3.84TB SDS6BA138OSP9X1","NVMe","ESXi 9.1"," "
"SanDisk Technologies
Inc","SanDisk DC SN861 U.2 7.68TB SDS6BA176OSP9X1","NVMe","ESXi 9.1"," "
"SanDisk Technologies
Inc","SanDisk DC SN861 U.2 15.36TB SDS6BA1A1OSP9X1","NVMe","ESXi 9.1"," "
"SanDisk Technologies
Inc","SanDisk DC SN861 U.2 1.92TB SDS6BA119OSP9X3","NVMe","ESXi 9.1"," "
"SanDisk Technologies
Inc","SanDisk DC SN861 U.2 3.84TB SDS6BA138OSP9X3","NVMe","ESXi 9.1"," "
"SanDisk Technologies
Inc","SanDisk DC SN861 U.2 7.68TB SDS6BA176OSP9X3","NVMe","ESXi 9.1"," "
"SanDisk Technologies
Inc","SanDisk DC SN861 U.2 15.36TB SDS6BA1A1OSP9X3","NVMe","ESXi 9.1"," "
"SanDisk Technologies
Inc","SanDisk DC SN861 U.2 1.92TB SDS6BA119OSP9X7","NVMe","ESXi 9.1"," "
"SanDisk Technologies
Inc","SanDisk DC SN861 E3.S 1.92TB SDS6BA119OBPAX1","NVMe","ESXi 9.1"," "
"SanDisk Technologies
Inc","SanDisk DC SN861 U.2 7.68TB SDS6BA176OSP9X7","NVMe","ESXi 9.1"," "
"SanDisk Technologies
Inc","SanDisk DC SN861 E3.S 3.84TB SDS6BA138OBPAX1","NVMe","ESXi 9.1"," "
"SanDisk Technologies
Inc","SanDisk DC SN861 E3.S 7.68TB SDS6BA176OBPAX1","NVMe","ESXi 9.1"," "
"SanDisk Technologies
Inc","SanDisk DC SN861 E3.S 15.36TB SDS6BA1A1OBPAX1","NVMe","ESXi 9.1"," "
"SanDisk Technologies
Inc","SanDisk DC SN861 U.2 1.60TB SDS6CA216OSP9X1","NVMe","ESXi 9.1"," "
"SanDisk Technologies
Inc","SanDisk DC SN861 E3.S 1.92TB SDS6BA119OBPAX3","NVMe","ESXi 9.1"," "
"SanDisk Technologies
Inc","SanDisk DC SN861 E3.S 3.84TB SDS6BA138OBPAX3","NVMe","ESXi 9.1"," "
"SanDisk Technologies
Inc","SanDisk DC SN861 E1.S 0.96TB SDS6A761TO9P8X7","NVMe","ESXi 9.1"," "
"SanDisk Technologies
Inc","SanDisk DC SN861 U.2 3.84TB SDS6BA138OSP9X7","NVMe","ESXi 9.1"," "
"SanDisk Technologies
Inc","SanDisk DC SN861 U.2 3.84TB SDS6BA138PSP9X1 (0TS2520)","NVMe","ESXi 9.1"," "
"SanDisk Technologies
Inc","SanDisk DC SN861 U.2 7.68TB SDS6BA176PSP9X1 (0TS2521)","NVMe","ESXi 9.1"," "
"SanDisk Technologies
Inc","SanDisk DC SN861 U.2 3.20TB SDS6CA232PSP9X1 (0TS2523)","NVMe","ESXi 9.1"," "
"SanDisk Technologies
Inc","	SanDisk DC SN861 U.2 6.40TB SDS6CA264PSP9X1 (0TS2524)","NVMe","ESXi 9.1"," "
"SanDisk Technologies
Inc","SanDisk DC SN861 U.2 3.20TB SDS6CA232OSP9X1(0TS2642)","NVMe","ESXi 9.1"," "
"SanDisk Technologies
Inc","SanDisk DC SN861 U.2 6.40TB SDS6CA264OSP9X1(0TS2643)","NVMe","ESXi 9.1"," "
"SanDisk Technologies
Inc","SanDisk DC SN861 U.2 12.80TB SDS6CA2A2OSP9X1(0TS2615)","NVMe","ESXi 9.1"," "
"SanDisk Technologies
Inc","SanDisk DC SN861 U.2 15.36TB SDS6BA1A1OSP9X1(0TS2611)","NVMe","ESXi 9.1"," "
"SanDisk Technologies
Inc","SanDisk DC SN861 U.2 7.68TB SDS6BA176OSP9X1(0TS2640)","NVMe","ESXi 9.1"," "
"SanDisk Technologies
Inc","SanDisk DC SN861 U.2 3.84TB SDS6BA138OSP9X1(0TS2639)","NVMe","ESXi 9.1"," "
"SanDisk Technologies
Inc","WUS4CB080D7P3E4","NVMe","ESXi 9.1"," "
"SanDisk Technologies
Inc","WUS4BB096D7P3E4","NVMe","ESXi 9.1"," "
"SanDisk Technologies
Inc","WUS4CB016D7P3E4","NVMe","ESXi 9.1"," "
"SanDisk Technologies
Inc","WUS4BB019D7P3E4","NVMe","ESXi 9.1"," "
"SanDisk Technologies
Inc","WUS4CB032D7P3E4","NVMe","ESXi 9.1"," "
"SanDisk Technologies
Inc","WUS4BB038D7P3E4","NVMe","ESXi 9.1"," "
"SanDisk Technologies
Inc","WUS4CB064D7P3E4","NVMe","ESXi 9.1"," "
"SanDisk Technologies
Inc","WUS4BB076D7P3E4","NVMe","ESXi 9.1"," "
"SanDisk Technologies
Inc","WUS3BA196C7P3E3","NVMe","ESXi 9.1"," "
"SanDisk Technologies
Inc","WUS3BA119C7P3E3","NVMe","ESXi 9.1"," "
"SanDisk Technologies
Inc","WUS3BA138C7P3E3","NVMe","ESXi 9.1"," "
"SanDisk Technologies
Inc","WUS3BA176C7P3E3","NVMe","ESXi 9.1"," "
"SanDisk Technologies
Inc","WUS3CA132C7P3E3","NVMe","ESXi 9.1"," "
"SanDisk Technologies
Inc","WUS3CA164C7P3E3","NVMe","ESXi 9.1"," "
"SanDisk Technologies
Inc","WUS4BB096D7P3E3","NVMe","ESXi 9.1"," "
"SanDisk Technologies
Inc","WUS4BB019D7P3E3","NVMe","ESXi 9.1"," "
"SanDisk Technologies
Inc","Ultrastar DC SN640 3840GB WUS4BB038D7P3E3","NVMe","ESXi 9.1"," "
"SanDisk Technologies
Inc","Ultrastar DC SN640 7680GB WUS4BB076D7P3E3","NVMe","ESXi 9.1"," "
"SanDisk Technologies
Inc","WUS4CB080D7P3E3","NVMe","ESXi 9.1"," "
"SanDisk Technologies
Inc","WUS4CB016D7P3E3","NVMe","ESXi 9.1"," "
"SanDisk Technologies
Inc","WUS4CB032D7P3E3","NVMe","ESXi 9.1"," "
"SanDisk Technologies
Inc","WUS4CB064D7P3E3","NVMe","ESXi 9.1"," "
"ScaleFlux Inc","CSD-3320","NVMe","ESXi 9.1"," "
"Schweitzer Engineering Laboratories
Inc.","SEL-3390E4","Network","ESXi 9.1"," "
"Seagate Technology LLC","Seagate Nytro 5060 NVMe SSD","NVMe","ESXi 9.1"," "
"SKHynix Memory Solutions","HFS960GEETX070N","NVMe","ESXi 9.1"," "
"SKHynix Memory Solutions","HFS1T9GEETX070N","NVMe","ESXi 9.1"," "
"SKHynix Memory Solutions","HFS3T8GEETX070N","NVMe","ESXi 9.1"," "
"SKHynix Memory Solutions","HFS7T6GEETX070N","NVMe","ESXi 9.1"," "
"SKHynix Memory Solutions","HFS800GEETX070N","NVMe","ESXi 9.1"," "
"SKHynix Memory Solutions","HFS1T6GEETX070N","NVMe","ESXi 9.1"," "
"SKHynix Memory Solutions","HFS3T2GEETX070N","NVMe","ESXi 9.1"," "
"SKHynix Memory Solutions","HFS6T4GEETX070N","NVMe","ESXi 9.1"," "
"SKHynix Memory Solutions","HFS960GETFEI-D430A","NVMe","ESXi 9.1"," "
"SKHynix Memory Solutions","PE8110 Series HFS960GDE0X098N (1TB
 M.2
 22110D)","NVMe","ESXi 9.1"," "
"SKHynix Memory Solutions","PE8110 Series HFS3T8GDE0X098N (4TB
 M.2
 22110D)","NVMe","ESXi 9.1"," "
"SKHynix Memory Solutions","PE8110 Series HFS1T9GDE0X098N (2TB
 M.2
 22110D)","NVMe","ESXi 9.1"," "
"SKHynix Memory Solutions","SK Hynix SSD PE8010 Series (960 GB
 2.5-inch U.3) HFS960GETFEI-D430A","NVMe","ESXi 9.1"," "
"SKHynix Memory Solutions","SK Hynix SSD PE8010 Series (1920 GB
 2.5-inch U.3) HFS1T9GETFEI-D430A","NVMe","ESXi 9.1"," "
"SKHynix Memory Solutions","SK Hynix SSD PE8010 Series (3840 GB
 2.5-inch U.3) HFS3T8GETFEI-D430A","NVMe","ESXi 9.1"," "
"SKHynix Memory Solutions","SK Hynix SSD PE8010 Series (7680 GB
 2.5-inch U.3) HFS7T6GETFEI-D430A","NVMe","ESXi 9.1"," "
"SKHynix Memory Solutions","SK Hynix SSD PE8030 Series (800 GB
 2.5-inch U.3) HFS800GETFEI-D430A","NVMe","ESXi 9.1"," "
"SKHynix Memory Solutions","SK Hynix SSD PE8030 Series (1600 GB
 2.5-inch U.3) HFS1T6GETFEI-D430A","NVMe","ESXi 9.1"," "
"SKHynix Memory Solutions","SK Hynix SSD PE8030 Series (3200 GB
 2.5-inch U.3) HFS3T2GETFEI-D430A","NVMe","ESXi 9.1"," "
"SKHynix Memory Solutions","SK Hynix SSD PE8030 Series (6400 GB
 2.5-inch U.3) HFS6T4GETFEI-D430A","NVMe","ESXi 9.1"," "
"SKHynix Memory Solutions","HFS3T8GD0FEI-A430A","NVMe","ESXi 9.1"," "
"SKHynix Memory Solutions","HFS3T8GEJVX171N","NVMe","ESXi 9.1"," "
"SKHynix Memory Solutions","HFS1T9GD0FEI-A430A","NVMe","ESXi 9.1"," "
"SKHynix Memory Solutions","HFS960GD0FEI-A430A","NVMe","ESXi 9.1"," "
"SKHynix Memory Solutions","HFS480GDJ8X167N","NVMe","ESXi 9.1"," "
"SKHynix Memory Solutions","HFS800GDJ8X167N","NVMe","ESXi 9.1"," "
"SKHynix Memory Solutions","HFS960GDJ8X167N","NVMe","ESXi 9.1"," "
"SKHynix Memory Solutions","HFS1T9GDJ8X167N","NVMe","ESXi 9.1"," "
"SKHynix Memory Solutions","HFS960GDJ0X132N","NVMe","ESXi 9.1"," "
"SKHynix Memory Solutions","HFS1T9GDJ0X132N","NVMe","ESXi 9.1"," "
"SKHynix Memory Solutions","HFS3T8GDJ0X132N","NVMe","ESXi 9.1"," "
"SKHynix Memory Solutions","HFS960GDE0X098N non-FIPS","NVMe","ESXi 9.1"," "
"SKHynix Memory Solutions","HFS1T9GDE0X098N non-FIPS","NVMe","ESXi 9.1"," "
"SKHynix Memory Solutions","HFS3T8GDE0X098N non-FIPS","NVMe","ESXi 9.1"," "
"SKHynix Memory Solutions","HFS960GDE0X098N FIPS","NVMe","ESXi 9.1"," "
"SKHynix Memory Solutions","HFS1T9GDE0X098N FIPS","NVMe","ESXi 9.1"," "
"SKHynix Memory Solutions","HFS3T8GDE0X098N FIPS","NVMe","ESXi 9.1"," "
"SKHynix Memory Solutions","HFS480GEJ8X167N","NVMe","ESXi 9.1"," "
"SKHynix Memory Solutions","HFS1T9GFJCX140N","NVMe","ESXi 9.1"," "
"SKHynix Memory Solutions","HFS3T8GFJCX140N","NVMe","ESXi 9.1"," "
"SKHynix Memory Solutions","HFS7T6GFJCX140N","NVMe","ESXi 9.1"," "
"SKHynix Memory Solutions","HFS15T3FJCX140N","NVMe","ESXi 9.1"," "
"SKHynix Memory Solutions","HFS1T6GFJCX140N","NVMe","ESXi 9.1"," "
"SKHynix Memory Solutions","HFS3T2GFJCX140N","NVMe","ESXi 9.1"," "
"SKHynix Memory Solutions","HFS6T4GFJCX140N","NVMe","ESXi 9.1"," "
"SKHynix Memory Solutions","HFS12T8FJCX140N","NVMe","ESXi 9.1"," "
"SKHynix Memory Solutions","PE9010 Series HFS1T9GEJWX132N (2TB
 EDSFF E1.S 15mm)","NVMe","ESXi 9.1"," "
"SKHynix Memory Solutions","PE9010 Series HFS3T8GEJWX132N (4TB
 EDSFF E1.S
 15mm)","NVMe","ESXi 9.1"," "
"SKHynix Memory Solutions","PE9010 Series HFS7T6GEJWX132N (8TB
 EDSFF E1.S
 15mm)","NVMe","ESXi 9.1"," "
"SKHynix Memory Solutions","HFS7T6GECTX088N","NVMe","ESXi 9.1"," "
"SKHynix Memory Solutions","HFS7T6GETFEI-D430A","NVMe","ESXi 9.1"," "
"SKHynix Memory Solutions","HFS960GDC0X139N","NVMe","ESXi 9.1"," "
"SKHynix Memory Solutions","HFS1T9GDC0X139N","NVMe","ESXi 9.1"," "
"SKHynix Memory Solutions","HFS3T8GDC0X139N","NVMe","ESXi 9.1"," "
"SKHynix Memory Solutions","PEB110 Series HFS1T9GFMWX183N (2TB
 EDSFF E1.S 15mm)","NVMe","ESXi 9.1"," "
"SKHynix Memory Solutions","PEB110 Series HFS3T8GFMWX183N (4TB
 EDSFF E1.S 15mm)","NVMe","ESXi 9.1"," "
"SKHynix Memory Solutions","PEB110 Series HFS7T6GFMWX183N (8TB
 EDSFF E1.S 15mm)","NVMe","ESXi 9.1"," "
"SKHynix Memory Solutions","HFS1T9GFPWX183N","NVMe","ESXi 9.1"," "
"SKHynix Memory Solutions","HFS3T8GFPWX183N","NVMe","ESXi 9.1"," "
"SKHynix Memory Solutions","HFS7T6GFPWX183N","NVMe","ESXi 9.1"," "
"SKHynix Memory Solutions","HFS15T3FPWX183N","NVMe","ESXi 9.1"," "
"SKHynix Memory Solutions","PE8110 Series HFS1T9GEEWX091N (2TB
 EDSFF E1.S 15mm)","NVMe","ESXi 9.1"," "
"SKHynix Memory Solutions","PE8110 Series HFS3T8GEEWX091N (4TB
 EDSFF E1.S 15mm)","NVMe","ESXi 9.1"," "
"SKHynix Memory Solutions","PE8110 Series HFS7T6GEEWX091N (8TB
 EDSFF E1.S 15mm)","NVMe","ESXi 9.1"," "
"SKHynix Memory Solutions","PE9110 Series HFS3T8GEEWX132N (4TB
 EDSFF E1.S 15mm)","NVMe","ESXi 9.1"," "
"SKHynix Memory Solutions","PE9110 Series HFS1T9GEEWX132N (2TB
 EDSFF E1.S 15mm)","NVMe","ESXi 9.1"," "
"SKHynix Memory Solutions","PE9110 Series HFS7T6GEEWX132N (8TB
 EDSFF E1.S 15mm)","NVMe","ESXi 9.1"," "
"SKHynix Memory Solutions","VK007680KWWFQ","NVMe","ESXi 9.1"," "
"SKHynix Memory Solutions","MK006400KWWFK","NVMe","ESXi 9.1"," "
"SKHynix Memory Solutions","VK003840KWWFP","NVMe","ESXi 9.1"," "
"SKHynix Memory Solutions","MK003200KWWFH","NVMe","ESXi 9.1"," "
"SKHynix Memory Solutions","VK001920KWWFN","NVMe","ESXi 9.1"," "
"SKHynix Memory Solutions","MK001600KWWFF","NVMe","ESXi 9.1"," "
"SKHynix Memory Solutions","VK000960KWWFL","NVMe","ESXi 9.1"," "
"SKHynix Memory Solutions","MK000800KWWFE","NVMe","ESXi 9.1"," "
"SKHynix Memory Solutions","VS000960KWXFN","NVMe","ESXi 9.1"," "
"Smart Modular Technologies","DC4800 Gen4 E1.S 3.84TB","NVMe","ESXi 9.1"," "
"Smart Modular Technologies","DC4800 Gen4 E1.S 7.68TB","NVMe","ESXi 9.1"," "
"Solarflare Communications","SFN8522M","Network","ESXi 9.1","Restricted"
"Solarflare Communications","SFN8722","Network","ESXi 9.1","Restricted"
"Solarflare Communications","SFN8042","Network","ESXi 9.1","Restricted"
"Solarflare Communications","SFN8542","Network","ESXi 9.1","Restricted"
"Solarflare Communications","SFN8522","Network","ESXi 9.1","Restricted"
"Solarflare Communications","X2522","Network","ESXi 9.1","Restricted"
"Solarflare Communications","X2522-25G","Network","ESXi 9.1","Restricted"
"Solarflare Communications","X2542","Network","ESXi 9.1","Restricted"
"Solarflare Communications","X2541","Network","ESXi 9.1","Restricted"
"Solarflare Communications","SFC9220 10/40G Ethernet Controller","Network","ESXi 9.1","Restricted"
"Solarflare Communications","SFN8041","Network","ESXi 9.1","Restricted"
"Solarflare Communications","X2552","Network","ESXi 9.1","Restricted"
"SOLID STATE STORAGE TECHNOLOGY CORPORATION","PJ1-KW3840P","NVMe","ESXi 9.1"," "
"SOLID STATE STORAGE TECHNOLOGY CORPORATION","PJ1-GW240GP/PJ1-GW480P/PJ1-GW960P/PJ1-GW1920P","NVMe","ESXi 9.1"," "
"Solidigm Technology","Solidigm™ D5-P5430 SBFPF2BU038T (3.8 TB
 2.5" U.2","NVMe","ESXi 9.1"," "
"Solidigm Technology","Solidigm™ D5-P5430 SBFPF2BU076T (7.6 TB
 2.5" U.2)","NVMe","ESXi 9.1"," "
"Solidigm Technology","Solidigm™ D5-P5430 SBFPF2BU153T (15.3 TB
 2.5" U.2)","NVMe","ESXi 9.1"," "
"Solidigm Technology","Solidigm™ D5-P5430 SBFPF2BU038TOF (3.8 TB
 2.5" U.2)","NVMe","ESXi 9.1"," "
"Solidigm Technology","Solidigm™ D5-P5430 SBFPF2BU076TOF (7.6 TB
 2.5" U.2)","NVMe","ESXi 9.1"," "
"Solidigm Technology","Solidigm™ D5-P5430 SBFPF2BU153TOF (15.3 TB
 2.5" U.2)","NVMe","ESXi 9.1"," "
"Solidigm Technology","Solidigm™ D7-P5810 SSDPF2SQ800GZ (800 GB
 2.5" U.2)","NVMe","ESXi 9.1"," "
"Solidigm Technology","Solidigm™ SSD D7-P5620 Series SSDPF2KE016T1 (1.6 TB
 2.5" U.2)","NVMe","ESXi 9.1"," "
"Solidigm Technology","Solidigm™ SSD D7-P5620 Series SSDPF2KE032T1 (3.2 TB
 2.5" U.2)","NVMe","ESXi 9.1"," "
"Solidigm Technology","Solidigm™ SSD D7-P5620 Series SSDPF2KE064T1 (6.4 TB
 2.5" U.2)","NVMe","ESXi 9.1"," "
"Solidigm Technology","Solidigm™ SSD D7-P5620 Series SSDPF2KE128T1 (12.8 TB
 2.5" U.2)","NVMe","ESXi 9.1"," "
"Solidigm Technology","Solidigm™ SSD D7-P5520 Series SSDPF2KX019T1 (1.9 TB
 2.5" U.2)","NVMe","ESXi 9.1"," "
"Solidigm Technology","Solidigm™ SSD D7-P5520 Series SSDPF2KX038T1 (3.8 TB
 2.5" U.2)","NVMe","ESXi 9.1"," "
"Solidigm Technology","Solidigm™ SSD D7-P5520 Series SSDPF2KX076T1 (7.6 TB
 2.5" U.2)","NVMe","ESXi 9.1"," "
"Solidigm Technology","Solidigm™ SSD D7-P5520 Series SSDPF2KX153T1 (15.3 TB
 2.5" U.2)","NVMe","ESXi 9.1"," "
"Solidigm Technology","Solidigm™ SSD D7-P5620 Series SSDPF2KE016T1O (1.6 TB
 2.5" U.2)","NVMe","ESXi 9.1"," "
"Solidigm Technology","Solidigm™ SSD D7-P5620 Series SSDPF2KE032T1O (3.2 TB
 2.5" U.2)","NVMe","ESXi 9.1"," "
"Solidigm Technology","Solidigm™ SSD D7-P5620 Series SSDPF2KE064T1O (6.4 TB
 2.5" U.2)","NVMe","ESXi 9.1"," "
"Solidigm Technology","Solidigm™ SSD D7-P5620 Series SSDPF2KE128T1O (12.8 TB
 2.5" U.2)","NVMe","ESXi 9.1"," "
"Solidigm Technology","Solidigm™ SSD D7-P5520 Series SSDPF2KX019T1O (1.9 TB
 2.5" U.2)","NVMe","ESXi 9.1"," "
"Solidigm Technology","Solidigm™ SSD D7-P5520 Series SSDPF2KX038T1O (3.8 TB
 2.5" U.2)","NVMe","ESXi 9.1"," "
"Solidigm Technology","Solidigm™ SSD D7-P5520 Series SSDPF2KX076T1O (7.6 TB
 2.5" U.2)","NVMe","ESXi 9.1"," "
"Solidigm Technology","Solidigm™ SSD D7-P5520 Series SSDPF2KX153T1O (15.3 TB
 2.5" U.2)","NVMe","ESXi 9.1"," "
"Solidigm Technology","Solidigm™ D7-P5810 SSDPF2SQ016TZ (1.6 TB
 2.5" U.2)","NVMe","ESXi 9.1"," "
"Solidigm Technology","Solidigm™ D5-P5336 SBFPF2BV076T (7.6 TB
 2.5" U.2)","NVMe","ESXi 9.1"," "
"Solidigm Technology","Solidigm™ D5-P5336 SBFPF2BV153T (15.3 TB
 2.5" U.2)","NVMe","ESXi 9.1"," "
"Solidigm Technology","Solidigm™ D5-P5336 SBFPF2BV307T (30.7 TB
 2.5" U.2)","NVMe","ESXi 9.1"," "
"Solidigm Technology","Solidigm™ D5-P5336 SBFPF2BV614T (61.4 TB
 2.5" U.2)","NVMe","ESXi 9.1"," "
"Solidigm Technology","Solidigm™ SSD D7-PS1010 Series SB5PH27X019T (1.92 TB
 2.5" U.2)","NVMe","ESXi 9.1"," "
"Solidigm Technology","Solidigm™ SSD D7-PS1010 Series SB5PH27X038T (3.84 TB
 2.5" U.2)","NVMe","ESXi 9.1"," "
"Solidigm Technology","Solidigm™ SSD D7-PS1010 Series SB5PH27X076T (7.68 TB
 2.5" U.2)","NVMe","ESXi 9.1"," "
"Solidigm Technology","Solidigm™ SSD D7-PS1010 Series SB5PH27X153T (15.3 TB
 2.5" U.2)","NVMe","ESXi 9.1"," "
"Solidigm Technology","Solidigm™ SSD D7-PS1030 Series SB5PH27E016T (1.6 TB
 2.5" U.2)","NVMe","ESXi 9.1"," "
"Solidigm Technology","Solidigm™ SSD D7-PS1030 Series SB5PH27E032T (3.2 TB
 2.5" U.2)","NVMe","ESXi 9.1"," "
"Solidigm Technology","Solidigm™ SSD D7-PS1030 Series SB5PH27E064T (6.4 TB
 2.5" U.2)","NVMe","ESXi 9.1"," "
"Solidigm Technology","Solidigm™ SSD D7-PS1030 Series SB5PH27E128T (12.8 TB
 2.5" U.2)","NVMe","ESXi 9.1"," "
"Solidigm Technology","Solidigm™ SSD D7-PS1010 Series SB5PHA27X019T (1.92 TB
 7.5mm E3.S)","NVMe","ESXi 9.1"," "
"Solidigm Technology","Solidigm™ SSD D7-PS1010 Series SB5PHA27X038T (3.84 TB
 7.5mm E3.S)","NVMe","ESXi 9.1"," "
"Solidigm Technology","Solidigm™ SSD D7-PS1010 Series SB5PHA27X076T (7.68 TB
 7.5mm E3.S)","NVMe","ESXi 9.1"," "
"Solidigm Technology","Solidigm™ SSD D7-PS1010 Series SB5PHA27X153T (15.36 TB
 7.5mm E3.S)","NVMe","ESXi 9.1"," "
"Solidigm Technology","Solidigm™ SSD D7-PS1030 Series SB5PHA27E016T (1.6 TB
 7.5mm E3.S)","NVMe","ESXi 9.1"," "
"Solidigm Technology","Solidigm™ SSD D7-PS1030 Series SB5PHA27E032T (3.2 TB
 7.5mm E3.S)","NVMe","ESXi 9.1"," "
"Solidigm Technology","Solidigm™ SSD D7-PS1030 Series SB5PHA27E064T (6.4 TB
 7.5mm E3.S)","NVMe","ESXi 9.1"," "
"Solidigm Technology","Solidigm™ SSD D7-PS1030 Series SB5PHA27E128T (12.8 TB
 7.5mm E3.S)","NVMe","ESXi 9.1"," "
"Solidigm Technology","Solidigm™ SSD D7-PS1010 Series SB5PH27X019TOP (1.92 TB
 2.5" U.2)","NVMe","ESXi 9.1"," "
"Solidigm Technology","Solidigm™ SSD D7-PS1010 Series SB5PH27X038TOP (3.84 TB
 2.5" U.2)","NVMe","ESXi 9.1"," "
"Solidigm Technology","Solidigm™ SSD D7-PS1010 Series SB5PH27X076TOP (7.68 TB
 2.5" U.2)","NVMe","ESXi 9.1"," "
"Solidigm Technology","Solidigm™ SSD D7-PS1010 Series SB5PH27X153TOP (15.36 TB
 2.5" U.2)","NVMe","ESXi 9.1"," "
"Solidigm Technology","Solidigm™ SSD D7-PS1010 Series SB5PHA7X019TOP (1.92 TB
 7.5mm E3.S)","NVMe","ESXi 9.1"," "
"Solidigm Technology","Solidigm™ SSD D7-PS1010 Series SB5PHA7X038TOP (3.84 TB
 7.5mm E3.S)","NVMe","ESXi 9.1"," "
"Solidigm Technology","Solidigm™ SSD D7-PS1030 Series SB5PHA7E016TOP (1.6 TB
 7.5mm E3.S)","NVMe","ESXi 9.1"," "
"Solidigm Technology","Solidigm™ SSD D7-PS1030 Series SB5PHA7E032TOP (3.2 TB
 7.5mm E3.S)","NVMe","ESXi 9.1"," "
"Solidigm Technology","Solidigm™ SSD D7-PS1030 Series SB5PHA7E064TOP (6.4 TB
 7.5mm E3.S)","NVMe","ESXi 9.1"," "
"Solidigm Technology","Solidigm™ SSD D7-PS1030 Series SB5PHA7E128TOP (12.8 TB
 7.5mm E3.S)","NVMe","ESXi 9.1"," "
"Solidigm Technology","Solidigm™ SSD D7-PS1010 Series SB5PHA7X076TOP (7.68 TB
 7.5mm E3.S)","NVMe","ESXi 9.1"," "
"Solidigm Technology","Solidigm™ SSD D7-PS1010 Series SB5PHA7X153TOP (15.36 TB
 7.5mm E3.S)","NVMe","ESXi 9.1"," "
"Solidigm Technology","Solidigm™ SSD D7-PS1030 Series SB5PH27E016TOP (1.6 TB
 2.5" U.2)","NVMe","ESXi 9.1"," "
"Solidigm Technology","Solidigm™ SSD D7-PS1030 Series SB5PH27E032TOP (3.2 TB
 2.5" U.2)","NVMe","ESXi 9.1"," "
"Solidigm Technology","Solidigm™ SSD D7-PS1030 Series SB5PH27E064TOP (6.4 TB
 2.5" U.2)","NVMe","ESXi 9.1"," "
"Solidigm Technology","Solidigm™ SSD D7-PS1030 Series SB5PH27E128TOP (12.8 TB
 2.5" U.2)","NVMe","ESXi 9.1"," "
"Solidigm Technology","Solidigm™ D5-P5336 SBFPF2BV012T (122.8 TB
 2.5" U.2)","NVMe","ESXi 9.1"," "
"Solidigm Technology","Solidigm™ D5-P5336 SBFPFWBV0P12 (122.8 TB
 E1.L)","NVMe","ESXi 9.1"," "
"Solidigm Technology","Solidigm™ D5-P5336 SBFPF2BV307TOF (30.72 TB
 2.5" U.2)","NVMe","ESXi 9.1"," "
"Solidigm Technology","Solidigm™ D5-P5336 SBFPF2BV614TOF (61.44 TB
 2.5" U.2)","NVMe","ESXi 9.1"," "
"Solidigm Technology","Solidigm™ D5-P5336 SBFPFWBV153T (15.36 TB
 E1.L)","NVMe","ESXi 9.1"," "
"Solidigm Technology","Solidigm™ D5-P5336 SBFPFWBV307T (30.72 TB
 E1.L)","NVMe","ESXi 9.1"," "
"Solidigm Technology","Solidigm™ D5-P5336 SBFPFWBV614T (61.44 TB
 E1.L)","NVMe","ESXi 9.1"," "
"Solidigm Technology","Solidigm™ D5-P5336 SBFPFWBV153TOF (15.36 TB
 E1.L)","NVMe","ESXi 9.1"," "
"Solidigm Technology","Solidigm™ D5-P5336 SBFPF2BV076TOP (7.68 TB
 2.5" U.2)","NVMe","ESXi 9.1"," "
"Solidigm Technology","Solidigm™ D5-P5336 SBFPF2BV153TOP (15.36 TB
 2.5" U.2)","NVMe","ESXi 9.1"," "
"Solidigm Technology","Solidigm™ D5-P5336 SBFPF2BV307TOP (30.72 TB
 2.5" U.2)","NVMe","ESXi 9.1"," "
"Solidigm Technology","Solidigm™ D5-P5336 SBFPF2BV614TOP (61.44 TB
 2.5" U.2)","NVMe","ESXi 9.1"," "
"Solidigm Technology","Solidigm™ D5-P5336 SBFPF2BV076TOF (7.68 TB
 2.5" U.2)","NVMe","ESXi 9.1"," "
"Solidigm Technology","Solidigm™ D5-P5336 SBFPF2BV153TOF (15.36 TB
 2.5" U.2)","NVMe","ESXi 9.1"," "
"Solidigm Technology","Solidigm™ D5-P5336 SBFPFABV153TOP (15.36 TB
 E3.S)","NVMe","ESXi 9.1"," "
"Solidigm Technology","Solidigm™ D5-P5336 SBFPFABV307TOP (30.72 TB
 E3.S)","NVMe","ESXi 9.1"," "
"Solidigm Technology","Solidigm™ D5-P5336 SBFPFABV076TOF (7.68 TB
 E3.S)","NVMe","ESXi 9.1"," "
"Solidigm Technology","Solidigm™ D5-P5336 SBFPFABV153TOF (15.36 TB
 E3.S)","NVMe","ESXi 9.1"," "
"Solidigm Technology","Solidigm™ D5-P5336 SBFPFABV307TOF (30.72 TB
 E3.S)","NVMe","ESXi 9.1"," "
"Solidigm Technology","Solidigm™ D5-P5336 SBFPFWBV307TOF (30.72 TB
 E1.L)","NVMe","ESXi 9.1"," "
"Solidigm Technology","Solidigm™ D5-P5336 SBFPFABV076T (7.68 TB
 E3.S)","NVMe","ESXi 9.1"," "
"Solidigm Technology","Solidigm™ D5-P5336 SBFPFWBV614TOF (61.44 TB
 E1.L)","NVMe","ESXi 9.1"," "
"Solidigm Technology","Solidigm™ D5-P5336 SBFPFABV153T (15.36 TB
 E3.S)","NVMe","ESXi 9.1"," "
"Solidigm Technology","Solidigm™ D5-P5336 SBFPFABV307T (30.72 TB
 E3.S)","NVMe","ESXi 9.1"," "
"Solidigm Technology","Solidigm™ D5-P5336 SBFPFABV076TOP (7.68 TB
 E3.S)","NVMe","ESXi 9.1"," "
"Solidigm Technology","Cisco SSD DC P5316 Series SSDPF2NV153T1O (15.36TB
 2.5" U.2
 PN: UCS-NVB15T3O1L)","NVMe","ESXi 9.1"," "
"Solidigm Technology","Solidigm™ D7-P5810 SSDPF2SQ032TZ (3.2 TB
 2.5" U.2)","NVMe","ESXi 9.1"," "
"Solidigm Technology","Solidigm™ D7-PS1010 SB5PHU7X038T (3.84 TB
 E1.S 9.5mm)","NVMe","ESXi 9.1"," "
"Solidigm Technology","Solidigm™ D7-PS1010 SB5PHU7X076T (7.68 TB
 E1.S 9.5mm)","NVMe","ESXi 9.1"," "
"Solidigm Technology","Solidigm™ D7-PS1010 SB5PHV7X038T (3.84 TB
 E1.S 15mm)","NVMe","ESXi 9.1"," "
"Solidigm Technology","Solidigm™ D7-PS1010 SB5PHV7X076T (7.68 TB
 E1.S 15mm)","NVMe","ESXi 9.1"," "
"Solidigm Technology","Solidigm™ D7-PS1010 SB5PHU7X038TOP (3.84 TB
 E1.S 9.5mm)","NVMe","ESXi 9.1"," "
"Solidigm Technology","Solidigm™ D7-PS1010 SB5PHU7X076TOP (7.68 TB
 E1.S 9.5mm)","NVMe","ESXi 9.1"," "
"Solidigm Technology","Solidigm™ D7-PS1010 SB5PHV7X038TOP (3.84 TB
 E1.S 15mm)","NVMe","ESXi 9.1"," "
"Solidigm Technology","Solidigm™ D7-PS1010 SB5PHV7X076TOP (7.68 TB
 E1.S 15mm)","NVMe","ESXi 9.1"," "
"Solidigm Technology","Solidigm™ SSD D5-P5316 Series SSDPFWNV307TZ (30.72TB
 E1.L)","NVMe","ESXi 9.1"," "
"Solidigm Technology","Solidigm™ SSD D5-P5316 Series SSDPFWNV307TZO (30.72TB
 E1.L)","NVMe","ESXi 9.1"," "
"Solidigm Technology","Solidigm™ SSD D5-P5316 Series SSDPF2NV307TZ (30.72TB
 2.5" U.2)","NVMe","ESXi 9.1"," "
"Solidigm Technology","Solidigm™ SSD D5-P5316 Series SSDPF2NV307TZO (30.72TB
 2.5" U.2)","NVMe","ESXi 9.1"," "
"Solidigm Technology","Solidigm™ SSD D5-P5316 Series SSDPF2NV153TZ (15.36TB
 2.5" U.2)","NVMe","ESXi 9.1"," "
"Solidigm Technology","Solidigm™ SSD D5-P5316 Series SSDPF2NV153TZO (15.36TB
 2.5" U.2)","NVMe","ESXi 9.1"," "
"Solidigm Technology","Solidigm™ SSD D5-P5316 Series SSDPFWNV153TZ (15.36TB
 E1.L)","NVMe","ESXi 9.1"," "
"Solidigm Technology","Solidigm™ SSD D5-P5316 Series SSDPFWNV153TZO (15.36TB
 E1.L)","NVMe","ESXi 9.1"," "
"Solidigm Technology","Solidigm™ D2-N200 SBFPF2GN160T (16 TB
 2.5" U.2)","NVMe","ESXi 9.1"," "
"Solidigm Technology","Solidigm™ D2-N200 SBFPF2GN160TOP (16 TB
 2.5" U.2)","NVMe","ESXi 9.1"," "
"Solidigm Technology","Solidigm™ D2-N200 SBFPF2GN160TOF (16 TB
 2.5" U.2)","NVMe","ESXi 9.1"," "
"Solidigm Technology","Solidigm™ D2-N200 SBFPF2GN320T (32 TB
 2.5" U.2)","NVMe","ESXi 9.1"," "
"Solidigm Technology","Solidigm™ D2-N200 SBFPF2GN320TOP (32 TB
 2.5" U.2)","NVMe","ESXi 9.1"," "
"Solidigm Technology","Solidigm™ D2-N200 SBFPF2GN320TOF (32 TB
 2.5" U.2)","NVMe","ESXi 9.1"," "
"Sonnet Technologies
Inc.","Twin10G 10GBASE-T PCIe Card","Network","ESXi 9.1"," "
"Sonnet Technologies
Inc.","Twin10G™ 10GBASE-T PCIe Card","Network","ESXi 9.1"," "
"Stratus Technologies","Micron 7450 MAX NVMe SSD","NVMe","ESXi 9.1"," "
"Supermicro Computer
Inc","AOC-ATG-b2TM","Network","ESXi 9.1"," "
"Supermicro Computer
Inc","SMC3108","SAS-RAID","ESXi 9.1"," "
"Supermicro Computer
Inc","SCC-A2NM2241G3-B1","NVMe","ESXi 9.1"," "
"Supermicro Computer
Inc","SMC3808 Tri-mode","SAS-SATA-NVME Tri-mode","ESXi 9.1"," "
"Supermicro Computer
Inc","ConnectX-4 Lx EN NIC; OCP; 25GbE; dual-port SFP28; (AOC-B25G-X4D)","Network","ESXi 9.1"," "
"Supermicro Computer
Inc","ConnectX-4 Lx EN NIC; OCP; 25GbE; dual-port SFP28; (AOC-B25G-6X4D)","Network","ESXi 9.1"," "
"Supermicro Computer
Inc","SMC_mLOM_MLXN_CON4_LX","Network","ESXi 9.1"," "
"Supermicro Computer
Inc","AOC-G25G-m2S","Network","ESXi 9.1"," "
"Supermicro Computer
Inc","AOC-S25G6-M2S","Network","ESXi 9.1"," "
"Supermicro Computer
Inc","SMC3816 Tri-mode","SAS-SATA-NVME Tri-mode","ESXi 9.1"," "
"Supermicro Computer
Inc","SMC3808 Tri-mode","SAS-SATA-NVME Tri-mode","ESXi 9.1"," "
"Supermicro Computer
Inc","AOC-MH25G-m2S2T-ConnectX-4 Dual SFP","Network","ESXi 9.1"," "
"Supermicro Computer
Inc","AOC-CGP-i2","Network","ESXi 9.1"," "
"Supermicro Computer
Inc","AOC-SGP-i2","Network","ESXi 9.1"," "
"Supermicro Computer
Inc","AOC-2UR68-i4G","Network","ESXi 9.1"," "
"Supermicro Computer
Inc","I350 Gigabit Network Connection","Network","ESXi 9.1"," "
"Supermicro Computer
Inc","AOC-UR-i4G","Network","ESXi 9.1"," "
"Supermicro Computer
Inc","AOC-MGP-i2","Network","ESXi 9.1"," "
"Supermicro Computer
Inc","AOC-MGP-i4","Network","ESXi 9.1"," "
"Supermicro Computer
Inc","AOC-SGP-i4","Network","ESXi 9.1"," "
"Supermicro Computer
Inc","AOC-URN2-i4GXS","Network","ESXi 9.1"," "
"Supermicro Computer
Inc","SMC3008","SAS","ESXi 9.1"," "
"Supermicro Computer
Inc","AOC-URN2-i4GXS","Network","ESXi 9.1"," "
"Supermicro Computer
Inc","AOC-MHIBF-m2Q2G","Network","ESXi 9.1"," "
"Supermicro Computer
Inc","AOC-MHIBF-m2Q2G","Network","ESXi 9.1"," "
"Supermicro Computer
Inc","AOC-MHIBF-m1Q2G","Network","ESXi 9.1"," "
"Supermicro Computer
Inc","AOC-MHIBF-m1Q2G","Network","ESXi 9.1"," "
"Supermicro Computer
Inc","AOC-MH25G-b2S2G","Network","ESXi 9.1"," "
"Supermicro Computer
Inc","AOC-MH25G-b2S2G","Network","ESXi 9.1"," "
"Supermicro Computer
Inc","AOC-2UR66-i4G","Network","ESXi 9.1"," "
"Supermicro Computer
Inc","SMC3408 SAS-RAID","SAS-RAID","ESXi 9.1"," "
"Supermicro Computer
Inc","SMC3408","SAS-SATA-NVME Tri-mode","ESXi 9.1"," "
"Supermicro Computer
Inc","Intel Ethernet Controller X710/X557-AT 10GBA SE-T","Network","ESXi 9.1"," "
"Supermicro Computer
Inc","AOC-UR-i4XTF","Network","ESXi 9.1"," "
"Supermicro Computer
Inc","AOC-URN2-i4GXS","Network","ESXi 9.1"," "
"Supermicro Computer
Inc","AOC-URN2-i4GXS","Network","ESXi 9.1"," "
"Supermicro Computer
Inc","AOC-URN2-i4GXS","Network","ESXi 9.1"," "
"Supermicro Computer
Inc","AOC-2UR66-i4XTF","Network","ESXi 9.1"," "
"Supermicro Computer
Inc","AOC-MTG-i4S","Network","ESXi 9.1"," "
"Supermicro Computer
Inc","AOC-MTG-i4S","Network","ESXi 9.1"," "
"Supermicro Computer
Inc","AOC-S40G-i1Q","Network","ESXi 9.1"," "
"Supermicro Computer
Inc","AOC-S40G-i1Q","Network","ESXi 9.1"," "
"Supermicro Computer
Inc","AOC-S40G-i2Q","Network","ESXi 9.1"," "
"Supermicro Computer
Inc","AOC-S40G-i2Q","Network","ESXi 9.1"," "
"Supermicro Computer
Inc","AOC-STGF-i2S","Network","ESXi 9.1"," "
"Supermicro Computer
Inc","AOC-STGF-i2S","Network","ESXi 9.1"," "
"Supermicro Computer
Inc","AOC-STG-i4S","Network","ESXi 9.1"," "
"Supermicro Computer
Inc","AOC-STG-i4T","Network","ESXi 9.1"," "
"Supermicro Computer
Inc","SMC4116L","SAS-SATA-NVME Tri-mode RAID","ESXi 9.1"," "
"Supermicro Computer
Inc","AOM-S3808NI-4NM","SAS-SATA-NVME Tri-mode","ESXi 9.1"," "
"Supermicro Computer
Inc","AOC-SMG4-2M2","SAS-SATA-NVME Tri-mode","ESXi 9.1"," "
"Supermicro Computer
Inc","AOC-STG-I2T","Network","ESXi 9.1"," "
"Supermicro Computer
Inc","AOC-AH25G-M2S2TM (MLX ConnectX-4)","Network","ESXi 9.1"," "
"Supermicro Computer
Inc","AOC-S400G-B1C","Network","ESXi 9.1"," "
"Supermicro Computer
Inc","AOC-MTG-I4TM","Network","ESXi 9.1"," "
"Supermicro Computer
Inc","AOC-S200G-B2C","Network","ESXi 9.1"," "
"Supermicro Computer
Inc","AOC-SMG3-2M2-B","NVMe","ESXi 9.1"," "
"Supermicro Computer
Inc","AOC-A400G-B1CM","Network","ESXi 9.1"," "
"Supermicro Computer
Inc","AOC-A200G-B2CM","Network","ESXi 9.1"," "
"Supermicro Computer
Inc","AOC-A25G-i4SM/G","Network","ESXi 9.1"," "
"Supermicro Computer
Inc","SMC3908","SAS-RAID","ESXi 9.1"," "
"Supermicro Computer
Inc","SMC3808","SAS","ESXi 9.1"," "
"Supermicro Computer
Inc","SCC-A2NM2241GH-B1","NVMe","ESXi 9.1"," "
"Supermicro Computer
Inc","AOC-ATG-i2S (AOC-ATG-i2SM)","Network","ESXi 9.1"," "
"Supermicro Computer
Inc","AOC-ATG-i2T2SM","Network","ESXi 9.1"," "
"Supermicro Computer
Inc","AOC-AH25G-m2S2TM (INT X550)","Network","ESXi 9.1"," "
"Supermicro Computer
Inc","AOC-MTGN-I2S","Network","ESXi 9.1","Restricted"
"Supermicro Computer
Inc","AOC-STGN-i2SF","Network","ESXi 9.1","Restricted"
"Supermicro Computer
Inc","AOC-URN2-I2XS","Network","ESXi 9.1","Restricted"
"Supermicro Computer
Inc","AOC-2UR68-i2XS","Network","ESXi 9.1","Restricted"
"Supermicro Computer
Inc","AOC-2UR68-i2XS","Network","ESXi 9.1","Restricted"
"Supermicro Computer
Inc","AOC-CTG-I2S","Network","ESXi 9.1","Restricted"
"Supermicro Computer
Inc","SMC3916","SAS-RAID","ESXi 9.1"," "
"Supermicro Computer
Inc","AOC-4UR66-i4XTF","Network","ESXi 9.1"," "
"Supermicro Computer
Inc","AOC-M25G-i2S","Network","ESXi 9.1"," "
"Supermicro Computer
Inc","AOC-S25G-i2S","Network","ESXi 9.1"," "
"Supermicro Computer
Inc","AOC-URN4-i2TS","Network","ESXi 9.1"," "
"Supermicro Computer
Inc","AOC-SMG3-2M2-U","NVMe","ESXi 9.1"," "
"Supermicro Computer
Inc","AOC-A100GT2-B2CM","Network","ESXi 9.1"," "
"Supermicro Computer
Inc","AOC-S100GT2-B2C","Network","ESXi 9.1"," "
"Supermicro Computer
Inc","SMC3816","SAS","ESXi 9.1"," "
"Supermicro Computer
Inc","AOC-SLG2-2TM2","SATA","ESXi 9.1"," "
"Supermicro Computer
Inc","SMC3108 w/ JBOD","SAS","ESXi 9.1"," "
"Supermicro Computer
Inc","AOC-ATG-i2T (AOC-ATG-i2TM
 AOC-ATG-i2TB)","Network","ESXi 9.1"," "
"Supermicro Computer
Inc","AOC-ATG-i4S (AOC-ATG-i4SM)","Network","ESXi 9.1"," "
"Supermicro Computer
Inc","AOC-ATGC-i2TM","Network","ESXi 9.1"," "
"Supermicro Computer
Inc","AOC-AG-i2(AOC-AG-i2M)","Network","ESXi 9.1"," "
"Supermicro Computer
Inc","AOC-A100G-m2CM","Network","ESXi 9.1"," "
"Supermicro Computer
Inc","AOC-AG-i4 (AOC-AG-i4M)","Network","ESXi 9.1"," "
"Supermicro Computer
Inc","AOC-AG-i4S (AOC-AG-i4SM)","Network","ESXi 9.1"," "
"Supermicro Computer
Inc","AOC-AG-i8","Network","ESXi 9.1"," "
"Supermicro Computer
Inc","AOC-SMG2-2TM2","SATA","ESXi 9.1"," "
"Supermicro Computer
Inc","AOC-S100GC-i2C","Network","ESXi 9.1"," "
"Supermicro Computer
Inc","AOC-UM2R-8+-NI22","SATA","ESXi 9.1"," "
"Supermicro Computer
Inc","AOC-S25GC-i4S","Network","ESXi 9.1"," "
"Supermicro Computer
Inc","SMC3808","SAS","ESXi 9.1"," "
"Supermicro Computer
Inc","SMC3808","SAS","ESXi 9.1"," "
"Supermicro Computer
Inc","SMC3808","SAS","ESXi 9.1"," "
"Supermicro Computer
Inc","SMC3808","SAS","ESXi 9.1"," "
"Supermicro Computer
Inc","AOC-S25GC-i2S","Network","ESXi 9.1"," "
"Supermicro Computer
Inc","AOC-A25G-i2SM","Network","ESXi 9.1"," "
"Supermicro Computer
Inc","AOC-UR-i4XT","Network","ESXi 9.1"," "
"Supermicro Computer
Inc","AOC-UR-i2XT","Network","ESXi 9.1"," "
"Supermicro Computer
Inc","AOC-2UR6-i4XT","Network","ESXi 9.1"," "
"Supermicro Computer
Inc","AOC-ATG-i2T2SM","Network","ESXi 9.1"," "
"Supermicro Computer
Inc","AOC-ATG-i2T2SM","Network","ESXi 9.1"," "
"Supermicro Computer
Inc","AOC-2UR68-i2XT","Network","ESXi 9.1"," "
"Supermicro Computer
Inc","AOC-2UR68G4-I4XTS","Network","ESXi 9.1"," "
"Supermicro Computer
Inc","AOC-URG4N4-i4XTS (SFP+ ports only)","Network","ESXi 9.1"," "
"Supermicro Computer
Inc","AOC-URN2-i4XT","Network","ESXi 9.1"," "
"Supermicro Computer
Inc","AOC-MTG-i2T2S","Network","ESXi 9.1"," "
"Supermicro Computer
Inc","AOC-URN2-i2XT","Network","ESXi 9.1"," "
"Supermicro Computer
Inc","AOC-2URN4-i4XT","Network","ESXi 9.1"," "
"Supermicro Computer
Inc","AOC-2UR8N4-i2XT","Network","ESXi 9.1"," "
"Supermicro Computer
Inc","AOC-CTG-I2T","Network","ESXi 9.1"," "
"Supermicro Computer
Inc","AOC-URN6-i2XT","Network","ESXi 9.1"," "
"Supermicro Computer
Inc","AOC-A25G-m2SM","Network","ESXi 9.1"," "
"Supermicro Computer
Inc","SMC3216","SAS","ESXi 9.1"," "
"Supermicro Computer
Inc","AOC-A100G-b2CM (AOC-A100G-b2CG
 AOC-A200G-b1C)","Network","ESXi 9.1"," "
"Supermicro Computer
Inc","BPN-6S3008N3-MV2-NI22","SATA","ESXi 9.1"," "
"Supermicro Computer
Inc","AOC-STGS-i2T","Network","ESXi 9.1"," "
"Supermicro Computer
Inc","AOC-STGS-i1T","Network","ESXi 9.1"," "
"Supermicro Computer
Inc","AOC-MTG-i2T","Network","ESXi 9.1"," "
"Supermicro Computer
Inc","AOC-MH25G-M2S2T","Network","ESXi 9.1"," "
"Supermicro Computer
Inc","AOC-URG4N4-m2TS","Network","ESXi 9.1"," "
"Supermicro Computer
Inc","AOC-2UR68G4-m2TS","Network","ESXi 9.1"," "
"Supermicro Computer
Inc","AOC-MTG-i2T2S","Network","ESXi 9.1"," "
"Supermicro Computer
Inc","AOC-URG4N4-i2XT","Network","ESXi 9.1"," "
"Supermicro Computer
Inc","AOC-URG4N4-i4XTS (RJ45 ports only)","Network","ESXi 9.1"," "
"Supermicro Computer
Inc","ConnectX-4 Lx EN dual-port 25Gbps NIC; Dual SFP28 connectors (AOC-S25G-m2S)","Network","ESXi 9.1"," "
"Supermicro Computer
Inc","AOC-SLG2-2TM2-T","SATA","ESXi 9.1"," "
"Supermicro Computer
Inc","ConnectX-4 Lx EN NIC; 2-port 25GbE SFP28 (AOC-2UR68-m2TS)","Network","ESXi 9.1"," "
"Supermicro Computer
Inc","AOC-S25G-b2S","Network","ESXi 9.1"," "
"Supermicro Computer
Inc","AOC-MH25G-b2S2G","Network","ESXi 9.1"," "
"Supermicro Computer
Inc","AOC-2UR68-b2TS","Network","ESXi 9.1"," "
"Supermicro Computer
Inc","ConnectX-4 LX NIC; Quad Port 25G (AOC-M25G-m4S)","Network","ESXi 9.1"," "
"Supermicro Computer
Inc","AOC-A25G-b2S","Network","ESXi 9.1"," "
"Supermicro Computer
Inc","AOC-URN4-b2TS","Network","ESXi 9.1"," "
"Supermicro Computer
Inc","AOC-MTG-b2T","Network","ESXi 9.1"," "
"Supermicro Computer
Inc","AOC-STG-b2T","Network","ESXi 9.1"," "
"Supermicro Computer
Inc","ConnectX-4 Lx EN controller NIC; Single SFP28 connector up to 25Gbps per port (AOC-C25G-m1S)","Network","ESXi 9.1"," "
"Supermicro Computer
Inc","AOC-URN4-b2XT","Network","ESXi 9.1"," "
"Supermicro Computer
Inc","AOC-S100G-b2C (AOC-S200G-b1C)","Network","ESXi 9.1"," "
"Supermicro Computer
Inc","ConnectX-4 Lx EN NIC; 2-port 25GbE SFP28 (AOC-URN4-m2TS)","Network","ESXi 9.1"," "
"Supermicro Computer
Inc","ConnectX-4 Lx EN 25GbE NIC; Dual SFPConnectors (AOC-MH25G-m2S2T)","Network","ESXi 9.1"," "
"Swissbit","N-30","NVMe","ESXi 9.1"," "
"Tyan Computer","M7076-3008-8i","SAS","ESXi 9.1"," "
"Union Memory","UH711a UP2A61T9SD004LX","NVMe","ESXi 9.1"," "
"Union Memory","UH711a UP2A67T6SD004LX","NVMe","ESXi 9.1"," "
"Union Memory","UH811a RP2021T9RK004LX","NVMe","ESXi 9.1"," "
"Union Memory","UH811a RP2027T6RK004LX","NVMe","ESXi 9.1"," "
"Union Memory","UH831a RP2021T6RK004VX","NVMe","ESXi 9.1"," "
"Union Memory","UH831a RP2023T2RK004VX","NVMe","ESXi 9.1"," "
"Union Memory","UH831a RP2026T4RK004VX","NVMe","ESXi 9.1"," "
"Union Memory","UH810a RP2001T9RK004LX","NVMe","ESXi 9.1"," "
"Union Memory","UH810a RP2003T8RK004LX","NVMe","ESXi 9.1"," "
"Union Memory","UH810a RP2017T6RK004LX","NVMe","ESXi 9.1"," "
"Union Memory","UH830a RP2001T6RK004VX","NVMe","ESXi 9.1"," "
"Union Memory","UH830a RP2013T2RK004VX","NVMe","ESXi 9.1"," "
"Union Memory","UH830a RP2006T4RK004VX","NVMe","ESXi 9.1"," "
"Union Memory","Union Memory UH812a UP2091T9HK015LX","NVMe","ESXi 9.1"," "
"Union Memory","Union Memory UH712a UP2091T9SK015LX","NVMe","ESXi 9.1"," "
"Union Memory","Union Memory UH832a UP2091T6HK015VX","NVMe","ESXi 9.1"," "
"Union Memory","Union Memory UH812a UP2093T8HK015LX","NVMe","ESXi 9.1"," "
"Union Memory","Union Memory UH812a UP2097T6HK015LX","NVMe","ESXi 9.1"," "
"Union Memory","Union Memory UH812a UP20915THK015LX","NVMe","ESXi 9.1"," "
"Union Memory","Union Memory UH712a UP2093T8SK015LX","NVMe","ESXi 9.1"," "
"Union Memory","Union Memory UH712a UP2097T6SK015LX","NVMe","ESXi 9.1"," "
"Union Memory","Union Memory UH712a UP20915TSK015LX","NVMe","ESXi 9.1"," "
"Union Memory","Union Memory UH832a UP2093T2HK015VX","NVMe","ESXi 9.1"," "
"Union Memory","Union Memory UH832a UP2096T4HK015VX","NVMe","ESXi 9.1"," "
"Union Memory","Union Memory UH832a UP20912THK015VX","NVMe","ESXi 9.1"," "
"Union Memory","UMIS UH713a UP20C7T6HD005LX","NVMe","ESXi 9.1"," "
"Union Memory","UMIS UH832c UP20A1T6HK015VX","NVMe","ESXi 9.1"," "
"Union Memory","UMIS UH812c UP20A1T9HK015LX","NVMe","ESXi 9.1"," "
"Union Memory","UMIS UH713a UP20B1T9HD065LX","NVMe","ESXi 9.1"," "
"Union Memory","UMIS UH713a UP20B3T8HD065LX","NVMe","ESXi 9.1"," "
"Union Memory","UMIS UH713a UP20C15THD005LX","NVMe","ESXi 9.1"," "
"Union Memory","UMIS UH733a UP20B1T6HD065VX","NVMe","ESXi 9.1"," "
"Union Memory","UMIS UH733a UP20B3T2HD065VX","NVMe","ESXi 9.1"," "
"Union Memory","UMIS UH733a UP20C6T4HD005VX","NVMe","ESXi 9.1"," "
"Union Memory","UMIS UH733a UP20C12THD005VX","NVMe","ESXi 9.1"," "
"Union Memory","UMIS UH812c UP20A3T8HK015LX","NVMe","ESXi 9.1"," "
"Union Memory","UMIS UH812c UP20A7T6HK045LX","NVMe","ESXi 9.1"," "
"Union Memory","UMIS UH812c UP20A15THK045LX","NVMe","ESXi 9.1"," "
"Union Memory","UMIS UH812c UPC0A7T6HK045LX","NVMe","ESXi 9.1"," "
"Union Memory","UMIS UH812c UPC0A15THK045LX","NVMe","ESXi 9.1"," "
"Union Memory","UMIS UH832c UP20A3T2HK015VX","NVMe","ESXi 9.1"," "
"Union Memory","UMIS UH832c UP20A6T4HK045VX","NVMe","ESXi 9.1"," "
"Union Memory","UMIS UH832c UP20A12THK045VX","NVMe","ESXi 9.1"," "
"Union Memory","UMIS UH832c UPC0A6T4HK045VX","NVMe","ESXi 9.1"," "
"Union Memory","UMIS UH832c UPC0A12THK045VX","NVMe","ESXi 9.1"," "
"Union Memory","UH811a RP2023T8RK004LX","NVMe","ESXi 9.1"," "
"Union Memory","UH711a UP2A63T8SD004LX","NVMe","ESXi 9.1"," "
"VMware","test-iovp","Network","ESXi 9.1"," "
"VMware","VMware NIC-test1","Network","ESXi 9.1"," "
"VMware","iovp_test1","NVMe","ESXi 9.1"," "
"VMware","VMware 82599 RoCE","Network","ESXi 9.1"," "
"Western Digital Technologies
Inc.","Ultrastar DC SN655 15360 GB WUS5EA1A1ESP7E7","NVMe","ESXi 9.1"," "
"Western Digital Technologies
Inc.","UltraStar DC SN655 7680 GB WUS5EA176ESP7E7","NVMe","ESXi 9.1"," "
"Western Digital Technologies
Inc.","SN655 WUS5EA138ESP7E7 3.84TB","NVMe","ESXi 9.1"," "
"Western Digital Technologies
Inc.","SN655 NETAPPX4013WCOFB7T6NTF 7.68TB","NVMe","ESXi 9.1"," "
"Western Digital Technologies
Inc.","SN655 NETAPPX4014WCOFB15TNTE 15.36TB","NVMe","ESXi 9.1"," "
"Western Digital Technologies
Inc.","WUS3CA180C7P3E3","NVMe","ESXi 9.1"," "
"Western Digital Technologies
Inc.","WUS3CA116C7P3E3","NVMe","ESXi 9.1"," "
"xFusion Digital Technologies Co.
Ltd","XR370-M-8i","SAS/SATA-RAID","ESXi 9.1"," "
"xFusion Digital Technologies Co.
Ltd","XC370-M-8i","SAS/SATA-RAID","ESXi 9.1"," "
"xFusion Digital Technologies Co.
Ltd","XR370-M-16i","SAS/SATA-RAID","ESXi 9.1"," "
"xFusion Digital Technologies Co.
Ltd","XC370-M-16i","SAS/SATA-RAID","ESXi 9.1"," "
"xFusion Digital Technologies Co.
Ltd","XR170-M-8i","SAS/SATA-RAID","ESXi 9.1"," "
"xFusion Digital Technologies Co.
Ltd","XC170-M-8i","SAS/SATA-RAID","ESXi 9.1"," "
"xFusion Digital Technologies Co.
Ltd","XR170-M-16i","SAS/SATA-RAID","ESXi 9.1"," "
"xFusion Digital Technologies Co.
Ltd","XC170-M-16i","SAS/SATA-RAID","ESXi 9.1"," "
"xFusion Digital Technologies Co.
Ltd","XFSP4153T80000N","NVMe","ESXi 9.1"," "
"xFusion Digital Technologies Co.
Ltd","XFSP4163T20000N","NVMe","ESXi 9.1"," "
"xFusion Digital Technologies Co.
Ltd","XFSP4157T60000N","NVMe","ESXi 9.1"," "
"xFusion Digital Technologies Co.
Ltd","XFSP4166T40000N","NVMe","ESXi 9.1"," "
"xFusion Digital Technologies Co.
Ltd","XC383","Network","ESXi 9.1"," "
"xFusion Digital Technologies Co.
Ltd","XP460C-M","SAS/SATA-RAID","ESXi 9.1"," "
"xFusion Digital Technologies Co.
Ltd","XR470C-M-8i","SAS-SATA-NVME Tri-mode","ESXi 9.1"," "
"xFusion Digital Technologies Co.
Ltd","XU470C-M-8i","SAS-SATA-NVME Tri-mode","ESXi 9.1"," "
"xFusion Digital Technologies Co.
Ltd","XR470C-M-16i","SAS-SATA-NVME Tri-mode","ESXi 9.1"," "
"xFusion Digital Technologies Co.
Ltd","XC331","Network","ESXi 9.1"," "
"xFusion Digital Technologies Co.
Ltd","XC386","Network","ESXi 9.1"," "
"xFusion Digital Technologies Co.
Ltd","XC333","Network","ESXi 9.1"," "
"xFusion Digital Technologies Co.
Ltd","XC470C-M-8i","SAS-SATA-NVME Tri-mode","ESXi 9.1"," "
"xFusion Digital Technologies Co.
Ltd","XC470C-M-16i","SAS-SATA-NVME Tri-mode","ESXi 9.1"," "
"xFusion Digital Technologies Co.
Ltd","XR450C-M JBOD Mode","SAS/SATA-RAID","ESXi 9.1"," "
"xFusion Digital Technologies Co.
Ltd","XP450C-M JBOD Mode","SAS/SATA-RAID","ESXi 9.1"," "
"xFusion Digital Technologies Co.
Ltd","XR450C-MX JBOD Mode","SAS/SATA-RAID","ESXi 9.1"," "
"xFusion Digital Technologies Co.
Ltd","XP460C-M JBOD Mode","SAS/SATA-RAID","ESXi 9.1"," "
"xFusion Digital Technologies Co.
Ltd","XP270-M2","SAS/SATA-RAID","ESXi 9.1"," "
"xFusion Digital Technologies Co.
Ltd","XC470C-M-8i","SAS/SATA-RAID","ESXi 9.1"," "
"xFusion Digital Technologies Co.
Ltd","XR470C-M-8i","SAS/SATA-RAID","ESXi 9.1"," "
"xFusion Digital Technologies Co.
Ltd","XU470C-M-8i","SAS/SATA-RAID","ESXi 9.1"," "
"xFusion Digital Technologies Co.
Ltd","XC470C-M-16i","SAS/SATA-RAID","ESXi 9.1"," "
"xFusion Digital Technologies Co.
Ltd","XR470C-M-16i","SAS/SATA-RAID","ESXi 9.1"," "
"xFusion Digital Technologies Co.
Ltd","XP330","Network","ESXi 9.1"," "
"xFusion Digital Technologies Co.
Ltd","XP210","Network","ESXi 9.1"," "
"xFusion Digital Technologies Co.
Ltd","XP212","Network","ESXi 9.1"," "
"xFusion Digital Technologies Co.
Ltd","XC310","Network","ESXi 9.1"," "
"xFusion Digital Technologies Co.
Ltd","XP332","Network","ESXi 9.1"," "
"xFusion Digital Technologies Co.
Ltd","XP380","Network","ESXi 9.1"," "
"xFusion Digital Technologies Co.
Ltd","XP382","Network","ESXi 9.1"," "
"xFusion Digital Technologies Co.
Ltd","XC382","Network","ESXi 9.1"," "
"xFusion Digital Technologies Co.
Ltd","XFSP4151T90000N","NVMe","ESXi 9.1"," "
"xFusion Digital Technologies Co.
Ltd","XFSP4161T60000N","NVMe","ESXi 9.1"," "
"xFusion Digital Technologies Co.
Ltd","XP150IT-M","SAS/SATA-RAID","ESXi 9.1"," "
"xFusion Digital Technologies Co.
Ltd","XR760IT-M","SAS/SATA-RAID","ESXi 9.1"," "
"xFusion Digital Technologies Co.
Ltd","XR450C-M","SAS/SATA-RAID","ESXi 9.1"," "
"xFusion Digital Technologies Co.
Ltd","XP450C-M","SAS/SATA-RAID","ESXi 9.1"," "
"xFusion Digital Technologies Co.
Ltd","XR450C-MX","SAS/SATA-RAID","ESXi 9.1"," "
"xFusion Digital Technologies Co.
Ltd","XR150-M","SAS/SATA-RAID","ESXi 9.1"," "
"xFusion Digital Technologies Co.
Ltd","XP150-M","SAS/SATA-RAID","ESXi 9.1"," "
"xFusion Digital Technologies Co.
Ltd","XR760-M","SAS/SATA-RAID","ESXi 9.1"," "
"xFusion Digital Technologies Co.
Ltd","XR230-M","SAS-RAID","ESXi 9.1"," "
"xFusion Digital Technologies Co.
Ltd","iBMA Virtual Network Controller","Network","ESXi 9.1"," "
"Yangtze Memory Technologies Co.
Ltd","YMTC YMES3XJ16B78HE","NVMe","ESXi 9.1"," "
"Yangtze Memory Technologies Co.
Ltd","YMTC YMES3XJ11B78ME","NVMe","ESXi 9.1"," "
"Yangtze Memory Technologies Co.
Ltd","YMTC YMES3XJ12B78ME","NVMe","ESXi 9.1"," "
"Yangtze Memory Technologies Co.
Ltd","YMTC YMES3XJ17B78ME","NVMe","ESXi 9.1"," "
"Yangtze Memory Technologies Co.
Ltd","YMTC YMES3XJ14B78HE","NVMe","ESXi 9.1"," "
"Yangtze Memory Technologies Co.
Ltd","YMTC YMES3XJ15B78HE","NVMe","ESXi 9.1"," "
"ZTE Corporation","ZTE SmartIOC2200 RM346-16i","SAS-SATA-NVME Tri-mode RAID","ESXi 9.1"," "
"ZTE Corporation","ZTE SmartIOC2200 RS346-16i","SAS-SATA-NVME Tri-mode RAID","ESXi 9.1"," "
"ZTE Corporation","ZTE SmartROC3200 RM344-16i 4G","SAS-SATA-NVME Tri-mode RAID","ESXi 9.1"," "
"ZTE Corporation","ZTE SmartROC3200 RM345-16i 8G","SAS-SATA-NVME Tri-mode RAID","ESXi 9.1"," "
"ZTE Corporation","ZTE SmartROC3200 RS344-16i 4G","SAS-SATA-NVME Tri-mode RAID","ESXi 9.1"," "
"ZTE Corporation","ZTE SmartROC3200 RS345-16i 8G","SAS-SATA-NVME Tri-mode RAID","ESXi 9.1"," "
"ZTE Corporation","ConnectX-4 Lx EN NIC;25GbE; dual-port SFP28(NS312)","Network","ESXi 9.1"," "
"ZTE Corporation","ConnectX-4 Lx EN NIC;10GbE; dual-port SFP+(NS212)","Network","ESXi 9.1"," "
"ZTE Corporation","NO127","Network","ESXi 9.1"," "
"ZTE Corporation","NO127D","Network","ESXi 9.1"," "
"ZTE Corporation","ZTE SmartIOC2100 RS233-8i","SAS","ESXi 9.1"," "
"ZTE Corporation","ZTE SmartROC3100 RS231-8i 2G","SAS","ESXi 9.1"," "
"ZTE Corporation","ZTE SmartROC3100 RS232-8i 4G","SAS","ESXi 9.1"," "
"ZTE Corporation","ZTE SmartIOC2100 SDPSA/B_I-18i","SAS","ESXi 9.1"," "
"ZTE Corporation","ZTE SmartIOC2100  RM243-18i","SAS","ESXi 9.1"," "
"ZTE Corporation","ZTE SmartROC3100 SDPSA/B-18i 4G","SAS","ESXi 9.1"," "
"ZTE Corporation","ZTE SmartROC3100 SDPSA/B_L-18i 2G","SAS","ESXi 9.1"," "
"ZTE Corporation","ZTE SmartROC3100 RM241-18i 2G","SAS","ESXi 9.1"," "
"ZTE Corporation","ZTE SmartROC3100 RM242-18i 4G","SAS","ESXi 9.1"," "
"ZTE Corporation","ZTE SmartIOC2100 RS243-18i","SAS","ESXi 9.1"," "
"ZTE Corporation","ZTE SmartIOC2100 RM243B-18i","SAS","ESXi 9.1"," "
"ZTE Corporation","ZTE SmartROC3100 RS241-18i 2G","SAS","ESXi 9.1"," "
"ZTE Corporation","ZTE SmartROC3100 RS242-18i 4G","SAS","ESXi 9.1"," "
"ZTE Corporation","ZTE SmartROC3100 RM241B-18i 2G","SAS","ESXi 9.1"," "
"ZTE Corporation","ZTE SmartROC3100 RM242B-18i 4G","SAS","ESXi 9.1"," "